2026-03-21 21:28:24 - DataLeakageDetector - INFO - DataLeakageDetector初始化完成
2026-03-21 21:28:24 - DetectorRegistry - INFO - 已注册检测器: DATALEAKAGE
2026-03-21 21:28:24 - MissingEvaluationDetector - INFO - MissingEvaluationDetector初始化完成
2026-03-21 21:28:24 - DetectorRegistry - INFO - 已注册检测器: MISSINGEVALUATION
2026-03-21 21:28:24 - ModuleOrderViolationDetector - INFO - ModuleOrderViolationDetector初始化完成
2026-03-21 21:28:24 - DetectorRegistry - INFO - 已注册检测器: MODULEORDERVIOLATION
2026-03-21 21:28:24 - RepeatedTransformDetector - INFO - RepeatedTransformDetector初始化完成
2026-03-21 21:28:24 - DetectorRegistry - INFO - 已注册检测器: REPEATEDTRANSFORM
2026-03-21 21:28:24 - ExcessiveCopyDetector - INFO - ExcessiveCopyDetector初始化完成
2026-03-21 21:28:24 - DetectorRegistry - INFO - 已注册检测器: EXCESSIVECOPY
2026-03-21 21:28:24 - RedundantOperationDetector - INFO - RedundantOperationDetector初始化完成
2026-03-21 21:28:24 - DetectorRegistry - INFO - 已注册检测器: REDUNDANTOPERATION
2026-03-21 21:28:24 - MissingRandomSeedDetector - INFO - MissingRandomSeedDetector初始化完成
2026-03-21 21:28:24 - DetectorRegistry - INFO - 已注册检测器: MISSINGRANDOMSEED
2026-03-21 21:28:24 - MissingValidationDetector - INFO - MissingValidationDetector初始化完成
2026-03-21 21:28:24 - DetectorRegistry - INFO - 已注册检测器: MISSINGVALIDATION
2026-03-21 21:28:24 - MissingDataProfilingDetector - INFO - MissingDataProfilingDetector初始化完成
2026-03-21 21:28:24 - DetectorRegistry - INFO - 已注册检测器: MISSINGDATAPROFILING
2026-03-21 21:28:24 - DetectorRegistry - INFO - 已注册检测器: INEFFICIENTAGGREGATION
2026-03-21 21:28:24 - DetectorRegistry - INFO - 已注册检测器: UNNECESSARYMATERIALIZATION
2026-03-21 21:28:24 - DetectorRegistry - INFO - 已注册检测器: LARGEDATAFRAMEOPERATION
2026-03-21 21:28:24 - DetectorRegistry - INFO - 已注册检测器: CIRCULARDEPENDENCY
2026-03-21 21:28:24 - DetectorRegistry - INFO - 已注册检测器: IMPROPERMODULECOHESION
2026-03-21 21:28:24 - DetectorRegistry - INFO - 已注册检测器: PIPELINEFRAGMENTATION
2026-03-21 21:28:24 - DetectorRegistry - INFO - 已注册检测器: HARDCODEDPARAMETERS
2026-03-21 21:28:24 - DetectorRegistry - INFO - 已注册检测器: LACKOFVERSIONCONTROL
2026-03-21 21:28:24 - DetectorRegistry - INFO - 已注册检测器: NONDETERMINISTICORDER
2026-03-21 21:28:24 - DetectorRegistry - INFO - 开始检测Pipeline: example_pipeline.py
2026-03-21 21:28:24 - DetectorRegistry - INFO - 使用 18 个检测器
2026-03-21 21:28:24 - DetectorRegistry - ERROR - 检测器 DATALEAKAGE 执行失败: DataLeakageDetector.detect() missing 1 required positional argument: 'module_sequence'
2026-03-21 21:28:24 - DetectorRegistry - ERROR - 检测器 MISSINGEVALUATION 执行失败: MissingEvaluationDetector.detect() missing 1 required positional argument: 'module_sequence'
2026-03-21 21:28:24 - DetectorRegistry - ERROR - 检测器 MODULEORDERVIOLATION 执行失败: ModuleOrderViolationDetector.detect() missing 1 required positional argument: 'module_sequence'
2026-03-21 21:28:24 - DetectorRegistry - ERROR - 检测器 REPEATEDTRANSFORM 执行失败: RepeatedTransformDetector.detect() missing 1 required positional argument: 'module_sequence'
2026-03-21 21:28:24 - DetectorRegistry - ERROR - 检测器 EXCESSIVECOPY 执行失败: ExcessiveCopyDetector.detect() missing 1 required positional argument: 'module_sequence'
2026-03-21 21:28:24 - DetectorRegistry - ERROR - 检测器 REDUNDANTOPERATION 执行失败: RedundantOperationDetector.detect() missing 1 required positional argument: 'module_sequence'
2026-03-21 21:28:24 - DetectorRegistry - ERROR - 检测器 MISSINGRANDOMSEED 执行失败: MissingRandomSeedDetector.detect() missing 1 required positional argument: 'module_sequence'
2026-03-21 21:28:24 - DetectorRegistry - ERROR - 检测器 MISSINGVALIDATION 执行失败: MissingValidationDetector.detect() missing 1 required positional argument: 'module_sequence'
2026-03-21 21:28:24 - DetectorRegistry - ERROR - 检测器 MISSINGDATAPROFILING 执行失败: MissingDataProfilingDetector.detect() missing 1 required positional argument: 'module_sequence'
2026-03-21 21:28:24 - DetectorRegistry - ERROR - 检测器 UNNECESSARYMATERIALIZATION 执行失败: 'OperationType' object has no attribute 'lower'
2026-03-21 21:28:24 - DetectorRegistry - ERROR - 检测器 CIRCULARDEPENDENCY 执行失败: 'PipelineGraph' object has no attribute 'get_module_sequence'
2026-03-21 21:28:24 - DetectorRegistry - ERROR - 检测器 IMPROPERMODULECOHESION 执行失败: 'PipelineNode' object has no attribute 'module_type'
2026-03-21 21:28:24 - DetectorRegistry - ERROR - 检测器 PIPELINEFRAGMENTATION 执行失败: 'PipelineNode' object has no attribute 'module_type'
2026-03-21 21:28:24 - DetectorRegistry - ERROR - 检测器 HARDCODEDPARAMETERS 执行失败: 'PipelineGraph' object has no attribute 'get_file_content'
2026-03-21 21:28:24 - DetectorRegistry - INFO - 检测完成，共找到 0 个Smell，耗时 23.37ms
2026-03-22 13:56:33 - DetectorRegistry - ERROR - 注册默认检测器失败: cannot import name 'LARGE_DATA_FRAME_OPERATION' from 'src.smells.taxonomy' (D:\PipeSmell\src\smells\taxonomy.py)
2026-03-22 13:56:33 - DetectorRegistry - INFO - 开始检测Pipeline: test_detector.py
2026-03-22 13:56:33 - DetectorRegistry - INFO - 使用 0 个检测器
2026-03-22 13:56:33 - DetectorRegistry - INFO - 检测完成，共找到 0 个Smell，耗时 0.00ms
2026-03-22 13:58:34 - DataLeakageDetector - INFO - DataLeakageDetector初始化完成
2026-03-22 13:58:34 - DetectorRegistry - INFO - 已注册检测器: DATA_LEAKAGE
2026-03-22 13:58:34 - MissingEvaluationDetector - INFO - MissingEvaluationDetector初始化完成
2026-03-22 13:58:34 - DetectorRegistry - INFO - 已注册检测器: MISSING_EVALUATION
2026-03-22 13:58:34 - ModuleOrderViolationDetector - INFO - ModuleOrderViolationDetector初始化完成
2026-03-22 13:58:34 - DetectorRegistry - INFO - 已注册检测器: MODULE_ORDER_VIOLATION
2026-03-22 13:58:34 - RepeatedTransformDetector - INFO - RepeatedTransformDetector初始化完成
2026-03-22 13:58:34 - DetectorRegistry - INFO - 已注册检测器: REPEATED_TRANSFORM
2026-03-22 13:58:34 - ExcessiveCopyDetector - INFO - ExcessiveCopyDetector初始化完成
2026-03-22 13:58:34 - DetectorRegistry - INFO - 已注册检测器: EXCESSIVE_COPY
2026-03-22 13:58:34 - RedundantOperationDetector - INFO - RedundantOperationDetector初始化完成
2026-03-22 13:58:34 - DetectorRegistry - INFO - 已注册检测器: REDUNDANT_OPERATION
2026-03-22 13:58:34 - MissingRandomSeedDetector - INFO - MissingRandomSeedDetector初始化完成
2026-03-22 13:58:34 - DetectorRegistry - INFO - 已注册检测器: MISSING_RANDOM_SEED
2026-03-22 13:58:34 - MissingValidationDetector - INFO - MissingValidationDetector初始化完成
2026-03-22 13:58:34 - DetectorRegistry - INFO - 已注册检测器: MISSING_VALIDATION
2026-03-22 13:58:34 - MissingDataProfilingDetector - INFO - MissingDataProfilingDetector初始化完成
2026-03-22 13:58:34 - DetectorRegistry - INFO - 已注册检测器: MISSING_DATA_PROFILING
2026-03-22 13:58:34 - InefficientAggregationDetector - INFO - InefficientAggregationDetector初始化完成
2026-03-22 13:58:34 - DetectorRegistry - INFO - 已注册检测器: INEFFICIENT_AGGREGATION
2026-03-22 13:58:34 - UnnecessaryMaterializationDetector - INFO - UnnecessaryMaterializationDetector初始化完成
2026-03-22 13:58:34 - DetectorRegistry - INFO - 已注册检测器: UNNECESSARY_MATERIALIZATION
2026-03-22 13:58:34 - LargeDataFrameOperationDetector - INFO - LargeDataFrameOperationDetector初始化完成
2026-03-22 13:58:34 - DetectorRegistry - INFO - 已注册检测器: LARGE_DATA_FRAME_OPERATION
2026-03-22 13:58:34 - CircularDependencyDetector - INFO - CircularDependencyDetector初始化完成
2026-03-22 13:58:34 - DetectorRegistry - INFO - 已注册检测器: CIRCULAR_DEPENDENCY
2026-03-22 13:58:34 - ImproperModuleCohesionDetector - INFO - ImproperModuleCohesionDetector初始化完成
2026-03-22 13:58:34 - DetectorRegistry - INFO - 已注册检测器: IMPROPER_MODULE_COHESION
2026-03-22 13:58:34 - PipelineFragmentationDetector - INFO - PipelineFragmentationDetector初始化完成
2026-03-22 13:58:34 - DetectorRegistry - INFO - 已注册检测器: PIPELINE_FRAGMENTATION
2026-03-22 13:58:34 - HardcodedParametersDetector - INFO - HardcodedParametersDetector初始化完成
2026-03-22 13:58:34 - DetectorRegistry - INFO - 已注册检测器: HARDCODED_PARAMETERS
2026-03-22 13:58:34 - LackOfVersionControlDetector - INFO - LackOfVersionControlDetector初始化完成
2026-03-22 13:58:34 - DetectorRegistry - INFO - 已注册检测器: LACK_OF_VERSION_CONTROL
2026-03-22 13:58:34 - NonDeterministicOrderDetector - INFO - NonDeterministicOrderDetector初始化完成
2026-03-22 13:58:34 - DetectorRegistry - INFO - 已注册检测器: NON_DETERMINISTIC_ORDER
2026-03-22 13:58:34 - DetectorRegistry - INFO - 开始检测Pipeline: test_detector.py
2026-03-22 13:58:34 - DetectorRegistry - INFO - 使用 18 个检测器
2026-03-22 13:58:34 - DetectorRegistry - INFO - 检测完成，共找到 0 个Smell，耗时 0.99ms
2026-03-22 14:01:49 - DataLeakageDetector - INFO - DataLeakageDetector初始化完成
2026-03-22 14:01:49 - DetectorRegistry - INFO - 已注册检测器: DATA_LEAKAGE
2026-03-22 14:01:49 - MissingEvaluationDetector - INFO - MissingEvaluationDetector初始化完成
2026-03-22 14:01:49 - DetectorRegistry - INFO - 已注册检测器: MISSING_EVALUATION
2026-03-22 14:01:49 - ModuleOrderViolationDetector - INFO - ModuleOrderViolationDetector初始化完成
2026-03-22 14:01:49 - DetectorRegistry - INFO - 已注册检测器: MODULE_ORDER_VIOLATION
2026-03-22 14:01:49 - RepeatedTransformDetector - INFO - RepeatedTransformDetector初始化完成
2026-03-22 14:01:49 - DetectorRegistry - INFO - 已注册检测器: REPEATED_TRANSFORM
2026-03-22 14:01:49 - ExcessiveCopyDetector - INFO - ExcessiveCopyDetector初始化完成
2026-03-22 14:01:49 - DetectorRegistry - INFO - 已注册检测器: EXCESSIVE_COPY
2026-03-22 14:01:49 - RedundantOperationDetector - INFO - RedundantOperationDetector初始化完成
2026-03-22 14:01:49 - DetectorRegistry - INFO - 已注册检测器: REDUNDANT_OPERATION
2026-03-22 14:01:49 - MissingRandomSeedDetector - INFO - MissingRandomSeedDetector初始化完成
2026-03-22 14:01:49 - DetectorRegistry - INFO - 已注册检测器: MISSING_RANDOM_SEED
2026-03-22 14:01:49 - MissingValidationDetector - INFO - MissingValidationDetector初始化完成
2026-03-22 14:01:49 - DetectorRegistry - INFO - 已注册检测器: MISSING_VALIDATION
2026-03-22 14:01:49 - MissingDataProfilingDetector - INFO - MissingDataProfilingDetector初始化完成
2026-03-22 14:01:49 - DetectorRegistry - INFO - 已注册检测器: MISSING_DATA_PROFILING
2026-03-22 14:01:49 - InefficientAggregationDetector - INFO - InefficientAggregationDetector初始化完成
2026-03-22 14:01:49 - DetectorRegistry - INFO - 已注册检测器: INEFFICIENT_AGGREGATION
2026-03-22 14:01:49 - UnnecessaryMaterializationDetector - INFO - UnnecessaryMaterializationDetector初始化完成
2026-03-22 14:01:49 - DetectorRegistry - INFO - 已注册检测器: UNNECESSARY_MATERIALIZATION
2026-03-22 14:01:49 - LargeDataFrameOperationDetector - INFO - LargeDataFrameOperationDetector初始化完成
2026-03-22 14:01:49 - DetectorRegistry - INFO - 已注册检测器: LARGE_DATA_FRAME_OPERATION
2026-03-22 14:01:49 - CircularDependencyDetector - INFO - CircularDependencyDetector初始化完成
2026-03-22 14:01:49 - DetectorRegistry - INFO - 已注册检测器: CIRCULAR_DEPENDENCY
2026-03-22 14:01:49 - ImproperModuleCohesionDetector - INFO - ImproperModuleCohesionDetector初始化完成
2026-03-22 14:01:49 - DetectorRegistry - INFO - 已注册检测器: IMPROPER_MODULE_COHESION
2026-03-22 14:01:49 - PipelineFragmentationDetector - INFO - PipelineFragmentationDetector初始化完成
2026-03-22 14:01:49 - DetectorRegistry - INFO - 已注册检测器: PIPELINE_FRAGMENTATION
2026-03-22 14:01:49 - HardcodedParametersDetector - INFO - HardcodedParametersDetector初始化完成
2026-03-22 14:01:49 - DetectorRegistry - INFO - 已注册检测器: HARDCODED_PARAMETERS
2026-03-22 14:01:49 - LackOfVersionControlDetector - INFO - LackOfVersionControlDetector初始化完成
2026-03-22 14:01:49 - DetectorRegistry - INFO - 已注册检测器: LACK_OF_VERSION_CONTROL
2026-03-22 14:01:49 - NonDeterministicOrderDetector - INFO - NonDeterministicOrderDetector初始化完成
2026-03-22 14:01:49 - DetectorRegistry - INFO - 已注册检测器: NON_DETERMINISTIC_ORDER
2026-03-22 14:01:49 - DetectorRegistry - INFO - 开始检测Pipeline: test_detector.py
2026-03-22 14:01:49 - DetectorRegistry - INFO - 使用 18 个检测器
2026-03-22 14:01:49 - DetectorRegistry - INFO - 检测完成，共找到 0 个Smell，耗时 1.05ms
2026-03-22 14:02:53 - DataLeakageDetector - INFO - DataLeakageDetector初始化完成
2026-03-22 14:02:53 - DetectorRegistry - INFO - 已注册检测器: DATA_LEAKAGE
2026-03-22 14:02:53 - MissingEvaluationDetector - INFO - MissingEvaluationDetector初始化完成
2026-03-22 14:02:53 - DetectorRegistry - INFO - 已注册检测器: MISSING_EVALUATION
2026-03-22 14:02:53 - ModuleOrderViolationDetector - INFO - ModuleOrderViolationDetector初始化完成
2026-03-22 14:02:54 - DetectorRegistry - INFO - 已注册检测器: MODULE_ORDER_VIOLATION
2026-03-22 14:02:54 - RepeatedTransformDetector - INFO - RepeatedTransformDetector初始化完成
2026-03-22 14:02:54 - DetectorRegistry - INFO - 已注册检测器: REPEATED_TRANSFORM
2026-03-22 14:02:54 - ExcessiveCopyDetector - INFO - ExcessiveCopyDetector初始化完成
2026-03-22 14:02:54 - DetectorRegistry - INFO - 已注册检测器: EXCESSIVE_COPY
2026-03-22 14:02:54 - RedundantOperationDetector - INFO - RedundantOperationDetector初始化完成
2026-03-22 14:02:54 - DetectorRegistry - INFO - 已注册检测器: REDUNDANT_OPERATION
2026-03-22 14:02:54 - MissingRandomSeedDetector - INFO - MissingRandomSeedDetector初始化完成
2026-03-22 14:02:54 - DetectorRegistry - INFO - 已注册检测器: MISSING_RANDOM_SEED
2026-03-22 14:02:54 - MissingValidationDetector - INFO - MissingValidationDetector初始化完成
2026-03-22 14:02:54 - DetectorRegistry - INFO - 已注册检测器: MISSING_VALIDATION
2026-03-22 14:02:54 - MissingDataProfilingDetector - INFO - MissingDataProfilingDetector初始化完成
2026-03-22 14:02:54 - DetectorRegistry - INFO - 已注册检测器: MISSING_DATA_PROFILING
2026-03-22 14:02:54 - InefficientAggregationDetector - INFO - InefficientAggregationDetector初始化完成
2026-03-22 14:02:54 - DetectorRegistry - INFO - 已注册检测器: INEFFICIENT_AGGREGATION
2026-03-22 14:02:54 - UnnecessaryMaterializationDetector - INFO - UnnecessaryMaterializationDetector初始化完成
2026-03-22 14:02:54 - DetectorRegistry - INFO - 已注册检测器: UNNECESSARY_MATERIALIZATION
2026-03-22 14:02:54 - LargeDataFrameOperationDetector - INFO - LargeDataFrameOperationDetector初始化完成
2026-03-22 14:02:54 - DetectorRegistry - INFO - 已注册检测器: LARGE_DATA_FRAME_OPERATION
2026-03-22 14:02:54 - CircularDependencyDetector - INFO - CircularDependencyDetector初始化完成
2026-03-22 14:02:54 - DetectorRegistry - INFO - 已注册检测器: CIRCULAR_DEPENDENCY
2026-03-22 14:02:54 - ImproperModuleCohesionDetector - INFO - ImproperModuleCohesionDetector初始化完成
2026-03-22 14:02:54 - DetectorRegistry - INFO - 已注册检测器: IMPROPER_MODULE_COHESION
2026-03-22 14:02:54 - PipelineFragmentationDetector - INFO - PipelineFragmentationDetector初始化完成
2026-03-22 14:02:54 - DetectorRegistry - INFO - 已注册检测器: PIPELINE_FRAGMENTATION
2026-03-22 14:02:54 - HardcodedParametersDetector - INFO - HardcodedParametersDetector初始化完成
2026-03-22 14:02:54 - DetectorRegistry - INFO - 已注册检测器: HARDCODED_PARAMETERS
2026-03-22 14:02:54 - LackOfVersionControlDetector - INFO - LackOfVersionControlDetector初始化完成
2026-03-22 14:02:54 - DetectorRegistry - INFO - 已注册检测器: LACK_OF_VERSION_CONTROL
2026-03-22 14:02:54 - NonDeterministicOrderDetector - INFO - NonDeterministicOrderDetector初始化完成
2026-03-22 14:02:54 - DetectorRegistry - INFO - 已注册检测器: NON_DETERMINISTIC_ORDER
2026-03-22 14:02:54 - DetectorRegistry - INFO - 开始检测Pipeline: test_detector.py
2026-03-22 14:02:54 - DetectorRegistry - INFO - 使用 18 个检测器
2026-03-22 14:02:54 - DetectorRegistry - INFO - 检测完成，共找到 0 个Smell，耗时 2.08ms
2026-03-22 14:14:06 - DataLeakageDetector - INFO - DataLeakageDetector初始化完成
2026-03-22 14:14:06 - DetectorRegistry - INFO - 已注册检测器: DATA_LEAKAGE
2026-03-22 14:14:06 - MissingEvaluationDetector - INFO - MissingEvaluationDetector初始化完成
2026-03-22 14:14:06 - DetectorRegistry - INFO - 已注册检测器: MISSING_EVALUATION
2026-03-22 14:14:06 - ModuleOrderViolationDetector - INFO - ModuleOrderViolationDetector初始化完成
2026-03-22 14:14:06 - DetectorRegistry - INFO - 已注册检测器: MODULE_ORDER_VIOLATION
2026-03-22 14:14:06 - RepeatedTransformDetector - INFO - RepeatedTransformDetector初始化完成
2026-03-22 14:14:06 - DetectorRegistry - INFO - 已注册检测器: REPEATED_TRANSFORM
2026-03-22 14:14:06 - ExcessiveCopyDetector - INFO - ExcessiveCopyDetector初始化完成
2026-03-22 14:14:06 - DetectorRegistry - INFO - 已注册检测器: EXCESSIVE_COPY
2026-03-22 14:14:06 - RedundantOperationDetector - INFO - RedundantOperationDetector初始化完成
2026-03-22 14:14:06 - DetectorRegistry - INFO - 已注册检测器: REDUNDANT_OPERATION
2026-03-22 14:14:06 - MissingRandomSeedDetector - INFO - MissingRandomSeedDetector初始化完成
2026-03-22 14:14:06 - DetectorRegistry - INFO - 已注册检测器: MISSING_RANDOM_SEED
2026-03-22 14:14:06 - MissingValidationDetector - INFO - MissingValidationDetector初始化完成
2026-03-22 14:14:06 - DetectorRegistry - INFO - 已注册检测器: MISSING_VALIDATION
2026-03-22 14:14:06 - MissingDataProfilingDetector - INFO - MissingDataProfilingDetector初始化完成
2026-03-22 14:14:06 - DetectorRegistry - INFO - 已注册检测器: MISSING_DATA_PROFILING
2026-03-22 14:14:06 - InefficientAggregationDetector - INFO - InefficientAggregationDetector初始化完成
2026-03-22 14:14:06 - DetectorRegistry - INFO - 已注册检测器: INEFFICIENT_AGGREGATION
2026-03-22 14:14:06 - UnnecessaryMaterializationDetector - INFO - UnnecessaryMaterializationDetector初始化完成
2026-03-22 14:14:06 - DetectorRegistry - INFO - 已注册检测器: UNNECESSARY_MATERIALIZATION
2026-03-22 14:14:06 - LargeDataFrameOperationDetector - INFO - LargeDataFrameOperationDetector初始化完成
2026-03-22 14:14:06 - DetectorRegistry - INFO - 已注册检测器: LARGE_DATA_FRAME_OPERATION
2026-03-22 14:14:06 - CircularDependencyDetector - INFO - CircularDependencyDetector初始化完成
2026-03-22 14:14:06 - DetectorRegistry - INFO - 已注册检测器: CIRCULAR_DEPENDENCY
2026-03-22 14:14:06 - ImproperModuleCohesionDetector - INFO - ImproperModuleCohesionDetector初始化完成
2026-03-22 14:14:06 - DetectorRegistry - INFO - 已注册检测器: IMPROPER_MODULE_COHESION
2026-03-22 14:14:06 - PipelineFragmentationDetector - INFO - PipelineFragmentationDetector初始化完成
2026-03-22 14:14:06 - DetectorRegistry - INFO - 已注册检测器: PIPELINE_FRAGMENTATION
2026-03-22 14:14:06 - HardcodedParametersDetector - INFO - HardcodedParametersDetector初始化完成
2026-03-22 14:14:06 - DetectorRegistry - INFO - 已注册检测器: HARDCODED_PARAMETERS
2026-03-22 14:14:06 - LackOfVersionControlDetector - INFO - LackOfVersionControlDetector初始化完成
2026-03-22 14:14:06 - DetectorRegistry - INFO - 已注册检测器: LACK_OF_VERSION_CONTROL
2026-03-22 14:14:06 - NonDeterministicOrderDetector - INFO - NonDeterministicOrderDetector初始化完成
2026-03-22 14:14:06 - DetectorRegistry - INFO - 已注册检测器: NON_DETERMINISTIC_ORDER
2026-03-22 14:14:06 - DetectorRegistry - INFO - 开始检测Pipeline: D:\PipeSmell\dataset\example_03_missing_validation.py
2026-03-22 14:14:06 - DetectorRegistry - INFO - 使用 18 个检测器
2026-03-22 14:14:06 - DetectorRegistry - INFO - 检测完成，共找到 0 个Smell，耗时 1.00ms
2026-03-22 14:14:06 - DetectorRegistry - INFO - 开始检测Pipeline: D:\PipeSmell\dataset\example_02_missing_random_seed.py
2026-03-22 14:14:06 - DetectorRegistry - INFO - 使用 18 个检测器
2026-03-22 14:14:06 - DetectorRegistry - INFO - 检测完成，共找到 0 个Smell，耗时 1.02ms
2026-03-22 14:14:06 - DetectorRegistry - INFO - 开始检测Pipeline: D:\PipeSmell\dataset\example_18_lack_version_control.py
2026-03-22 14:14:06 - DetectorRegistry - INFO - 使用 18 个检测器
2026-03-22 14:14:06 - DetectorRegistry - INFO - 检测完成，共找到 0 个Smell，耗时 0.96ms
2026-03-22 14:14:06 - DetectorRegistry - INFO - 开始检测Pipeline: D:\PipeSmell\dataset\example_20_multiple_smells.py
2026-03-22 14:14:06 - DetectorRegistry - INFO - 使用 18 个检测器
2026-03-22 14:14:06 - DetectorRegistry - INFO - 检测完成，共找到 0 个Smell，耗时 1.02ms
2026-03-22 14:14:06 - DetectorRegistry - INFO - 开始检测Pipeline: D:\PipeSmell\dataset\example_16_unnecessary_materialization.py
2026-03-22 14:14:06 - DetectorRegistry - INFO - 使用 18 个检测器
2026-03-22 14:14:06 - DetectorRegistry - INFO - 检测完成，共找到 0 个Smell，耗时 0.00ms
2026-03-22 14:14:06 - DetectorRegistry - INFO - 开始检测Pipeline: D:\PipeSmell\dataset\example_14_improper_module_cohesion.py
2026-03-22 14:14:06 - DetectorRegistry - INFO - 使用 18 个检测器
2026-03-22 14:14:06 - DetectorRegistry - INFO - 检测完成，共找到 0 个Smell，耗时 1.61ms
2026-03-22 14:14:06 - DetectorRegistry - INFO - 开始检测Pipeline: D:\PipeSmell\dataset\example_08_inefficient_aggregation.py
2026-03-22 14:14:06 - DetectorRegistry - INFO - 使用 18 个检测器
2026-03-22 14:14:06 - DetectorRegistry - INFO - 检测完成，共找到 0 个Smell，耗时 1.00ms
2026-03-22 14:14:06 - DetectorRegistry - INFO - 开始检测Pipeline: D:\PipeSmell\dataset\example_12_module_order_violation.py
2026-03-22 14:14:06 - DetectorRegistry - INFO - 使用 18 个检测器
2026-03-22 14:14:06 - DetectorRegistry - INFO - 检测完成，共找到 0 个Smell，耗时 1.00ms
2026-03-22 14:14:06 - DetectorRegistry - INFO - 开始检测Pipeline: D:\PipeSmell\dataset\example_13_circular_dependency.py
2026-03-22 14:14:06 - DetectorRegistry - INFO - 使用 18 个检测器
2026-03-22 14:14:06 - DetectorRegistry - INFO - 检测完成，共找到 0 个Smell，耗时 1.01ms
2026-03-22 14:14:06 - DetectorRegistry - INFO - 开始检测Pipeline: D:\PipeSmell\dataset\example_17_large_dataframe_operation.py
2026-03-22 14:14:06 - DetectorRegistry - INFO - 使用 18 个检测器
2026-03-22 14:14:06 - DetectorRegistry - INFO - 检测完成，共找到 0 个Smell，耗时 0.99ms
2026-03-22 14:14:06 - DetectorRegistry - INFO - 开始检测Pipeline: D:\PipeSmell\dataset\example_09_missing_data_profiling.py
2026-03-22 14:14:06 - DetectorRegistry - INFO - 使用 18 个检测器
2026-03-22 14:14:06 - DetectorRegistry - INFO - 检测完成，共找到 0 个Smell，耗时 0.00ms
2026-03-22 14:14:06 - DetectorRegistry - INFO - 开始检测Pipeline: D:\PipeSmell\dataset\example_10_redundant_operation.py
2026-03-22 14:14:06 - DetectorRegistry - INFO - 使用 18 个检测器
2026-03-22 14:14:06 - DetectorRegistry - INFO - 检测完成，共找到 0 个Smell，耗时 1.01ms
2026-03-22 14:14:06 - DetectorRegistry - INFO - 开始检测Pipeline: D:\PipeSmell\dataset\example_06_hardcoded_parameters.py
2026-03-22 14:14:06 - DetectorRegistry - INFO - 使用 18 个检测器
2026-03-22 14:14:06 - DetectorRegistry - INFO - 检测完成，共找到 0 个Smell，耗时 1.03ms
2026-03-22 14:14:06 - DetectorRegistry - INFO - 开始检测Pipeline: D:\PipeSmell\dataset\example_04_repeated_transform.py
2026-03-22 14:14:06 - DetectorRegistry - INFO - 使用 18 个检测器
2026-03-22 14:14:06 - DetectorRegistry - INFO - 检测完成，共找到 0 个Smell，耗时 0.99ms
2026-03-22 14:14:06 - DetectorRegistry - INFO - 开始检测Pipeline: D:\PipeSmell\dataset\example_07_nondeterministic_order.py
2026-03-22 14:14:06 - DetectorRegistry - INFO - 使用 18 个检测器
2026-03-22 14:14:06 - DetectorRegistry - INFO - 检测完成，共找到 0 个Smell，耗时 1.99ms
2026-03-22 14:14:06 - DetectorRegistry - INFO - 开始检测Pipeline: D:\PipeSmell\dataset\example_01_data_leakage.py
2026-03-22 14:14:06 - DetectorRegistry - INFO - 使用 18 个检测器
2026-03-22 14:14:06 - DetectorRegistry - INFO - 检测完成，共找到 0 个Smell，耗时 1.07ms
2026-03-22 14:14:06 - DetectorRegistry - INFO - 开始检测Pipeline: D:\PipeSmell\dataset\example_11_excessive_copy.py
2026-03-22 14:14:06 - DetectorRegistry - INFO - 使用 18 个检测器
2026-03-22 14:14:06 - DetectorRegistry - INFO - 检测完成，共找到 0 个Smell，耗时 1.00ms
2026-03-22 14:14:06 - DetectorRegistry - INFO - 开始检测Pipeline: D:\PipeSmell\dataset\example_05_missing_evaluation.py
2026-03-22 14:14:06 - DetectorRegistry - INFO - 使用 18 个检测器
2026-03-22 14:14:06 - DetectorRegistry - INFO - 检测完成，共找到 0 个Smell，耗时 1.00ms
2026-03-22 14:14:06 - DetectorRegistry - INFO - 开始检测Pipeline: D:\PipeSmell\dataset\example_15_pipeline_fragmentation.py
2026-03-22 14:14:06 - DetectorRegistry - INFO - 使用 18 个检测器
2026-03-22 14:14:06 - DetectorRegistry - INFO - 检测完成，共找到 0 个Smell，耗时 1.00ms
2026-03-22 14:14:53 - DataLeakageDetector - INFO - DataLeakageDetector初始化完成
2026-03-22 14:14:53 - DetectorRegistry - INFO - 已注册检测器: DATA_LEAKAGE
2026-03-22 14:14:53 - MissingEvaluationDetector - INFO - MissingEvaluationDetector初始化完成
2026-03-22 14:14:53 - DetectorRegistry - INFO - 已注册检测器: MISSING_EVALUATION
2026-03-22 14:14:53 - ModuleOrderViolationDetector - INFO - ModuleOrderViolationDetector初始化完成
2026-03-22 14:14:53 - DetectorRegistry - INFO - 已注册检测器: MODULE_ORDER_VIOLATION
2026-03-22 14:14:53 - RepeatedTransformDetector - INFO - RepeatedTransformDetector初始化完成
2026-03-22 14:14:53 - DetectorRegistry - INFO - 已注册检测器: REPEATED_TRANSFORM
2026-03-22 14:14:53 - ExcessiveCopyDetector - INFO - ExcessiveCopyDetector初始化完成
2026-03-22 14:14:53 - DetectorRegistry - INFO - 已注册检测器: EXCESSIVE_COPY
2026-03-22 14:14:53 - RedundantOperationDetector - INFO - RedundantOperationDetector初始化完成
2026-03-22 14:14:53 - DetectorRegistry - INFO - 已注册检测器: REDUNDANT_OPERATION
2026-03-22 14:14:53 - MissingRandomSeedDetector - INFO - MissingRandomSeedDetector初始化完成
2026-03-22 14:14:53 - DetectorRegistry - INFO - 已注册检测器: MISSING_RANDOM_SEED
2026-03-22 14:14:53 - MissingValidationDetector - INFO - MissingValidationDetector初始化完成
2026-03-22 14:14:53 - DetectorRegistry - INFO - 已注册检测器: MISSING_VALIDATION
2026-03-22 14:14:53 - MissingDataProfilingDetector - INFO - MissingDataProfilingDetector初始化完成
2026-03-22 14:14:53 - DetectorRegistry - INFO - 已注册检测器: MISSING_DATA_PROFILING
2026-03-22 14:14:53 - InefficientAggregationDetector - INFO - InefficientAggregationDetector初始化完成
2026-03-22 14:14:53 - DetectorRegistry - INFO - 已注册检测器: INEFFICIENT_AGGREGATION
2026-03-22 14:14:53 - UnnecessaryMaterializationDetector - INFO - UnnecessaryMaterializationDetector初始化完成
2026-03-22 14:14:53 - DetectorRegistry - INFO - 已注册检测器: UNNECESSARY_MATERIALIZATION
2026-03-22 14:14:53 - LargeDataFrameOperationDetector - INFO - LargeDataFrameOperationDetector初始化完成
2026-03-22 14:14:53 - DetectorRegistry - INFO - 已注册检测器: LARGE_DATA_FRAME_OPERATION
2026-03-22 14:14:53 - CircularDependencyDetector - INFO - CircularDependencyDetector初始化完成
2026-03-22 14:14:53 - DetectorRegistry - INFO - 已注册检测器: CIRCULAR_DEPENDENCY
2026-03-22 14:14:53 - ImproperModuleCohesionDetector - INFO - ImproperModuleCohesionDetector初始化完成
2026-03-22 14:14:53 - DetectorRegistry - INFO - 已注册检测器: IMPROPER_MODULE_COHESION
2026-03-22 14:14:53 - PipelineFragmentationDetector - INFO - PipelineFragmentationDetector初始化完成
2026-03-22 14:14:53 - DetectorRegistry - INFO - 已注册检测器: PIPELINE_FRAGMENTATION
2026-03-22 14:14:53 - HardcodedParametersDetector - INFO - HardcodedParametersDetector初始化完成
2026-03-22 14:14:53 - DetectorRegistry - INFO - 已注册检测器: HARDCODED_PARAMETERS
2026-03-22 14:14:53 - LackOfVersionControlDetector - INFO - LackOfVersionControlDetector初始化完成
2026-03-22 14:14:53 - DetectorRegistry - INFO - 已注册检测器: LACK_OF_VERSION_CONTROL
2026-03-22 14:14:53 - NonDeterministicOrderDetector - INFO - NonDeterministicOrderDetector初始化完成
2026-03-22 14:14:53 - DetectorRegistry - INFO - 已注册检测器: NON_DETERMINISTIC_ORDER
2026-03-22 14:14:53 - DetectorRegistry - INFO - 开始检测Pipeline: test_detector.py
2026-03-22 14:14:53 - DetectorRegistry - INFO - 使用 18 个检测器
2026-03-22 14:14:53 - DetectorRegistry - INFO - 检测完成，共找到 0 个Smell，耗时 0.00ms
2026-03-22 14:33:43 - DataLeakageDetector - INFO - DataLeakageDetector初始化完成
2026-03-22 14:33:43 - DetectorRegistry - INFO - 已注册检测器: DATA_LEAKAGE
2026-03-22 14:33:43 - MissingEvaluationDetector - INFO - MissingEvaluationDetector初始化完成
2026-03-22 14:33:43 - DetectorRegistry - INFO - 已注册检测器: MISSING_EVALUATION
2026-03-22 14:33:43 - ModuleOrderViolationDetector - INFO - ModuleOrderViolationDetector初始化完成
2026-03-22 14:33:43 - DetectorRegistry - INFO - 已注册检测器: MODULE_ORDER_VIOLATION
2026-03-22 14:33:43 - RepeatedTransformDetector - INFO - RepeatedTransformDetector初始化完成
2026-03-22 14:33:43 - DetectorRegistry - INFO - 已注册检测器: REPEATED_TRANSFORM
2026-03-22 14:33:43 - ExcessiveCopyDetector - INFO - ExcessiveCopyDetector初始化完成
2026-03-22 14:33:43 - DetectorRegistry - INFO - 已注册检测器: EXCESSIVE_COPY
2026-03-22 14:33:43 - RedundantOperationDetector - INFO - RedundantOperationDetector初始化完成
2026-03-22 14:33:43 - DetectorRegistry - INFO - 已注册检测器: REDUNDANT_OPERATION
2026-03-22 14:33:43 - MissingRandomSeedDetector - INFO - MissingRandomSeedDetector初始化完成
2026-03-22 14:33:43 - DetectorRegistry - INFO - 已注册检测器: MISSING_RANDOM_SEED
2026-03-22 14:33:43 - MissingValidationDetector - INFO - MissingValidationDetector初始化完成
2026-03-22 14:33:43 - DetectorRegistry - INFO - 已注册检测器: MISSING_VALIDATION
2026-03-22 14:33:43 - MissingDataProfilingDetector - INFO - MissingDataProfilingDetector初始化完成
2026-03-22 14:33:43 - DetectorRegistry - INFO - 已注册检测器: MISSING_DATA_PROFILING
2026-03-22 14:33:43 - InefficientAggregationDetector - INFO - InefficientAggregationDetector初始化完成
2026-03-22 14:33:43 - DetectorRegistry - INFO - 已注册检测器: INEFFICIENT_AGGREGATION
2026-03-22 14:33:43 - UnnecessaryMaterializationDetector - INFO - UnnecessaryMaterializationDetector初始化完成
2026-03-22 14:33:43 - DetectorRegistry - INFO - 已注册检测器: UNNECESSARY_MATERIALIZATION
2026-03-22 14:33:43 - LargeDataFrameOperationDetector - INFO - LargeDataFrameOperationDetector初始化完成
2026-03-22 14:33:43 - DetectorRegistry - INFO - 已注册检测器: LARGE_DATA_FRAME_OPERATION
2026-03-22 14:33:43 - CircularDependencyDetector - INFO - CircularDependencyDetector初始化完成
2026-03-22 14:33:43 - DetectorRegistry - INFO - 已注册检测器: CIRCULAR_DEPENDENCY
2026-03-22 14:33:43 - ImproperModuleCohesionDetector - INFO - ImproperModuleCohesionDetector初始化完成
2026-03-22 14:33:43 - DetectorRegistry - INFO - 已注册检测器: IMPROPER_MODULE_COHESION
2026-03-22 14:33:43 - PipelineFragmentationDetector - INFO - PipelineFragmentationDetector初始化完成
2026-03-22 14:33:43 - DetectorRegistry - INFO - 已注册检测器: PIPELINE_FRAGMENTATION
2026-03-22 14:33:43 - HardcodedParametersDetector - INFO - HardcodedParametersDetector初始化完成
2026-03-22 14:33:43 - DetectorRegistry - INFO - 已注册检测器: HARDCODED_PARAMETERS
2026-03-22 14:33:43 - LackOfVersionControlDetector - INFO - LackOfVersionControlDetector初始化完成
2026-03-22 14:33:43 - DetectorRegistry - INFO - 已注册检测器: LACK_OF_VERSION_CONTROL
2026-03-22 14:33:43 - NonDeterministicOrderDetector - INFO - NonDeterministicOrderDetector初始化完成
2026-03-22 14:33:43 - DetectorRegistry - INFO - 已注册检测器: NON_DETERMINISTIC_ORDER
2026-03-22 14:33:43 - DetectorRegistry - INFO - 开始检测Pipeline: D:\PipeSmell\dataset\example_18_lack_version_control.py
2026-03-22 14:33:43 - DetectorRegistry - INFO - 使用 18 个检测器
2026-03-22 14:33:43 - DetectorRegistry - INFO - 检测完成，共找到 0 个Smell，耗时 4.32ms
2026-03-22 14:33:43 - DetectorRegistry - INFO - 开始检测Pipeline: D:\PipeSmell\dataset\example_16_unnecessary_materialization.py
2026-03-22 14:33:43 - DetectorRegistry - INFO - 使用 18 个检测器
2026-03-22 14:33:43 - DetectorRegistry - INFO - 检测完成，共找到 0 个Smell，耗时 2.46ms
2026-03-22 14:33:43 - DetectorRegistry - INFO - 开始检测Pipeline: D:\PipeSmell\dataset\example_20_multiple_smells.py
2026-03-22 14:33:43 - DetectorRegistry - INFO - 使用 18 个检测器
2026-03-22 14:33:43 - DetectorRegistry - INFO - 检测完成，共找到 0 个Smell，耗时 3.29ms
2026-03-22 14:33:43 - DetectorRegistry - INFO - 开始检测Pipeline: D:\PipeSmell\dataset\example_11_excessive_copy.py
2026-03-22 14:33:43 - DetectorRegistry - INFO - 使用 18 个检测器
2026-03-22 14:33:43 - DetectorRegistry - INFO - 检测完成，共找到 0 个Smell，耗时 4.12ms
2026-03-22 14:33:43 - DetectorRegistry - INFO - 开始检测Pipeline: D:\PipeSmell\dataset\example_05_missing_evaluation.py
2026-03-22 14:33:43 - DetectorRegistry - INFO - 使用 18 个检测器
2026-03-22 14:33:43 - DetectorRegistry - INFO - 检测完成，共找到 0 个Smell，耗时 3.05ms
2026-03-22 14:33:43 - DetectorRegistry - INFO - 开始检测Pipeline: D:\PipeSmell\dataset\example_17_large_dataframe_operation.py
2026-03-22 14:33:43 - DetectorRegistry - INFO - 使用 18 个检测器
2026-03-22 14:33:43 - DetectorRegistry - INFO - 检测完成，共找到 0 个Smell，耗时 5.59ms
2026-03-22 14:33:43 - DetectorRegistry - INFO - 开始检测Pipeline: D:\PipeSmell\dataset\example_01_data_leakage.py
2026-03-22 14:33:43 - DetectorRegistry - INFO - 使用 18 个检测器
2026-03-22 14:33:43 - DetectorRegistry - INFO - 检测完成，共找到 0 个Smell，耗时 2.99ms
2026-03-22 14:33:43 - DetectorRegistry - INFO - 开始检测Pipeline: D:\PipeSmell\dataset\example_06_hardcoded_parameters.py
2026-03-22 14:33:43 - DetectorRegistry - INFO - 使用 18 个检测器
2026-03-22 14:33:43 - DetectorRegistry - INFO - 检测完成，共找到 0 个Smell，耗时 3.99ms
2026-03-22 14:33:43 - DetectorRegistry - INFO - 开始检测Pipeline: D:\PipeSmell\dataset\example_15_pipeline_fragmentation.py
2026-03-22 14:33:43 - DetectorRegistry - INFO - 使用 18 个检测器
2026-03-22 14:33:43 - DetectorRegistry - INFO - 检测完成，共找到 0 个Smell，耗时 3.01ms
2026-03-22 14:33:43 - DetectorRegistry - INFO - 开始检测Pipeline: D:\PipeSmell\dataset\example_14_improper_module_cohesion.py
2026-03-22 14:33:43 - DetectorRegistry - INFO - 使用 18 个检测器
2026-03-22 14:33:43 - DetectorRegistry - INFO - 检测完成，共找到 0 个Smell，耗时 3.00ms
2026-03-22 14:33:43 - DetectorRegistry - INFO - 开始检测Pipeline: D:\PipeSmell\dataset\example_02_missing_random_seed.py
2026-03-22 14:33:43 - DetectorRegistry - INFO - 使用 18 个检测器
2026-03-22 14:33:43 - DetectorRegistry - INFO - 检测完成，共找到 0 个Smell，耗时 2.28ms
2026-03-22 14:33:43 - DetectorRegistry - INFO - 开始检测Pipeline: D:\PipeSmell\dataset\example_13_circular_dependency.py
2026-03-22 14:33:43 - DetectorRegistry - INFO - 使用 18 个检测器
2026-03-22 14:33:43 - DetectorRegistry - INFO - 检测完成，共找到 0 个Smell，耗时 3.03ms
2026-03-22 14:33:43 - DetectorRegistry - INFO - 开始检测Pipeline: D:\PipeSmell\dataset\example_04_repeated_transform.py
2026-03-22 14:33:43 - DetectorRegistry - INFO - 使用 18 个检测器
2026-03-22 14:33:43 - DetectorRegistry - INFO - 检测完成，共找到 0 个Smell，耗时 4.96ms
2026-03-22 14:33:43 - DetectorRegistry - INFO - 开始检测Pipeline: D:\PipeSmell\dataset\example_09_missing_data_profiling.py
2026-03-22 14:33:43 - DetectorRegistry - INFO - 使用 18 个检测器
2026-03-22 14:33:43 - DetectorRegistry - INFO - 检测完成，共找到 0 个Smell，耗时 4.08ms
2026-03-22 14:33:43 - DetectorRegistry - INFO - 开始检测Pipeline: D:\PipeSmell\dataset\example_03_missing_validation.py
2026-03-22 14:33:43 - DetectorRegistry - INFO - 使用 18 个检测器
2026-03-22 14:33:43 - DetectorRegistry - INFO - 检测完成，共找到 0 个Smell，耗时 3.16ms
2026-03-22 14:33:43 - DetectorRegistry - INFO - 开始检测Pipeline: D:\PipeSmell\dataset\example_12_module_order_violation.py
2026-03-22 14:33:43 - DetectorRegistry - INFO - 使用 18 个检测器
2026-03-22 14:33:43 - DetectorRegistry - INFO - 检测完成，共找到 0 个Smell，耗时 4.45ms
2026-03-22 14:33:43 - DetectorRegistry - INFO - 开始检测Pipeline: D:\PipeSmell\dataset\example_10_redundant_operation.py
2026-03-22 14:33:43 - DetectorRegistry - INFO - 使用 18 个检测器
2026-03-22 14:33:43 - DetectorRegistry - INFO - 检测完成，共找到 0 个Smell，耗时 3.41ms
2026-03-22 14:33:43 - DetectorRegistry - INFO - 开始检测Pipeline: D:\PipeSmell\dataset\example_07_nondeterministic_order.py
2026-03-22 14:33:43 - DetectorRegistry - INFO - 使用 18 个检测器
2026-03-22 14:33:43 - DetectorRegistry - INFO - 检测完成，共找到 0 个Smell，耗时 2.82ms
2026-03-22 14:33:43 - DetectorRegistry - INFO - 开始检测Pipeline: D:\PipeSmell\dataset\example_08_inefficient_aggregation.py
2026-03-22 14:33:43 - DetectorRegistry - INFO - 使用 18 个检测器
2026-03-22 14:33:43 - DetectorRegistry - INFO - 检测完成，共找到 0 个Smell，耗时 5.59ms
2026-03-22 14:44:14 - DataLeakageDetector - INFO - DataLeakageDetector初始化完成
2026-03-22 14:44:14 - DetectorRegistry - INFO - 已注册检测器: DATA_LEAKAGE
2026-03-22 14:44:14 - MissingEvaluationDetector - INFO - MissingEvaluationDetector初始化完成
2026-03-22 14:44:14 - DetectorRegistry - INFO - 已注册检测器: MISSING_EVALUATION
2026-03-22 14:44:14 - ModuleOrderViolationDetector - INFO - ModuleOrderViolationDetector初始化完成
2026-03-22 14:44:14 - DetectorRegistry - INFO - 已注册检测器: MODULE_ORDER_VIOLATION
2026-03-22 14:44:14 - RepeatedTransformDetector - INFO - RepeatedTransformDetector初始化完成
2026-03-22 14:44:14 - DetectorRegistry - INFO - 已注册检测器: REPEATED_TRANSFORM
2026-03-22 14:44:14 - ExcessiveCopyDetector - INFO - ExcessiveCopyDetector初始化完成
2026-03-22 14:44:14 - DetectorRegistry - INFO - 已注册检测器: EXCESSIVE_COPY
2026-03-22 14:44:14 - RedundantOperationDetector - INFO - RedundantOperationDetector初始化完成
2026-03-22 14:44:14 - DetectorRegistry - INFO - 已注册检测器: REDUNDANT_OPERATION
2026-03-22 14:44:14 - MissingRandomSeedDetector - INFO - MissingRandomSeedDetector初始化完成
2026-03-22 14:44:14 - DetectorRegistry - INFO - 已注册检测器: MISSING_RANDOM_SEED
2026-03-22 14:44:14 - MissingValidationDetector - INFO - MissingValidationDetector初始化完成
2026-03-22 14:44:14 - DetectorRegistry - INFO - 已注册检测器: MISSING_VALIDATION
2026-03-22 14:44:14 - MissingDataProfilingDetector - INFO - MissingDataProfilingDetector初始化完成
2026-03-22 14:44:14 - DetectorRegistry - INFO - 已注册检测器: MISSING_DATA_PROFILING
2026-03-22 14:44:14 - InefficientAggregationDetector - INFO - InefficientAggregationDetector初始化完成
2026-03-22 14:44:14 - DetectorRegistry - INFO - 已注册检测器: INEFFICIENT_AGGREGATION
2026-03-22 14:44:14 - UnnecessaryMaterializationDetector - INFO - UnnecessaryMaterializationDetector初始化完成
2026-03-22 14:44:14 - DetectorRegistry - INFO - 已注册检测器: UNNECESSARY_MATERIALIZATION
2026-03-22 14:44:14 - LargeDataFrameOperationDetector - INFO - LargeDataFrameOperationDetector初始化完成
2026-03-22 14:44:14 - DetectorRegistry - INFO - 已注册检测器: LARGE_DATA_FRAME_OPERATION
2026-03-22 14:44:14 - CircularDependencyDetector - INFO - CircularDependencyDetector初始化完成
2026-03-22 14:44:14 - DetectorRegistry - INFO - 已注册检测器: CIRCULAR_DEPENDENCY
2026-03-22 14:44:14 - ImproperModuleCohesionDetector - INFO - ImproperModuleCohesionDetector初始化完成
2026-03-22 14:44:14 - DetectorRegistry - INFO - 已注册检测器: IMPROPER_MODULE_COHESION
2026-03-22 14:44:14 - PipelineFragmentationDetector - INFO - PipelineFragmentationDetector初始化完成
2026-03-22 14:44:14 - DetectorRegistry - INFO - 已注册检测器: PIPELINE_FRAGMENTATION
2026-03-22 14:44:14 - HardcodedParametersDetector - INFO - HardcodedParametersDetector初始化完成
2026-03-22 14:44:14 - DetectorRegistry - INFO - 已注册检测器: HARDCODED_PARAMETERS
2026-03-22 14:44:14 - LackOfVersionControlDetector - INFO - LackOfVersionControlDetector初始化完成
2026-03-22 14:44:14 - DetectorRegistry - INFO - 已注册检测器: LACK_OF_VERSION_CONTROL
2026-03-22 14:44:14 - NonDeterministicOrderDetector - INFO - NonDeterministicOrderDetector初始化完成
2026-03-22 14:44:14 - DetectorRegistry - INFO - 已注册检测器: NON_DETERMINISTIC_ORDER
2026-03-22 14:44:14 - DetectorRegistry - INFO - 开始检测Pipeline: D:\PipeSmell\dataset\example_18_lack_version_control.py
2026-03-22 14:44:14 - DetectorRegistry - INFO - 使用 18 个检测器
2026-03-22 14:44:14 - DetectorRegistry - INFO - 检测完成，共找到 0 个Smell，耗时 2.50ms
2026-03-22 14:44:14 - DetectorRegistry - INFO - 开始检测Pipeline: D:\PipeSmell\dataset\example_12_module_order_violation.py
2026-03-22 14:44:14 - DetectorRegistry - INFO - 使用 18 个检测器
2026-03-22 14:44:14 - DetectorRegistry - INFO - 检测完成，共找到 0 个Smell，耗时 1.29ms
2026-03-22 14:44:14 - DetectorRegistry - INFO - 开始检测Pipeline: D:\PipeSmell\dataset\example_11_excessive_copy.py
2026-03-22 14:44:14 - DetectorRegistry - INFO - 使用 18 个检测器
2026-03-22 14:44:14 - DetectorRegistry - INFO - 检测完成，共找到 0 个Smell，耗时 2.17ms
2026-03-22 14:44:14 - DetectorRegistry - INFO - 开始检测Pipeline: D:\PipeSmell\dataset\example_20_multiple_smells.py
2026-03-22 14:44:14 - DetectorRegistry - INFO - 使用 18 个检测器
2026-03-22 14:44:14 - DetectorRegistry - INFO - 检测完成，共找到 0 个Smell，耗时 1.06ms
2026-03-22 14:44:14 - DetectorRegistry - INFO - 开始检测Pipeline: D:\PipeSmell\dataset\example_05_missing_evaluation.py
2026-03-22 14:44:14 - DetectorRegistry - INFO - 使用 18 个检测器
2026-03-22 14:44:14 - DetectorRegistry - INFO - 检测完成，共找到 0 个Smell，耗时 3.17ms
2026-03-22 14:44:14 - DetectorRegistry - INFO - 开始检测Pipeline: D:\PipeSmell\dataset\example_03_missing_validation.py
2026-03-22 14:44:14 - DetectorRegistry - INFO - 使用 18 个检测器
2026-03-22 14:44:14 - DetectorRegistry - INFO - 检测完成，共找到 0 个Smell，耗时 0.00ms
2026-03-22 14:44:14 - DetectorRegistry - INFO - 开始检测Pipeline: D:\PipeSmell\dataset\example_13_circular_dependency.py
2026-03-22 14:44:14 - DetectorRegistry - INFO - 使用 18 个检测器
2026-03-22 14:44:14 - DetectorRegistry - INFO - 检测完成，共找到 0 个Smell，耗时 1.07ms
2026-03-22 14:44:14 - DetectorRegistry - INFO - 开始检测Pipeline: D:\PipeSmell\dataset\example_10_redundant_operation.py
2026-03-22 14:44:14 - DetectorRegistry - INFO - 使用 18 个检测器
2026-03-22 14:44:14 - DetectorRegistry - INFO - 检测完成，共找到 0 个Smell，耗时 1.00ms
2026-03-22 14:44:14 - DetectorRegistry - INFO - 开始检测Pipeline: D:\PipeSmell\dataset\example_09_missing_data_profiling.py
2026-03-22 14:44:14 - DetectorRegistry - INFO - 使用 18 个检测器
2026-03-22 14:44:14 - DetectorRegistry - INFO - 检测完成，共找到 0 个Smell，耗时 0.00ms
2026-03-22 14:44:14 - DetectorRegistry - INFO - 开始检测Pipeline: D:\PipeSmell\dataset\example_16_unnecessary_materialization.py
2026-03-22 14:44:14 - DetectorRegistry - INFO - 使用 18 个检测器
2026-03-22 14:44:14 - DetectorRegistry - INFO - 检测完成，共找到 0 个Smell，耗时 1.01ms
2026-03-22 14:44:14 - DetectorRegistry - INFO - 开始检测Pipeline: D:\PipeSmell\dataset\example_08_inefficient_aggregation.py
2026-03-22 14:44:14 - DetectorRegistry - INFO - 使用 18 个检测器
2026-03-22 14:44:14 - DetectorRegistry - INFO - 检测完成，共找到 0 个Smell，耗时 1.06ms
2026-03-22 14:44:14 - DetectorRegistry - INFO - 开始检测Pipeline: D:\PipeSmell\dataset\example_01_data_leakage.py
2026-03-22 14:44:14 - DetectorRegistry - INFO - 使用 18 个检测器
2026-03-22 14:44:14 - DetectorRegistry - INFO - 检测完成，共找到 0 个Smell，耗时 2.08ms
2026-03-22 14:44:14 - DetectorRegistry - INFO - 开始检测Pipeline: D:\PipeSmell\dataset\example_15_pipeline_fragmentation.py
2026-03-22 14:44:14 - DetectorRegistry - INFO - 使用 18 个检测器
2026-03-22 14:44:14 - DetectorRegistry - INFO - 检测完成，共找到 0 个Smell，耗时 2.28ms
2026-03-22 14:44:14 - DetectorRegistry - INFO - 开始检测Pipeline: D:\PipeSmell\dataset\example_02_missing_random_seed.py
2026-03-22 14:44:14 - DetectorRegistry - INFO - 使用 18 个检测器
2026-03-22 14:44:14 - DetectorRegistry - INFO - 检测完成，共找到 0 个Smell，耗时 1.23ms
2026-03-22 14:44:14 - DetectorRegistry - INFO - 开始检测Pipeline: D:\PipeSmell\dataset\example_14_improper_module_cohesion.py
2026-03-22 14:44:14 - DetectorRegistry - INFO - 使用 18 个检测器
2026-03-22 14:44:14 - DetectorRegistry - INFO - 检测完成，共找到 0 个Smell，耗时 1.99ms
2026-03-22 14:44:14 - DetectorRegistry - INFO - 开始检测Pipeline: D:\PipeSmell\dataset\example_06_hardcoded_parameters.py
2026-03-22 14:44:14 - DetectorRegistry - INFO - 使用 18 个检测器
2026-03-22 14:44:14 - DetectorRegistry - INFO - 检测完成，共找到 0 个Smell，耗时 0.68ms
2026-03-22 14:44:14 - DetectorRegistry - INFO - 开始检测Pipeline: D:\PipeSmell\dataset\example_07_nondeterministic_order.py
2026-03-22 14:44:14 - DetectorRegistry - INFO - 使用 18 个检测器
2026-03-22 14:44:14 - DetectorRegistry - INFO - 检测完成，共找到 0 个Smell，耗时 1.10ms
2026-03-22 14:44:14 - DetectorRegistry - INFO - 开始检测Pipeline: D:\PipeSmell\dataset\example_17_large_dataframe_operation.py
2026-03-22 14:44:14 - DetectorRegistry - INFO - 使用 18 个检测器
2026-03-22 14:44:14 - DetectorRegistry - INFO - 检测完成，共找到 0 个Smell，耗时 2.78ms
2026-03-22 14:44:14 - DetectorRegistry - INFO - 开始检测Pipeline: D:\PipeSmell\dataset\example_04_repeated_transform.py
2026-03-22 14:44:14 - DetectorRegistry - INFO - 使用 18 个检测器
2026-03-22 14:44:14 - DetectorRegistry - INFO - 检测完成，共找到 0 个Smell，耗时 1.04ms
2026-03-22 14:47:08 - DataLeakageDetector - INFO - DataLeakageDetector初始化完成
2026-03-22 14:47:08 - DetectorRegistry - INFO - 已注册检测器: DATA_LEAKAGE
2026-03-22 14:47:08 - MissingEvaluationDetector - INFO - MissingEvaluationDetector初始化完成
2026-03-22 14:47:08 - DetectorRegistry - INFO - 已注册检测器: MISSING_EVALUATION
2026-03-22 14:47:08 - ModuleOrderViolationDetector - INFO - ModuleOrderViolationDetector初始化完成
2026-03-22 14:47:08 - DetectorRegistry - INFO - 已注册检测器: MODULE_ORDER_VIOLATION
2026-03-22 14:47:08 - RepeatedTransformDetector - INFO - RepeatedTransformDetector初始化完成
2026-03-22 14:47:08 - DetectorRegistry - INFO - 已注册检测器: REPEATED_TRANSFORM
2026-03-22 14:47:08 - ExcessiveCopyDetector - INFO - ExcessiveCopyDetector初始化完成
2026-03-22 14:47:08 - DetectorRegistry - INFO - 已注册检测器: EXCESSIVE_COPY
2026-03-22 14:47:08 - RedundantOperationDetector - INFO - RedundantOperationDetector初始化完成
2026-03-22 14:47:08 - DetectorRegistry - INFO - 已注册检测器: REDUNDANT_OPERATION
2026-03-22 14:47:08 - MissingRandomSeedDetector - INFO - MissingRandomSeedDetector初始化完成
2026-03-22 14:47:08 - DetectorRegistry - INFO - 已注册检测器: MISSING_RANDOM_SEED
2026-03-22 14:47:08 - MissingValidationDetector - INFO - MissingValidationDetector初始化完成
2026-03-22 14:47:08 - DetectorRegistry - INFO - 已注册检测器: MISSING_VALIDATION
2026-03-22 14:47:08 - MissingDataProfilingDetector - INFO - MissingDataProfilingDetector初始化完成
2026-03-22 14:47:08 - DetectorRegistry - INFO - 已注册检测器: MISSING_DATA_PROFILING
2026-03-22 14:47:08 - InefficientAggregationDetector - INFO - InefficientAggregationDetector初始化完成
2026-03-22 14:47:08 - DetectorRegistry - INFO - 已注册检测器: INEFFICIENT_AGGREGATION
2026-03-22 14:47:08 - UnnecessaryMaterializationDetector - INFO - UnnecessaryMaterializationDetector初始化完成
2026-03-22 14:47:08 - DetectorRegistry - INFO - 已注册检测器: UNNECESSARY_MATERIALIZATION
2026-03-22 14:47:08 - LargeDataFrameOperationDetector - INFO - LargeDataFrameOperationDetector初始化完成
2026-03-22 14:47:08 - DetectorRegistry - INFO - 已注册检测器: LARGE_DATA_FRAME_OPERATION
2026-03-22 14:47:08 - CircularDependencyDetector - INFO - CircularDependencyDetector初始化完成
2026-03-22 14:47:08 - DetectorRegistry - INFO - 已注册检测器: CIRCULAR_DEPENDENCY
2026-03-22 14:47:08 - ImproperModuleCohesionDetector - INFO - ImproperModuleCohesionDetector初始化完成
2026-03-22 14:47:08 - DetectorRegistry - INFO - 已注册检测器: IMPROPER_MODULE_COHESION
2026-03-22 14:47:08 - PipelineFragmentationDetector - INFO - PipelineFragmentationDetector初始化完成
2026-03-22 14:47:08 - DetectorRegistry - INFO - 已注册检测器: PIPELINE_FRAGMENTATION
2026-03-22 14:47:08 - HardcodedParametersDetector - INFO - HardcodedParametersDetector初始化完成
2026-03-22 14:47:08 - DetectorRegistry - INFO - 已注册检测器: HARDCODED_PARAMETERS
2026-03-22 14:47:08 - LackOfVersionControlDetector - INFO - LackOfVersionControlDetector初始化完成
2026-03-22 14:47:08 - DetectorRegistry - INFO - 已注册检测器: LACK_OF_VERSION_CONTROL
2026-03-22 14:47:08 - NonDeterministicOrderDetector - INFO - NonDeterministicOrderDetector初始化完成
2026-03-22 14:47:08 - DetectorRegistry - INFO - 已注册检测器: NON_DETERMINISTIC_ORDER
2026-03-22 14:47:08 - DetectorRegistry - INFO - 开始检测Pipeline: dataset/example_01_data_leakage.py
2026-03-22 14:47:08 - DetectorRegistry - INFO - 使用 18 个检测器
2026-03-22 14:47:08 - DetectorRegistry - INFO - 检测完成，共找到 0 个Smell，耗时 2.41ms
2026-03-22 14:49:25 - DataLeakageDetector - INFO - DataLeakageDetector初始化完成
2026-03-22 14:50:32 - DataLeakageDetector - INFO - DataLeakageDetector初始化完成
2026-03-22 14:50:32 - DetectorRegistry - INFO - 已注册检测器: DATA_LEAKAGE
2026-03-22 14:50:32 - MissingEvaluationDetector - INFO - MissingEvaluationDetector初始化完成
2026-03-22 14:50:32 - DetectorRegistry - INFO - 已注册检测器: MISSING_EVALUATION
2026-03-22 14:50:32 - ModuleOrderViolationDetector - INFO - ModuleOrderViolationDetector初始化完成
2026-03-22 14:50:32 - DetectorRegistry - INFO - 已注册检测器: MODULE_ORDER_VIOLATION
2026-03-22 14:50:32 - RepeatedTransformDetector - INFO - RepeatedTransformDetector初始化完成
2026-03-22 14:50:32 - DetectorRegistry - INFO - 已注册检测器: REPEATED_TRANSFORM
2026-03-22 14:50:32 - ExcessiveCopyDetector - INFO - ExcessiveCopyDetector初始化完成
2026-03-22 14:50:32 - DetectorRegistry - INFO - 已注册检测器: EXCESSIVE_COPY
2026-03-22 14:50:32 - RedundantOperationDetector - INFO - RedundantOperationDetector初始化完成
2026-03-22 14:50:32 - DetectorRegistry - INFO - 已注册检测器: REDUNDANT_OPERATION
2026-03-22 14:50:32 - MissingRandomSeedDetector - INFO - MissingRandomSeedDetector初始化完成
2026-03-22 14:50:32 - DetectorRegistry - INFO - 已注册检测器: MISSING_RANDOM_SEED
2026-03-22 14:50:32 - MissingValidationDetector - INFO - MissingValidationDetector初始化完成
2026-03-22 14:50:32 - DetectorRegistry - INFO - 已注册检测器: MISSING_VALIDATION
2026-03-22 14:50:32 - MissingDataProfilingDetector - INFO - MissingDataProfilingDetector初始化完成
2026-03-22 14:50:32 - DetectorRegistry - INFO - 已注册检测器: MISSING_DATA_PROFILING
2026-03-22 14:50:32 - InefficientAggregationDetector - INFO - InefficientAggregationDetector初始化完成
2026-03-22 14:50:32 - DetectorRegistry - INFO - 已注册检测器: INEFFICIENT_AGGREGATION
2026-03-22 14:50:32 - UnnecessaryMaterializationDetector - INFO - UnnecessaryMaterializationDetector初始化完成
2026-03-22 14:50:32 - DetectorRegistry - INFO - 已注册检测器: UNNECESSARY_MATERIALIZATION
2026-03-22 14:50:32 - LargeDataFrameOperationDetector - INFO - LargeDataFrameOperationDetector初始化完成
2026-03-22 14:50:32 - DetectorRegistry - INFO - 已注册检测器: LARGE_DATA_FRAME_OPERATION
2026-03-22 14:50:32 - CircularDependencyDetector - INFO - CircularDependencyDetector初始化完成
2026-03-22 14:50:32 - DetectorRegistry - INFO - 已注册检测器: CIRCULAR_DEPENDENCY
2026-03-22 14:50:32 - ImproperModuleCohesionDetector - INFO - ImproperModuleCohesionDetector初始化完成
2026-03-22 14:50:32 - DetectorRegistry - INFO - 已注册检测器: IMPROPER_MODULE_COHESION
2026-03-22 14:50:32 - PipelineFragmentationDetector - INFO - PipelineFragmentationDetector初始化完成
2026-03-22 14:50:32 - DetectorRegistry - INFO - 已注册检测器: PIPELINE_FRAGMENTATION
2026-03-22 14:50:32 - HardcodedParametersDetector - INFO - HardcodedParametersDetector初始化完成
2026-03-22 14:50:32 - DetectorRegistry - INFO - 已注册检测器: HARDCODED_PARAMETERS
2026-03-22 14:50:32 - LackOfVersionControlDetector - INFO - LackOfVersionControlDetector初始化完成
2026-03-22 14:50:32 - DetectorRegistry - INFO - 已注册检测器: LACK_OF_VERSION_CONTROL
2026-03-22 14:50:32 - NonDeterministicOrderDetector - INFO - NonDeterministicOrderDetector初始化完成
2026-03-22 14:50:32 - DetectorRegistry - INFO - 已注册检测器: NON_DETERMINISTIC_ORDER
2026-03-22 14:50:32 - DetectorRegistry - INFO - 开始检测Pipeline: D:\PipeSmell\dataset\example_08_inefficient_aggregation.py
2026-03-22 14:50:32 - DetectorRegistry - INFO - 使用 18 个检测器
2026-03-22 14:50:32 - MissingEvaluationDetector - INFO - 检测到缺少评估: at line 31
2026-03-22 14:50:32 - MissingDataProfilingDetector - INFO - 检测到缺少数据探索: at line 12
2026-03-22 14:50:32 - InefficientAggregationDetector - INFO - 检测到低效聚合: iterrows at line 17
2026-03-22 14:50:32 - LackOfVersionControlDetector - INFO - 检测到缺少版本控制: at line 12
2026-03-22 14:50:32 - DetectorRegistry - INFO - 检测完成，共找到 4 个Smell，耗时 5.29ms
2026-03-22 14:50:32 - DetectorRegistry - INFO - 开始检测Pipeline: D:\PipeSmell\dataset\example_15_pipeline_fragmentation.py
2026-03-22 14:50:32 - DetectorRegistry - INFO - 使用 18 个检测器
2026-03-22 14:50:32 - MissingEvaluationDetector - INFO - 检测到缺少评估: at line 53
2026-03-22 14:50:32 - MissingDataProfilingDetector - INFO - 检测到缺少数据探索: at line 12
2026-03-22 14:50:32 - ImproperModuleCohesionDetector - INFO - 检测到模块内聚不当: 6 types at line 12
2026-03-22 14:50:32 - PipelineFragmentationDetector - INFO - 检测到Pipeline碎片化: 11 fragments at line 12
2026-03-22 14:50:32 - LackOfVersionControlDetector - INFO - 检测到缺少版本控制: at line 12
2026-03-22 14:50:32 - DetectorRegistry - INFO - 检测完成，共找到 5 个Smell，耗时 6.28ms
2026-03-22 14:50:32 - DetectorRegistry - INFO - 开始检测Pipeline: D:\PipeSmell\dataset\example_17_large_dataframe_operation.py
2026-03-22 14:50:32 - DetectorRegistry - INFO - 使用 18 个检测器
2026-03-22 14:50:32 - MissingEvaluationDetector - INFO - 检测到缺少评估: at line 38
2026-03-22 14:50:32 - MissingDataProfilingDetector - INFO - 检测到缺少数据探索: at line 13
2026-03-22 14:50:32 - InefficientAggregationDetector - INFO - 检测到低效聚合: iterrows at line 20
2026-03-22 14:50:32 - LargeDataFrameOperationDetector - INFO - 检测到大DataFrame操作: at line 20
2026-03-22 14:50:32 - ImproperModuleCohesionDetector - INFO - 检测到模块内聚不当: 6 types at line 13
2026-03-22 14:50:32 - LackOfVersionControlDetector - INFO - 检测到缺少版本控制: at line 13
2026-03-22 14:50:32 - DetectorRegistry - INFO - 检测完成，共找到 6 个Smell，耗时 7.53ms
2026-03-22 14:50:32 - DetectorRegistry - INFO - 开始检测Pipeline: D:\PipeSmell\dataset\example_14_improper_module_cohesion.py
2026-03-22 14:50:32 - DetectorRegistry - INFO - 使用 18 个检测器
2026-03-22 14:50:32 - DataLeakageDetector - INFO - 检测到数据泄露: fit_transform at line 22
2026-03-22 14:50:32 - MissingDataProfilingDetector - INFO - 检测到缺少数据探索: at line 15
2026-03-22 14:50:32 - ImproperModuleCohesionDetector - INFO - 检测到模块内聚不当: 7 types at line 15
2026-03-22 14:50:32 - DetectorRegistry - INFO - 检测完成，共找到 3 个Smell，耗时 2.24ms
2026-03-22 14:50:32 - DetectorRegistry - INFO - 开始检测Pipeline: D:\PipeSmell\dataset\example_20_multiple_smells.py
2026-03-22 14:50:32 - DetectorRegistry - INFO - 使用 18 个检测器
2026-03-22 14:50:32 - DataLeakageDetector - INFO - 检测到数据泄露: fit_transform at line 18
2026-03-22 14:50:32 - MissingEvaluationDetector - INFO - 检测到缺少评估: at line 31
2026-03-22 14:50:32 - MissingRandomSeedDetector - INFO - 检测到缺少随机种子: train_test_split at line 21
2026-03-22 14:50:32 - MissingDataProfilingDetector - INFO - 检测到缺少数据探索: at line 12
2026-03-22 14:50:32 - ImproperModuleCohesionDetector - INFO - 检测到模块内聚不当: 6 types at line 12
2026-03-22 14:50:32 - HardcodedParametersDetector - INFO - 检测到硬编码参数: 4 params at line 24
2026-03-22 14:50:32 - LackOfVersionControlDetector - INFO - 检测到缺少版本控制: at line 12
2026-03-22 14:50:32 - DetectorRegistry - INFO - 检测完成，共找到 7 个Smell，耗时 4.35ms
2026-03-22 14:50:32 - DetectorRegistry - INFO - 开始检测Pipeline: D:\PipeSmell\dataset\example_05_missing_evaluation.py
2026-03-22 14:50:32 - DetectorRegistry - INFO - 使用 18 个检测器
2026-03-22 14:50:32 - MissingEvaluationDetector - INFO - 检测到缺少评估: at line 20
2026-03-22 14:50:32 - MissingDataProfilingDetector - INFO - 检测到缺少数据探索: at line 11
2026-03-22 14:50:32 - LackOfVersionControlDetector - INFO - 检测到缺少版本控制: at line 11
2026-03-22 14:50:32 - DetectorRegistry - INFO - 检测完成，共找到 3 个Smell，耗时 4.25ms
2026-03-22 14:50:32 - DetectorRegistry - INFO - 开始检测Pipeline: D:\PipeSmell\dataset\example_11_excessive_copy.py
2026-03-22 14:50:32 - DetectorRegistry - INFO - 使用 18 个检测器
2026-03-22 14:50:32 - MissingEvaluationDetector - INFO - 检测到缺少评估: at line 29
2026-03-22 14:50:32 - ExcessiveCopyDetector - INFO - 检测到过度复制: at line 18
2026-03-22 14:50:32 - MissingDataProfilingDetector - INFO - 检测到缺少数据探索: at line 12
2026-03-22 14:50:32 - ImproperModuleCohesionDetector - INFO - 检测到模块内聚不当: 6 types at line 12
2026-03-22 14:50:32 - LackOfVersionControlDetector - INFO - 检测到缺少版本控制: at line 12
2026-03-22 14:50:32 - DetectorRegistry - INFO - 检测完成，共找到 5 个Smell，耗时 4.12ms
2026-03-22 14:50:32 - DetectorRegistry - INFO - 开始检测Pipeline: D:\PipeSmell\dataset\example_06_hardcoded_parameters.py
2026-03-22 14:50:32 - DetectorRegistry - INFO - 使用 18 个检测器
2026-03-22 14:50:32 - MissingDataProfilingDetector - INFO - 检测到缺少数据探索: at line 12
2026-03-22 14:50:32 - ImproperModuleCohesionDetector - INFO - 检测到模块内聚不当: 6 types at line 12
2026-03-22 14:50:32 - HardcodedParametersDetector - INFO - 检测到硬编码参数: 5 params at line 19
2026-03-22 14:50:32 - LackOfVersionControlDetector - INFO - 检测到缺少版本控制: at line 12
2026-03-22 14:50:32 - DetectorRegistry - INFO - 检测完成，共找到 4 个Smell，耗时 3.17ms
2026-03-22 14:50:32 - DetectorRegistry - INFO - 开始检测Pipeline: D:\PipeSmell\dataset\example_03_missing_validation.py
2026-03-22 14:50:32 - DetectorRegistry - INFO - 使用 18 个检测器
2026-03-22 14:50:32 - MissingValidationDetector - INFO - 检测到缺少验证集: at line 17
2026-03-22 14:50:32 - MissingDataProfilingDetector - INFO - 检测到缺少数据探索: at line 11
2026-03-22 14:50:32 - DetectorRegistry - INFO - 检测完成，共找到 2 个Smell，耗时 7.02ms
2026-03-22 14:50:32 - DetectorRegistry - INFO - 开始检测Pipeline: D:\PipeSmell\dataset\example_01_data_leakage.py
2026-03-22 14:50:32 - DetectorRegistry - INFO - 使用 18 个检测器
2026-03-22 14:50:32 - DataLeakageDetector - INFO - 检测到数据泄露: fit_transform at line 20
2026-03-22 14:50:32 - MissingRandomSeedDetector - INFO - 检测到缺少随机种子: train_test_split at line 23
2026-03-22 14:50:32 - MissingDataProfilingDetector - INFO - 检测到缺少数据探索: at line 14
2026-03-22 14:50:32 - ImproperModuleCohesionDetector - INFO - 检测到模块内聚不当: 7 types at line 14
2026-03-22 14:50:32 - LackOfVersionControlDetector - INFO - 检测到缺少版本控制: at line 14
2026-03-22 14:50:32 - DetectorRegistry - INFO - 检测完成，共找到 5 个Smell，耗时 7.25ms
2026-03-22 14:50:32 - DetectorRegistry - INFO - 开始检测Pipeline: D:\PipeSmell\dataset\example_04_repeated_transform.py
2026-03-22 14:50:32 - DetectorRegistry - INFO - 使用 18 个检测器
2026-03-22 14:50:32 - MissingEvaluationDetector - INFO - 检测到缺少评估: at line 29
2026-03-22 14:50:32 - MissingDataProfilingDetector - INFO - 检测到缺少数据探索: at line 13
2026-03-22 14:50:32 - ImproperModuleCohesionDetector - INFO - 检测到模块内聚不当: 6 types at line 13
2026-03-22 14:50:32 - LackOfVersionControlDetector - INFO - 检测到缺少版本控制: at line 13
2026-03-22 14:50:32 - DetectorRegistry - INFO - 检测完成，共找到 4 个Smell，耗时 3.10ms
2026-03-22 14:50:32 - DetectorRegistry - INFO - 开始检测Pipeline: D:\PipeSmell\dataset\example_16_unnecessary_materialization.py
2026-03-22 14:50:32 - DetectorRegistry - INFO - 使用 18 个检测器
2026-03-22 14:50:32 - MissingEvaluationDetector - INFO - 检测到缺少评估: at line 43
2026-03-22 14:50:32 - MissingDataProfilingDetector - INFO - 检测到缺少数据探索: at line 13
2026-03-22 14:50:32 - UnnecessaryMaterializationDetector - INFO - 检测到不必要物化: at line 20
2026-03-22 14:50:32 - UnnecessaryMaterializationDetector - INFO - 检测到不必要物化: at line 24
2026-03-22 14:50:32 - UnnecessaryMaterializationDetector - INFO - 检测到不必要物化: at line 28
2026-03-22 14:50:32 - ImproperModuleCohesionDetector - INFO - 检测到模块内聚不当: 6 types at line 13
2026-03-22 14:50:32 - LackOfVersionControlDetector - INFO - 检测到缺少版本控制: at line 13
2026-03-22 14:50:32 - DetectorRegistry - INFO - 检测完成，共找到 7 个Smell，耗时 7.38ms
2026-03-22 14:50:32 - DetectorRegistry - INFO - 开始检测Pipeline: D:\PipeSmell\dataset\example_10_redundant_operation.py
2026-03-22 14:50:32 - DetectorRegistry - INFO - 使用 18 个检测器
2026-03-22 14:50:32 - MissingEvaluationDetector - INFO - 检测到缺少评估: at line 24
2026-03-22 14:50:32 - RedundantOperationDetector - INFO - 检测到冗余操作: dropna+fillna at line 16
2026-03-22 14:50:32 - MissingDataProfilingDetector - INFO - 检测到缺少数据探索: at line 12
2026-03-22 14:50:32 - LackOfVersionControlDetector - INFO - 检测到缺少版本控制: at line 12
2026-03-22 14:50:32 - DetectorRegistry - INFO - 检测完成，共找到 4 个Smell，耗时 4.78ms
2026-03-22 14:50:32 - DetectorRegistry - INFO - 开始检测Pipeline: D:\PipeSmell\dataset\example_18_lack_version_control.py
2026-03-22 14:50:32 - DetectorRegistry - INFO - 使用 18 个检测器
2026-03-22 14:50:32 - MissingDataProfilingDetector - INFO - 检测到缺少数据探索: at line 22
2026-03-22 14:50:32 - ImproperModuleCohesionDetector - INFO - 检测到模块内聚不当: 7 types at line 22
2026-03-22 14:50:32 - LackOfVersionControlDetector - INFO - 检测到缺少版本控制: at line 22
2026-03-22 14:50:32 - DetectorRegistry - INFO - 检测完成，共找到 3 个Smell，耗时 5.33ms
2026-03-22 14:50:32 - DetectorRegistry - INFO - 开始检测Pipeline: D:\PipeSmell\dataset\example_07_nondeterministic_order.py
2026-03-22 14:50:32 - DetectorRegistry - INFO - 使用 18 个检测器
2026-03-22 14:50:32 - MissingEvaluationDetector - INFO - 检测到缺少评估: at line 27
2026-03-22 14:50:32 - MissingDataProfilingDetector - INFO - 检测到缺少数据探索: at line 12
2026-03-22 14:50:32 - LackOfVersionControlDetector - INFO - 检测到缺少版本控制: at line 12
2026-03-22 14:50:32 - DetectorRegistry - INFO - 检测完成，共找到 3 个Smell，耗时 5.23ms
2026-03-22 14:50:32 - DetectorRegistry - INFO - 开始检测Pipeline: D:\PipeSmell\dataset\example_13_circular_dependency.py
2026-03-22 14:50:32 - DetectorRegistry - INFO - 使用 18 个检测器
2026-03-22 14:50:32 - MissingEvaluationDetector - INFO - 检测到缺少评估: at line 41
2026-03-22 14:50:32 - MissingDataProfilingDetector - INFO - 检测到缺少数据探索: at line 25
2026-03-22 14:50:32 - CircularDependencyDetector - INFO - 检测到循环依赖: D:\PipeSmell\dataset\example_13_circular_dependency.py:18
2026-03-22 14:50:32 - ImproperModuleCohesionDetector - INFO - 检测到模块内聚不当: 6 types at line 14
2026-03-22 14:50:32 - LackOfVersionControlDetector - INFO - 检测到缺少版本控制: at line 14
2026-03-22 14:50:32 - DetectorRegistry - INFO - 检测完成，共找到 5 个Smell，耗时 6.34ms
2026-03-22 14:50:32 - DetectorRegistry - INFO - 开始检测Pipeline: D:\PipeSmell\dataset\example_02_missing_random_seed.py
2026-03-22 14:50:32 - DetectorRegistry - INFO - 使用 18 个检测器
2026-03-22 14:50:32 - MissingRandomSeedDetector - INFO - 检测到缺少随机种子: train_test_split at line 17
2026-03-22 14:50:32 - MissingDataProfilingDetector - INFO - 检测到缺少数据探索: at line 12
2026-03-22 14:50:32 - LackOfVersionControlDetector - INFO - 检测到缺少版本控制: at line 12
2026-03-22 14:50:32 - DetectorRegistry - INFO - 检测完成，共找到 3 个Smell，耗时 4.03ms
2026-03-22 14:50:32 - DetectorRegistry - INFO - 开始检测Pipeline: D:\PipeSmell\dataset\example_12_module_order_violation.py
2026-03-22 14:50:32 - DetectorRegistry - INFO - 使用 18 个检测器
2026-03-22 14:50:32 - MissingEvaluationDetector - INFO - 检测到缺少评估: at line 31
2026-03-22 14:50:32 - ModuleOrderViolationDetector - INFO - 检测到模块顺序违反: at line 26
2026-03-22 14:50:32 - MissingDataProfilingDetector - INFO - 检测到缺少数据探索: at line 13
2026-03-22 14:50:32 - ImproperModuleCohesionDetector - INFO - 检测到模块内聚不当: 6 types at line 13
2026-03-22 14:50:33 - LackOfVersionControlDetector - INFO - 检测到缺少版本控制: at line 13
2026-03-22 14:50:33 - DetectorRegistry - INFO - 检测完成，共找到 5 个Smell，耗时 4.41ms
2026-03-22 14:50:33 - DetectorRegistry - INFO - 开始检测Pipeline: D:\PipeSmell\dataset\example_09_missing_data_profiling.py
2026-03-22 14:50:33 - DetectorRegistry - INFO - 使用 18 个检测器
2026-03-22 14:50:33 - MissingDataProfilingDetector - INFO - 检测到缺少数据探索: at line 14
2026-03-22 14:50:33 - ImproperModuleCohesionDetector - INFO - 检测到模块内聚不当: 7 types at line 14
2026-03-22 14:50:33 - LackOfVersionControlDetector - INFO - 检测到缺少版本控制: at line 14
2026-03-22 14:50:33 - DetectorRegistry - INFO - 检测完成，共找到 3 个Smell，耗时 3.65ms
2026-03-22 14:50:33 - DataLeakageDetector - INFO - DataLeakageDetector初始化完成
2026-03-22 14:50:33 - DetectorRegistry - INFO - 已注册检测器: DATA_LEAKAGE
2026-03-22 14:50:33 - MissingEvaluationDetector - INFO - MissingEvaluationDetector初始化完成
2026-03-22 14:50:33 - DetectorRegistry - INFO - 已注册检测器: MISSING_EVALUATION
2026-03-22 14:50:33 - ModuleOrderViolationDetector - INFO - ModuleOrderViolationDetector初始化完成
2026-03-22 14:50:33 - DetectorRegistry - INFO - 已注册检测器: MODULE_ORDER_VIOLATION
2026-03-22 14:50:33 - RepeatedTransformDetector - INFO - RepeatedTransformDetector初始化完成
2026-03-22 14:50:33 - DetectorRegistry - INFO - 已注册检测器: REPEATED_TRANSFORM
2026-03-22 14:50:33 - ExcessiveCopyDetector - INFO - ExcessiveCopyDetector初始化完成
2026-03-22 14:50:33 - DetectorRegistry - INFO - 已注册检测器: EXCESSIVE_COPY
2026-03-22 14:50:33 - RedundantOperationDetector - INFO - RedundantOperationDetector初始化完成
2026-03-22 14:50:33 - DetectorRegistry - INFO - 已注册检测器: REDUNDANT_OPERATION
2026-03-22 14:50:33 - MissingRandomSeedDetector - INFO - MissingRandomSeedDetector初始化完成
2026-03-22 14:50:33 - DetectorRegistry - INFO - 已注册检测器: MISSING_RANDOM_SEED
2026-03-22 14:50:33 - MissingValidationDetector - INFO - MissingValidationDetector初始化完成
2026-03-22 14:50:33 - DetectorRegistry - INFO - 已注册检测器: MISSING_VALIDATION
2026-03-22 14:50:33 - MissingDataProfilingDetector - INFO - MissingDataProfilingDetector初始化完成
2026-03-22 14:50:33 - DetectorRegistry - INFO - 已注册检测器: MISSING_DATA_PROFILING
2026-03-22 14:50:33 - InefficientAggregationDetector - INFO - InefficientAggregationDetector初始化完成
2026-03-22 14:50:33 - DetectorRegistry - INFO - 已注册检测器: INEFFICIENT_AGGREGATION
2026-03-22 14:50:33 - UnnecessaryMaterializationDetector - INFO - UnnecessaryMaterializationDetector初始化完成
2026-03-22 14:50:33 - DetectorRegistry - INFO - 已注册检测器: UNNECESSARY_MATERIALIZATION
2026-03-22 14:50:33 - LargeDataFrameOperationDetector - INFO - LargeDataFrameOperationDetector初始化完成
2026-03-22 14:50:33 - DetectorRegistry - INFO - 已注册检测器: LARGE_DATA_FRAME_OPERATION
2026-03-22 14:50:33 - CircularDependencyDetector - INFO - CircularDependencyDetector初始化完成
2026-03-22 14:50:33 - DetectorRegistry - INFO - 已注册检测器: CIRCULAR_DEPENDENCY
2026-03-22 14:50:33 - ImproperModuleCohesionDetector - INFO - ImproperModuleCohesionDetector初始化完成
2026-03-22 14:50:33 - DetectorRegistry - INFO - 已注册检测器: IMPROPER_MODULE_COHESION
2026-03-22 14:50:33 - PipelineFragmentationDetector - INFO - PipelineFragmentationDetector初始化完成
2026-03-22 14:50:33 - DetectorRegistry - INFO - 已注册检测器: PIPELINE_FRAGMENTATION
2026-03-22 14:50:33 - HardcodedParametersDetector - INFO - HardcodedParametersDetector初始化完成
2026-03-22 14:50:33 - DetectorRegistry - INFO - 已注册检测器: HARDCODED_PARAMETERS
2026-03-22 14:50:33 - LackOfVersionControlDetector - INFO - LackOfVersionControlDetector初始化完成
2026-03-22 14:50:33 - DetectorRegistry - INFO - 已注册检测器: LACK_OF_VERSION_CONTROL
2026-03-22 14:50:33 - NonDeterministicOrderDetector - INFO - NonDeterministicOrderDetector初始化完成
2026-03-22 14:50:33 - DetectorRegistry - INFO - 已注册检测器: NON_DETERMINISTIC_ORDER
2026-03-22 14:50:33 - DetectorRegistry - INFO - 开始检测Pipeline: test_detector.py
2026-03-22 14:50:33 - DetectorRegistry - INFO - 使用 18 个检测器
2026-03-22 14:50:33 - DataLeakageDetector - INFO - 检测到数据泄露: fit_transform at line 10
2026-03-22 14:50:33 - MissingEvaluationDetector - INFO - 检测到缺少评估: at line 12
2026-03-22 14:50:33 - MissingRandomSeedDetector - INFO - 检测到缺少随机种子: train_test_split at line 12
2026-03-22 14:50:33 - MissingDataProfilingDetector - INFO - 检测到缺少数据探索: at line 6
2026-03-22 14:50:33 - DetectorRegistry - INFO - 检测完成，共找到 4 个Smell，耗时 41.60ms
2026-03-22 14:53:46 - DataLeakageDetector - INFO - DataLeakageDetector初始化完成
2026-03-22 14:53:46 - DetectorRegistry - INFO - 已注册检测器: DATA_LEAKAGE
2026-03-22 14:53:46 - MissingEvaluationDetector - INFO - MissingEvaluationDetector初始化完成
2026-03-22 14:53:46 - DetectorRegistry - INFO - 已注册检测器: MISSING_EVALUATION
2026-03-22 14:53:46 - ModuleOrderViolationDetector - INFO - ModuleOrderViolationDetector初始化完成
2026-03-22 14:53:46 - DetectorRegistry - INFO - 已注册检测器: MODULE_ORDER_VIOLATION
2026-03-22 14:53:46 - RepeatedTransformDetector - INFO - RepeatedTransformDetector初始化完成
2026-03-22 14:53:46 - DetectorRegistry - INFO - 已注册检测器: REPEATED_TRANSFORM
2026-03-22 14:53:46 - ExcessiveCopyDetector - INFO - ExcessiveCopyDetector初始化完成
2026-03-22 14:53:46 - DetectorRegistry - INFO - 已注册检测器: EXCESSIVE_COPY
2026-03-22 14:53:46 - RedundantOperationDetector - INFO - RedundantOperationDetector初始化完成
2026-03-22 14:53:46 - DetectorRegistry - INFO - 已注册检测器: REDUNDANT_OPERATION
2026-03-22 14:53:46 - MissingRandomSeedDetector - INFO - MissingRandomSeedDetector初始化完成
2026-03-22 14:53:46 - DetectorRegistry - INFO - 已注册检测器: MISSING_RANDOM_SEED
2026-03-22 14:53:46 - MissingValidationDetector - INFO - MissingValidationDetector初始化完成
2026-03-22 14:53:46 - DetectorRegistry - INFO - 已注册检测器: MISSING_VALIDATION
2026-03-22 14:53:46 - MissingDataProfilingDetector - INFO - MissingDataProfilingDetector初始化完成
2026-03-22 14:53:46 - DetectorRegistry - INFO - 已注册检测器: MISSING_DATA_PROFILING
2026-03-22 14:53:46 - InefficientAggregationDetector - INFO - InefficientAggregationDetector初始化完成
2026-03-22 14:53:46 - DetectorRegistry - INFO - 已注册检测器: INEFFICIENT_AGGREGATION
2026-03-22 14:53:46 - UnnecessaryMaterializationDetector - INFO - UnnecessaryMaterializationDetector初始化完成
2026-03-22 14:53:46 - DetectorRegistry - INFO - 已注册检测器: UNNECESSARY_MATERIALIZATION
2026-03-22 14:53:46 - LargeDataFrameOperationDetector - INFO - LargeDataFrameOperationDetector初始化完成
2026-03-22 14:53:46 - DetectorRegistry - INFO - 已注册检测器: LARGE_DATA_FRAME_OPERATION
2026-03-22 14:53:46 - CircularDependencyDetector - INFO - CircularDependencyDetector初始化完成
2026-03-22 14:53:46 - DetectorRegistry - INFO - 已注册检测器: CIRCULAR_DEPENDENCY
2026-03-22 14:53:46 - ImproperModuleCohesionDetector - INFO - ImproperModuleCohesionDetector初始化完成
2026-03-22 14:53:46 - DetectorRegistry - INFO - 已注册检测器: IMPROPER_MODULE_COHESION
2026-03-22 14:53:46 - PipelineFragmentationDetector - INFO - PipelineFragmentationDetector初始化完成
2026-03-22 14:53:46 - DetectorRegistry - INFO - 已注册检测器: PIPELINE_FRAGMENTATION
2026-03-22 14:53:46 - HardcodedParametersDetector - INFO - HardcodedParametersDetector初始化完成
2026-03-22 14:53:46 - DetectorRegistry - INFO - 已注册检测器: HARDCODED_PARAMETERS
2026-03-22 14:53:46 - LackOfVersionControlDetector - INFO - LackOfVersionControlDetector初始化完成
2026-03-22 14:53:46 - DetectorRegistry - INFO - 已注册检测器: LACK_OF_VERSION_CONTROL
2026-03-22 14:53:46 - NonDeterministicOrderDetector - INFO - NonDeterministicOrderDetector初始化完成
2026-03-22 14:53:46 - DetectorRegistry - INFO - 已注册检测器: NON_DETERMINISTIC_ORDER
2026-03-22 14:53:46 - DetectorRegistry - INFO - 开始检测Pipeline: test_detector.py
2026-03-22 14:53:46 - DetectorRegistry - INFO - 使用 18 个检测器
2026-03-22 14:53:46 - DataLeakageDetector - INFO - 检测到数据泄露: fit_transform at line 10
2026-03-22 14:53:46 - MissingRandomSeedDetector - INFO - 检测到缺少随机种子: train_test_split at line 12
2026-03-22 14:53:46 - DetectorRegistry - INFO - 检测完成，共找到 2 个Smell，耗时 3.17ms
2026-03-22 15:06:14 - DataLeakageDetector - INFO - DataLeakageDetector初始化完成
2026-03-22 15:06:14 - DetectorRegistry - INFO - 已注册检测器: DATA_LEAKAGE
2026-03-22 15:06:14 - MissingEvaluationDetector - INFO - MissingEvaluationDetector初始化完成
2026-03-22 15:06:14 - DetectorRegistry - INFO - 已注册检测器: MISSING_EVALUATION
2026-03-22 15:06:14 - ModuleOrderViolationDetector - INFO - ModuleOrderViolationDetector初始化完成
2026-03-22 15:06:14 - DetectorRegistry - INFO - 已注册检测器: MODULE_ORDER_VIOLATION
2026-03-22 15:06:14 - RepeatedTransformDetector - INFO - RepeatedTransformDetector初始化完成
2026-03-22 15:06:14 - DetectorRegistry - INFO - 已注册检测器: REPEATED_TRANSFORM
2026-03-22 15:06:14 - ExcessiveCopyDetector - INFO - ExcessiveCopyDetector初始化完成
2026-03-22 15:06:14 - DetectorRegistry - INFO - 已注册检测器: EXCESSIVE_COPY
2026-03-22 15:06:14 - RedundantOperationDetector - INFO - RedundantOperationDetector初始化完成
2026-03-22 15:06:14 - DetectorRegistry - INFO - 已注册检测器: REDUNDANT_OPERATION
2026-03-22 15:06:14 - MissingRandomSeedDetector - INFO - MissingRandomSeedDetector初始化完成
2026-03-22 15:06:14 - DetectorRegistry - INFO - 已注册检测器: MISSING_RANDOM_SEED
2026-03-22 15:06:14 - MissingValidationDetector - INFO - MissingValidationDetector初始化完成
2026-03-22 15:06:14 - DetectorRegistry - INFO - 已注册检测器: MISSING_VALIDATION
2026-03-22 15:06:14 - MissingDataProfilingDetector - INFO - MissingDataProfilingDetector初始化完成
2026-03-22 15:06:14 - DetectorRegistry - INFO - 已注册检测器: MISSING_DATA_PROFILING
2026-03-22 15:06:14 - InefficientAggregationDetector - INFO - InefficientAggregationDetector初始化完成
2026-03-22 15:06:15 - DetectorRegistry - INFO - 已注册检测器: INEFFICIENT_AGGREGATION
2026-03-22 15:06:15 - UnnecessaryMaterializationDetector - INFO - UnnecessaryMaterializationDetector初始化完成
2026-03-22 15:06:15 - DetectorRegistry - INFO - 已注册检测器: UNNECESSARY_MATERIALIZATION
2026-03-22 15:06:15 - LargeDataFrameOperationDetector - INFO - LargeDataFrameOperationDetector初始化完成
2026-03-22 15:06:15 - DetectorRegistry - INFO - 已注册检测器: LARGE_DATA_FRAME_OPERATION
2026-03-22 15:06:15 - CircularDependencyDetector - INFO - CircularDependencyDetector初始化完成
2026-03-22 15:06:15 - DetectorRegistry - INFO - 已注册检测器: CIRCULAR_DEPENDENCY
2026-03-22 15:06:15 - ImproperModuleCohesionDetector - INFO - ImproperModuleCohesionDetector初始化完成
2026-03-22 15:06:15 - DetectorRegistry - INFO - 已注册检测器: IMPROPER_MODULE_COHESION
2026-03-22 15:06:15 - PipelineFragmentationDetector - INFO - PipelineFragmentationDetector初始化完成
2026-03-22 15:06:15 - DetectorRegistry - INFO - 已注册检测器: PIPELINE_FRAGMENTATION
2026-03-22 15:06:15 - HardcodedParametersDetector - INFO - HardcodedParametersDetector初始化完成
2026-03-22 15:06:15 - DetectorRegistry - INFO - 已注册检测器: HARDCODED_PARAMETERS
2026-03-22 15:06:15 - LackOfVersionControlDetector - INFO - LackOfVersionControlDetector初始化完成
2026-03-22 15:06:15 - DetectorRegistry - INFO - 已注册检测器: LACK_OF_VERSION_CONTROL
2026-03-22 15:06:15 - NonDeterministicOrderDetector - INFO - NonDeterministicOrderDetector初始化完成
2026-03-22 15:06:15 - DetectorRegistry - INFO - 已注册检测器: NON_DETERMINISTIC_ORDER
2026-03-22 15:06:15 - DetectorRegistry - INFO - 开始检测Pipeline: D:\PipeSmell\dataset\example_02_missing_random_seed.py
2026-03-22 15:06:15 - DetectorRegistry - INFO - 使用 18 个检测器
2026-03-22 15:06:15 - MissingRandomSeedDetector - INFO - 检测到缺少随机种子: train_test_split at line 17
2026-03-22 15:06:15 - DetectorRegistry - INFO - 检测完成，共找到 1 个Smell，耗时 11.63ms
2026-03-22 15:06:15 - DetectorRegistry - INFO - 开始检测Pipeline: D:\PipeSmell\dataset\example_20_multiple_smells.py
2026-03-22 15:06:15 - DetectorRegistry - INFO - 使用 18 个检测器
2026-03-22 15:06:15 - DataLeakageDetector - INFO - 检测到数据泄露: fit_transform at line 18
2026-03-22 15:06:15 - MissingEvaluationDetector - INFO - 检测到缺少评估: at line 31
2026-03-22 15:06:15 - MissingRandomSeedDetector - INFO - 检测到缺少随机种子: train_test_split at line 21
2026-03-22 15:06:15 - HardcodedParametersDetector - INFO - 检测到硬编码参数: 4 params at line 24
2026-03-22 15:06:15 - DetectorRegistry - INFO - 检测完成，共找到 4 个Smell，耗时 16.39ms
2026-03-22 15:06:15 - DetectorRegistry - INFO - 开始检测Pipeline: D:\PipeSmell\dataset\example_10_redundant_operation.py
2026-03-22 15:06:15 - DetectorRegistry - INFO - 使用 18 个检测器
2026-03-22 15:06:15 - RedundantOperationDetector - INFO - 检测到冗余操作: dropna+fillna at line 16
2026-03-22 15:06:15 - DetectorRegistry - INFO - 检测完成，共找到 1 个Smell，耗时 7.06ms
2026-03-22 15:06:15 - DetectorRegistry - INFO - 开始检测Pipeline: D:\PipeSmell\dataset\example_13_circular_dependency.py
2026-03-22 15:06:15 - DetectorRegistry - INFO - 使用 18 个检测器
2026-03-22 15:06:15 - CircularDependencyDetector - INFO - 检测到循环依赖: D:\PipeSmell\dataset\example_13_circular_dependency.py:12
2026-03-22 15:06:15 - DetectorRegistry - INFO - 检测完成，共找到 1 个Smell，耗时 8.48ms
2026-03-22 15:06:15 - DetectorRegistry - INFO - 开始检测Pipeline: D:\PipeSmell\dataset\example_08_inefficient_aggregation.py
2026-03-22 15:06:15 - DetectorRegistry - INFO - 使用 18 个检测器
2026-03-22 15:06:15 - InefficientAggregationDetector - INFO - 检测到低效聚合: iterrows at line 17
2026-03-22 15:06:15 - DetectorRegistry - INFO - 检测完成，共找到 1 个Smell，耗时 7.71ms
2026-03-22 15:06:15 - DetectorRegistry - INFO - 开始检测Pipeline: D:\PipeSmell\dataset\example_15_pipeline_fragmentation.py
2026-03-22 15:06:15 - DetectorRegistry - INFO - 使用 18 个检测器
2026-03-22 15:06:15 - PipelineFragmentationDetector - INFO - 检测到Pipeline碎片化: 11 fragments at line 12
2026-03-22 15:06:15 - DetectorRegistry - INFO - 检测完成，共找到 1 个Smell，耗时 8.57ms
2026-03-22 15:06:15 - DetectorRegistry - INFO - 开始检测Pipeline: D:\PipeSmell\dataset\example_17_large_dataframe_operation.py
2026-03-22 15:06:15 - DetectorRegistry - INFO - 使用 18 个检测器
2026-03-22 15:06:15 - InefficientAggregationDetector - INFO - 检测到低效聚合: iterrows at line 20
2026-03-22 15:06:15 - LargeDataFrameOperationDetector - INFO - 检测到大DataFrame操作: at line 20
2026-03-22 15:06:15 - DetectorRegistry - INFO - 检测完成，共找到 2 个Smell，耗时 15.02ms
2026-03-22 15:06:15 - DetectorRegistry - INFO - 开始检测Pipeline: D:\PipeSmell\dataset\example_14_improper_module_cohesion.py
2026-03-22 15:06:15 - DetectorRegistry - INFO - 使用 18 个检测器
2026-03-22 15:06:15 - DataLeakageDetector - INFO - 检测到数据泄露: fit_transform at line 22
2026-03-22 15:06:15 - DetectorRegistry - INFO - 检测完成，共找到 1 个Smell，耗时 8.71ms
2026-03-22 15:06:15 - DetectorRegistry - INFO - 开始检测Pipeline: D:\PipeSmell\dataset\example_18_lack_version_control.py
2026-03-22 15:06:15 - DetectorRegistry - INFO - 使用 18 个检测器
2026-03-22 15:06:15 - LackOfVersionControlDetector - INFO - 检测到缺少版本控制: at line 22
2026-03-22 15:06:15 - DetectorRegistry - INFO - 检测完成，共找到 1 个Smell，耗时 10.60ms
2026-03-22 15:06:15 - DetectorRegistry - INFO - 开始检测Pipeline: D:\PipeSmell\dataset\example_16_unnecessary_materialization.py
2026-03-22 15:06:15 - DetectorRegistry - INFO - 使用 18 个检测器
2026-03-22 15:06:15 - UnnecessaryMaterializationDetector - INFO - 检测到不必要物化: at line 20
2026-03-22 15:06:15 - UnnecessaryMaterializationDetector - INFO - 检测到不必要物化: at line 24
2026-03-22 15:06:15 - UnnecessaryMaterializationDetector - INFO - 检测到不必要物化: at line 28
2026-03-22 15:06:15 - DetectorRegistry - INFO - 检测完成，共找到 3 个Smell，耗时 9.54ms
2026-03-22 15:06:15 - DetectorRegistry - INFO - 开始检测Pipeline: D:\PipeSmell\dataset\example_11_excessive_copy.py
2026-03-22 15:06:15 - DetectorRegistry - INFO - 使用 18 个检测器
2026-03-22 15:06:15 - ExcessiveCopyDetector - INFO - 检测到过度复制: at line 18
2026-03-22 15:06:15 - DetectorRegistry - INFO - 检测完成，共找到 1 个Smell，耗时 10.03ms
2026-03-22 15:06:15 - DetectorRegistry - INFO - 开始检测Pipeline: D:\PipeSmell\dataset\example_01_data_leakage.py
2026-03-22 15:06:15 - DetectorRegistry - INFO - 使用 18 个检测器
2026-03-22 15:06:15 - DataLeakageDetector - INFO - 检测到数据泄露: fit_transform at line 20
2026-03-22 15:06:15 - MissingRandomSeedDetector - INFO - 检测到缺少随机种子: train_test_split at line 23
2026-03-22 15:06:15 - DetectorRegistry - INFO - 检测完成，共找到 2 个Smell，耗时 10.03ms
2026-03-22 15:06:15 - DetectorRegistry - INFO - 开始检测Pipeline: D:\PipeSmell\dataset\example_06_hardcoded_parameters.py
2026-03-22 15:06:15 - DetectorRegistry - INFO - 使用 18 个检测器
2026-03-22 15:06:15 - HardcodedParametersDetector - INFO - 检测到硬编码参数: 5 params at line 19
2026-03-22 15:06:15 - DetectorRegistry - INFO - 检测完成，共找到 1 个Smell，耗时 9.02ms
2026-03-22 15:06:15 - DetectorRegistry - INFO - 开始检测Pipeline: D:\PipeSmell\dataset\example_09_missing_data_profiling.py
2026-03-22 15:06:15 - DetectorRegistry - INFO - 使用 18 个检测器
2026-03-22 15:06:15 - MissingDataProfilingDetector - INFO - 检测到缺少数据探索: at line 14
2026-03-22 15:06:15 - DetectorRegistry - INFO - 检测完成，共找到 1 个Smell，耗时 12.49ms
2026-03-22 15:06:15 - DetectorRegistry - INFO - 开始检测Pipeline: D:\PipeSmell\dataset\example_03_missing_validation.py
2026-03-22 15:06:15 - DetectorRegistry - INFO - 使用 18 个检测器
2026-03-22 15:06:15 - MissingValidationDetector - INFO - 检测到缺少验证集: at line 17
2026-03-22 15:06:15 - DetectorRegistry - INFO - 检测完成，共找到 1 个Smell，耗时 10.48ms
2026-03-22 15:06:15 - DetectorRegistry - INFO - 开始检测Pipeline: D:\PipeSmell\dataset\example_04_repeated_transform.py
2026-03-22 15:06:15 - DetectorRegistry - INFO - 使用 18 个检测器
2026-03-22 15:06:15 - RepeatedTransformDetector - INFO - 检测到重复转换(多缩放器): at line 24
2026-03-22 15:06:15 - DetectorRegistry - INFO - 检测完成，共找到 1 个Smell，耗时 13.65ms
2026-03-22 15:06:15 - DetectorRegistry - INFO - 开始检测Pipeline: D:\PipeSmell\dataset\example_05_missing_evaluation.py
2026-03-22 15:06:15 - DetectorRegistry - INFO - 使用 18 个检测器
2026-03-22 15:06:15 - MissingEvaluationDetector - INFO - 检测到缺少评估: at line 20
2026-03-22 15:06:15 - DetectorRegistry - INFO - 检测完成，共找到 1 个Smell，耗时 10.46ms
2026-03-22 15:06:15 - DetectorRegistry - INFO - 开始检测Pipeline: D:\PipeSmell\dataset\example_12_module_order_violation.py
2026-03-22 15:06:15 - DetectorRegistry - INFO - 使用 18 个检测器
2026-03-22 15:06:15 - ModuleOrderViolationDetector - INFO - 检测到模块顺序违反: at line 26
2026-03-22 15:06:15 - DetectorRegistry - INFO - 检测完成，共找到 1 个Smell，耗时 15.73ms
2026-03-22 15:06:15 - DetectorRegistry - INFO - 开始检测Pipeline: D:\PipeSmell\dataset\example_07_nondeterministic_order.py
2026-03-22 15:06:15 - DetectorRegistry - INFO - 使用 18 个检测器
2026-03-22 15:06:15 - NonDeterministicOrderDetector - INFO - 检测到非确定性顺序: 源码扫描 line 16
2026-03-22 15:06:15 - DetectorRegistry - INFO - 检测完成，共找到 1 个Smell，耗时 10.66ms
2026-03-22 15:08:35 - DataLeakageDetector - INFO - DataLeakageDetector初始化完成
2026-03-22 15:08:35 - DetectorRegistry - INFO - 已注册检测器: DATA_LEAKAGE
2026-03-22 15:08:35 - MissingEvaluationDetector - INFO - MissingEvaluationDetector初始化完成
2026-03-22 15:08:35 - DetectorRegistry - INFO - 已注册检测器: MISSING_EVALUATION
2026-03-22 15:08:35 - ModuleOrderViolationDetector - INFO - ModuleOrderViolationDetector初始化完成
2026-03-22 15:08:35 - DetectorRegistry - INFO - 已注册检测器: MODULE_ORDER_VIOLATION
2026-03-22 15:08:35 - RepeatedTransformDetector - INFO - RepeatedTransformDetector初始化完成
2026-03-22 15:08:35 - DetectorRegistry - INFO - 已注册检测器: REPEATED_TRANSFORM
2026-03-22 15:08:35 - ExcessiveCopyDetector - INFO - ExcessiveCopyDetector初始化完成
2026-03-22 15:08:35 - DetectorRegistry - INFO - 已注册检测器: EXCESSIVE_COPY
2026-03-22 15:08:35 - RedundantOperationDetector - INFO - RedundantOperationDetector初始化完成
2026-03-22 15:08:35 - DetectorRegistry - INFO - 已注册检测器: REDUNDANT_OPERATION
2026-03-22 15:08:35 - MissingRandomSeedDetector - INFO - MissingRandomSeedDetector初始化完成
2026-03-22 15:08:35 - DetectorRegistry - INFO - 已注册检测器: MISSING_RANDOM_SEED
2026-03-22 15:08:35 - MissingValidationDetector - INFO - MissingValidationDetector初始化完成
2026-03-22 15:08:35 - DetectorRegistry - INFO - 已注册检测器: MISSING_VALIDATION
2026-03-22 15:08:35 - MissingDataProfilingDetector - INFO - MissingDataProfilingDetector初始化完成
2026-03-22 15:08:35 - DetectorRegistry - INFO - 已注册检测器: MISSING_DATA_PROFILING
2026-03-22 15:08:35 - InefficientAggregationDetector - INFO - InefficientAggregationDetector初始化完成
2026-03-22 15:08:35 - DetectorRegistry - INFO - 已注册检测器: INEFFICIENT_AGGREGATION
2026-03-22 15:08:35 - UnnecessaryMaterializationDetector - INFO - UnnecessaryMaterializationDetector初始化完成
2026-03-22 15:08:35 - DetectorRegistry - INFO - 已注册检测器: UNNECESSARY_MATERIALIZATION
2026-03-22 15:08:35 - LargeDataFrameOperationDetector - INFO - LargeDataFrameOperationDetector初始化完成
2026-03-22 15:08:35 - DetectorRegistry - INFO - 已注册检测器: LARGE_DATA_FRAME_OPERATION
2026-03-22 15:08:35 - CircularDependencyDetector - INFO - CircularDependencyDetector初始化完成
2026-03-22 15:08:35 - DetectorRegistry - INFO - 已注册检测器: CIRCULAR_DEPENDENCY
2026-03-22 15:08:35 - ImproperModuleCohesionDetector - INFO - ImproperModuleCohesionDetector初始化完成
2026-03-22 15:08:35 - DetectorRegistry - INFO - 已注册检测器: IMPROPER_MODULE_COHESION
2026-03-22 15:08:35 - PipelineFragmentationDetector - INFO - PipelineFragmentationDetector初始化完成
2026-03-22 15:08:35 - DetectorRegistry - INFO - 已注册检测器: PIPELINE_FRAGMENTATION
2026-03-22 15:08:35 - HardcodedParametersDetector - INFO - HardcodedParametersDetector初始化完成
2026-03-22 15:08:35 - DetectorRegistry - INFO - 已注册检测器: HARDCODED_PARAMETERS
2026-03-22 15:08:35 - LackOfVersionControlDetector - INFO - LackOfVersionControlDetector初始化完成
2026-03-22 15:08:35 - DetectorRegistry - INFO - 已注册检测器: LACK_OF_VERSION_CONTROL
2026-03-22 15:08:35 - NonDeterministicOrderDetector - INFO - NonDeterministicOrderDetector初始化完成
2026-03-22 15:08:35 - DetectorRegistry - INFO - 已注册检测器: NON_DETERMINISTIC_ORDER
2026-03-22 15:08:35 - DetectorRegistry - INFO - 开始检测Pipeline: test_detector.py
2026-03-22 15:08:35 - DetectorRegistry - INFO - 使用 18 个检测器
2026-03-22 15:08:35 - DataLeakageDetector - INFO - 检测到数据泄露: fit_transform at line 10
2026-03-22 15:08:35 - MissingRandomSeedDetector - INFO - 检测到缺少随机种子: train_test_split at line 12
2026-03-22 15:08:35 - DetectorRegistry - INFO - 检测完成，共找到 2 个Smell，耗时 4.58ms
2026-03-22 15:08:36 - DataLeakageDetector - INFO - DataLeakageDetector初始化完成
2026-03-22 15:08:36 - DetectorRegistry - INFO - 已注册检测器: DATA_LEAKAGE
2026-03-22 15:08:36 - MissingEvaluationDetector - INFO - MissingEvaluationDetector初始化完成
2026-03-22 15:08:36 - DetectorRegistry - INFO - 已注册检测器: MISSING_EVALUATION
2026-03-22 15:08:36 - ModuleOrderViolationDetector - INFO - ModuleOrderViolationDetector初始化完成
2026-03-22 15:08:36 - DetectorRegistry - INFO - 已注册检测器: MODULE_ORDER_VIOLATION
2026-03-22 15:08:36 - RepeatedTransformDetector - INFO - RepeatedTransformDetector初始化完成
2026-03-22 15:08:36 - DetectorRegistry - INFO - 已注册检测器: REPEATED_TRANSFORM
2026-03-22 15:08:36 - ExcessiveCopyDetector - INFO - ExcessiveCopyDetector初始化完成
2026-03-22 15:08:36 - DetectorRegistry - INFO - 已注册检测器: EXCESSIVE_COPY
2026-03-22 15:08:36 - RedundantOperationDetector - INFO - RedundantOperationDetector初始化完成
2026-03-22 15:08:36 - DetectorRegistry - INFO - 已注册检测器: REDUNDANT_OPERATION
2026-03-22 15:08:36 - MissingRandomSeedDetector - INFO - MissingRandomSeedDetector初始化完成
2026-03-22 15:08:36 - DetectorRegistry - INFO - 已注册检测器: MISSING_RANDOM_SEED
2026-03-22 15:08:36 - MissingValidationDetector - INFO - MissingValidationDetector初始化完成
2026-03-22 15:08:36 - DetectorRegistry - INFO - 已注册检测器: MISSING_VALIDATION
2026-03-22 15:08:36 - MissingDataProfilingDetector - INFO - MissingDataProfilingDetector初始化完成
2026-03-22 15:08:36 - DetectorRegistry - INFO - 已注册检测器: MISSING_DATA_PROFILING
2026-03-22 15:08:36 - InefficientAggregationDetector - INFO - InefficientAggregationDetector初始化完成
2026-03-22 15:08:36 - DetectorRegistry - INFO - 已注册检测器: INEFFICIENT_AGGREGATION
2026-03-22 15:08:36 - UnnecessaryMaterializationDetector - INFO - UnnecessaryMaterializationDetector初始化完成
2026-03-22 15:08:36 - DetectorRegistry - INFO - 已注册检测器: UNNECESSARY_MATERIALIZATION
2026-03-22 15:08:36 - LargeDataFrameOperationDetector - INFO - LargeDataFrameOperationDetector初始化完成
2026-03-22 15:08:36 - DetectorRegistry - INFO - 已注册检测器: LARGE_DATA_FRAME_OPERATION
2026-03-22 15:08:36 - CircularDependencyDetector - INFO - CircularDependencyDetector初始化完成
2026-03-22 15:08:36 - DetectorRegistry - INFO - 已注册检测器: CIRCULAR_DEPENDENCY
2026-03-22 15:08:36 - ImproperModuleCohesionDetector - INFO - ImproperModuleCohesionDetector初始化完成
2026-03-22 15:08:36 - DetectorRegistry - INFO - 已注册检测器: IMPROPER_MODULE_COHESION
2026-03-22 15:08:36 - PipelineFragmentationDetector - INFO - PipelineFragmentationDetector初始化完成
2026-03-22 15:08:36 - DetectorRegistry - INFO - 已注册检测器: PIPELINE_FRAGMENTATION
2026-03-22 15:08:36 - HardcodedParametersDetector - INFO - HardcodedParametersDetector初始化完成
2026-03-22 15:08:36 - DetectorRegistry - INFO - 已注册检测器: HARDCODED_PARAMETERS
2026-03-22 15:08:36 - LackOfVersionControlDetector - INFO - LackOfVersionControlDetector初始化完成
2026-03-22 15:08:36 - DetectorRegistry - INFO - 已注册检测器: LACK_OF_VERSION_CONTROL
2026-03-22 15:08:36 - NonDeterministicOrderDetector - INFO - NonDeterministicOrderDetector初始化完成
2026-03-22 15:08:36 - DetectorRegistry - INFO - 已注册检测器: NON_DETERMINISTIC_ORDER
2026-03-22 15:08:36 - DetectorRegistry - INFO - 开始检测Pipeline: D:\PipeSmell\dataset\example_15_pipeline_fragmentation.py
2026-03-22 15:08:36 - DetectorRegistry - INFO - 使用 18 个检测器
2026-03-22 15:08:36 - PipelineFragmentationDetector - INFO - 检测到Pipeline碎片化: 11 fragments at line 12
2026-03-22 15:08:36 - DetectorRegistry - INFO - 检测完成，共找到 1 个Smell，耗时 5.51ms
2026-03-22 15:08:36 - DetectorRegistry - INFO - 开始检测Pipeline: D:\PipeSmell\dataset\example_07_nondeterministic_order.py
2026-03-22 15:08:36 - DetectorRegistry - INFO - 使用 18 个检测器
2026-03-22 15:08:36 - NonDeterministicOrderDetector - INFO - 检测到非确定性顺序: 源码扫描 line 16
2026-03-22 15:08:36 - DetectorRegistry - INFO - 检测完成，共找到 1 个Smell，耗时 2.95ms
2026-03-22 15:08:36 - DetectorRegistry - INFO - 开始检测Pipeline: D:\PipeSmell\dataset\example_10_redundant_operation.py
2026-03-22 15:08:36 - DetectorRegistry - INFO - 使用 18 个检测器
2026-03-22 15:08:36 - RedundantOperationDetector - INFO - 检测到冗余操作: dropna+fillna at line 16
2026-03-22 15:08:36 - DetectorRegistry - INFO - 检测完成，共找到 1 个Smell，耗时 3.98ms
2026-03-22 15:08:36 - DetectorRegistry - INFO - 开始检测Pipeline: D:\PipeSmell\dataset\example_03_missing_validation.py
2026-03-22 15:08:36 - DetectorRegistry - INFO - 使用 18 个检测器
2026-03-22 15:08:36 - MissingValidationDetector - INFO - 检测到缺少验证集: at line 17
2026-03-22 15:08:36 - DetectorRegistry - INFO - 检测完成，共找到 1 个Smell，耗时 4.50ms
2026-03-22 15:08:36 - DetectorRegistry - INFO - 开始检测Pipeline: D:\PipeSmell\dataset\example_20_multiple_smells.py
2026-03-22 15:08:36 - DetectorRegistry - INFO - 使用 18 个检测器
2026-03-22 15:08:36 - DataLeakageDetector - INFO - 检测到数据泄露: fit_transform at line 18
2026-03-22 15:08:36 - MissingEvaluationDetector - INFO - 检测到缺少评估: at line 31
2026-03-22 15:08:36 - MissingRandomSeedDetector - INFO - 检测到缺少随机种子: train_test_split at line 21
2026-03-22 15:08:36 - HardcodedParametersDetector - INFO - 检测到硬编码参数: 4 params at line 24
2026-03-22 15:08:36 - DetectorRegistry - INFO - 检测完成，共找到 4 个Smell，耗时 6.70ms
2026-03-22 15:08:36 - DetectorRegistry - INFO - 开始检测Pipeline: D:\PipeSmell\dataset\example_04_repeated_transform.py
2026-03-22 15:08:36 - DetectorRegistry - INFO - 使用 18 个检测器
2026-03-22 15:08:36 - RepeatedTransformDetector - INFO - 检测到重复转换(多缩放器): at line 24
2026-03-22 15:08:36 - DetectorRegistry - INFO - 检测完成，共找到 1 个Smell，耗时 4.50ms
2026-03-22 15:08:36 - DetectorRegistry - INFO - 开始检测Pipeline: D:\PipeSmell\dataset\example_08_inefficient_aggregation.py
2026-03-22 15:08:36 - DetectorRegistry - INFO - 使用 18 个检测器
2026-03-22 15:08:36 - InefficientAggregationDetector - INFO - 检测到低效聚合: iterrows at line 17
2026-03-22 15:08:36 - DetectorRegistry - INFO - 检测完成，共找到 1 个Smell，耗时 4.55ms
2026-03-22 15:08:36 - DetectorRegistry - INFO - 开始检测Pipeline: D:\PipeSmell\dataset\example_05_missing_evaluation.py
2026-03-22 15:08:36 - DetectorRegistry - INFO - 使用 18 个检测器
2026-03-22 15:08:36 - MissingEvaluationDetector - INFO - 检测到缺少评估: at line 20
2026-03-22 15:08:37 - DetectorRegistry - INFO - 检测完成，共找到 1 个Smell，耗时 5.54ms
2026-03-22 15:08:37 - DetectorRegistry - INFO - 开始检测Pipeline: D:\PipeSmell\dataset\example_17_large_dataframe_operation.py
2026-03-22 15:08:37 - DetectorRegistry - INFO - 使用 18 个检测器
2026-03-22 15:08:37 - LargeDataFrameOperationDetector - INFO - 检测到大DataFrame操作: at line 20
2026-03-22 15:08:37 - DetectorRegistry - INFO - 检测完成，共找到 1 个Smell，耗时 4.54ms
2026-03-22 15:08:37 - DetectorRegistry - INFO - 开始检测Pipeline: D:\PipeSmell\dataset\example_12_module_order_violation.py
2026-03-22 15:08:37 - DetectorRegistry - INFO - 使用 18 个检测器
2026-03-22 15:08:37 - ModuleOrderViolationDetector - INFO - 检测到模块顺序违反: at line 26
2026-03-22 15:08:37 - DetectorRegistry - INFO - 检测完成，共找到 1 个Smell，耗时 2.99ms
2026-03-22 15:08:37 - DetectorRegistry - INFO - 开始检测Pipeline: D:\PipeSmell\dataset\example_02_missing_random_seed.py
2026-03-22 15:08:37 - DetectorRegistry - INFO - 使用 18 个检测器
2026-03-22 15:08:37 - MissingRandomSeedDetector - INFO - 检测到缺少随机种子: train_test_split at line 17
2026-03-22 15:08:37 - DetectorRegistry - INFO - 检测完成，共找到 1 个Smell，耗时 3.79ms
2026-03-22 15:08:37 - DetectorRegistry - INFO - 开始检测Pipeline: D:\PipeSmell\dataset\example_16_unnecessary_materialization.py
2026-03-22 15:08:37 - DetectorRegistry - INFO - 使用 18 个检测器
2026-03-22 15:08:37 - UnnecessaryMaterializationDetector - INFO - 检测到不必要物化: at line 20
2026-03-22 15:08:37 - DetectorRegistry - INFO - 检测完成，共找到 1 个Smell，耗时 4.51ms
2026-03-22 15:08:37 - DetectorRegistry - INFO - 开始检测Pipeline: D:\PipeSmell\dataset\example_09_missing_data_profiling.py
2026-03-22 15:08:37 - DetectorRegistry - INFO - 使用 18 个检测器
2026-03-22 15:08:37 - MissingDataProfilingDetector - INFO - 检测到缺少数据探索: at line 14
2026-03-22 15:08:37 - DetectorRegistry - INFO - 检测完成，共找到 1 个Smell，耗时 3.93ms
2026-03-22 15:08:37 - DetectorRegistry - INFO - 开始检测Pipeline: D:\PipeSmell\dataset\example_14_improper_module_cohesion.py
2026-03-22 15:08:37 - DetectorRegistry - INFO - 使用 18 个检测器
2026-03-22 15:08:37 - ImproperModuleCohesionDetector - INFO - 检测到模块内聚不当: 7 types at line 1
2026-03-22 15:08:37 - DetectorRegistry - INFO - 检测完成，共找到 1 个Smell，耗时 5.60ms
2026-03-22 15:08:37 - DetectorRegistry - INFO - 开始检测Pipeline: D:\PipeSmell\dataset\example_18_lack_version_control.py
2026-03-22 15:08:37 - DetectorRegistry - INFO - 使用 18 个检测器
2026-03-22 15:08:37 - LackOfVersionControlDetector - INFO - 检测到缺少版本控制: at line 1
2026-03-22 15:08:37 - DetectorRegistry - INFO - 检测完成，共找到 1 个Smell，耗时 5.63ms
2026-03-22 15:08:37 - DetectorRegistry - INFO - 开始检测Pipeline: D:\PipeSmell\dataset\example_06_hardcoded_parameters.py
2026-03-22 15:08:37 - DetectorRegistry - INFO - 使用 18 个检测器
2026-03-22 15:08:37 - HardcodedParametersDetector - INFO - 检测到硬编码参数: 5 params at line 19
2026-03-22 15:08:37 - DetectorRegistry - INFO - 检测完成，共找到 1 个Smell，耗时 3.94ms
2026-03-22 15:08:37 - DetectorRegistry - INFO - 开始检测Pipeline: D:\PipeSmell\dataset\example_11_excessive_copy.py
2026-03-22 15:08:37 - DetectorRegistry - INFO - 使用 18 个检测器
2026-03-22 15:08:37 - ExcessiveCopyDetector - INFO - 检测到过度复制: at line 18
2026-03-22 15:08:37 - DetectorRegistry - INFO - 检测完成，共找到 1 个Smell，耗时 4.94ms
2026-03-22 15:08:37 - DetectorRegistry - INFO - 开始检测Pipeline: D:\PipeSmell\dataset\example_13_circular_dependency.py
2026-03-22 15:08:37 - DetectorRegistry - INFO - 使用 18 个检测器
2026-03-22 15:08:37 - CircularDependencyDetector - INFO - 检测到循环依赖: D:\PipeSmell\dataset\example_13_circular_dependency.py:12
2026-03-22 15:08:37 - DetectorRegistry - INFO - 检测完成，共找到 1 个Smell，耗时 3.99ms
2026-03-22 15:08:37 - DetectorRegistry - INFO - 开始检测Pipeline: D:\PipeSmell\dataset\example_01_data_leakage.py
2026-03-22 15:08:37 - DetectorRegistry - INFO - 使用 18 个检测器
2026-03-22 15:08:37 - DataLeakageDetector - INFO - 检测到数据泄露: fit_transform at line 20
2026-03-22 15:08:37 - MissingRandomSeedDetector - INFO - 检测到缺少随机种子: train_test_split at line 23
2026-03-22 15:08:37 - DetectorRegistry - INFO - 检测完成，共找到 2 个Smell，耗时 5.06ms
2026-03-22 15:09:37 - DataLeakageDetector - INFO - DataLeakageDetector初始化完成
2026-03-22 15:09:37 - DetectorRegistry - INFO - 已注册检测器: DATA_LEAKAGE
2026-03-22 15:09:37 - MissingEvaluationDetector - INFO - MissingEvaluationDetector初始化完成
2026-03-22 15:09:37 - DetectorRegistry - INFO - 已注册检测器: MISSING_EVALUATION
2026-03-22 15:09:37 - ModuleOrderViolationDetector - INFO - ModuleOrderViolationDetector初始化完成
2026-03-22 15:09:37 - DetectorRegistry - INFO - 已注册检测器: MODULE_ORDER_VIOLATION
2026-03-22 15:09:37 - RepeatedTransformDetector - INFO - RepeatedTransformDetector初始化完成
2026-03-22 15:09:37 - DetectorRegistry - INFO - 已注册检测器: REPEATED_TRANSFORM
2026-03-22 15:09:37 - ExcessiveCopyDetector - INFO - ExcessiveCopyDetector初始化完成
2026-03-22 15:09:37 - DetectorRegistry - INFO - 已注册检测器: EXCESSIVE_COPY
2026-03-22 15:09:37 - RedundantOperationDetector - INFO - RedundantOperationDetector初始化完成
2026-03-22 15:09:37 - DetectorRegistry - INFO - 已注册检测器: REDUNDANT_OPERATION
2026-03-22 15:09:37 - MissingRandomSeedDetector - INFO - MissingRandomSeedDetector初始化完成
2026-03-22 15:09:37 - DetectorRegistry - INFO - 已注册检测器: MISSING_RANDOM_SEED
2026-03-22 15:09:37 - MissingValidationDetector - INFO - MissingValidationDetector初始化完成
2026-03-22 15:09:37 - DetectorRegistry - INFO - 已注册检测器: MISSING_VALIDATION
2026-03-22 15:09:37 - MissingDataProfilingDetector - INFO - MissingDataProfilingDetector初始化完成
2026-03-22 15:09:37 - DetectorRegistry - INFO - 已注册检测器: MISSING_DATA_PROFILING
2026-03-22 15:09:37 - InefficientAggregationDetector - INFO - InefficientAggregationDetector初始化完成
2026-03-22 15:09:37 - DetectorRegistry - INFO - 已注册检测器: INEFFICIENT_AGGREGATION
2026-03-22 15:09:37 - UnnecessaryMaterializationDetector - INFO - UnnecessaryMaterializationDetector初始化完成
2026-03-22 15:09:37 - DetectorRegistry - INFO - 已注册检测器: UNNECESSARY_MATERIALIZATION
2026-03-22 15:09:37 - LargeDataFrameOperationDetector - INFO - LargeDataFrameOperationDetector初始化完成
2026-03-22 15:09:37 - DetectorRegistry - INFO - 已注册检测器: LARGE_DATA_FRAME_OPERATION
2026-03-22 15:09:37 - CircularDependencyDetector - INFO - CircularDependencyDetector初始化完成
2026-03-22 15:09:37 - DetectorRegistry - INFO - 已注册检测器: CIRCULAR_DEPENDENCY
2026-03-22 15:09:37 - ImproperModuleCohesionDetector - INFO - ImproperModuleCohesionDetector初始化完成
2026-03-22 15:09:37 - DetectorRegistry - INFO - 已注册检测器: IMPROPER_MODULE_COHESION
2026-03-22 15:09:37 - PipelineFragmentationDetector - INFO - PipelineFragmentationDetector初始化完成
2026-03-22 15:09:37 - DetectorRegistry - INFO - 已注册检测器: PIPELINE_FRAGMENTATION
2026-03-22 15:09:37 - HardcodedParametersDetector - INFO - HardcodedParametersDetector初始化完成
2026-03-22 15:09:37 - DetectorRegistry - INFO - 已注册检测器: HARDCODED_PARAMETERS
2026-03-22 15:09:37 - LackOfVersionControlDetector - INFO - LackOfVersionControlDetector初始化完成
2026-03-22 15:09:37 - DetectorRegistry - INFO - 已注册检测器: LACK_OF_VERSION_CONTROL
2026-03-22 15:09:37 - NonDeterministicOrderDetector - INFO - NonDeterministicOrderDetector初始化完成
2026-03-22 15:09:37 - DetectorRegistry - INFO - 已注册检测器: NON_DETERMINISTIC_ORDER
2026-03-22 15:09:37 - DetectorRegistry - INFO - 开始检测Pipeline: D:\PipeSmell\dataset\example_03_missing_validation.py
2026-03-22 15:09:37 - DetectorRegistry - INFO - 使用 18 个检测器
2026-03-22 15:09:37 - MissingValidationDetector - INFO - 检测到缺少验证集: at line 17
2026-03-22 15:09:37 - DetectorRegistry - INFO - 检测完成，共找到 1 个Smell，耗时 2.50ms
2026-03-22 15:09:37 - DetectorRegistry - INFO - 开始检测Pipeline: D:\PipeSmell\dataset\example_11_excessive_copy.py
2026-03-22 15:09:37 - DetectorRegistry - INFO - 使用 18 个检测器
2026-03-22 15:09:37 - ExcessiveCopyDetector - INFO - 检测到过度复制: at line 18
2026-03-22 15:09:37 - DetectorRegistry - INFO - 检测完成，共找到 1 个Smell，耗时 3.69ms
2026-03-22 15:09:37 - DetectorRegistry - INFO - 开始检测Pipeline: D:\PipeSmell\dataset\example_09_missing_data_profiling.py
2026-03-22 15:09:37 - DetectorRegistry - INFO - 使用 18 个检测器
2026-03-22 15:09:37 - MissingDataProfilingDetector - INFO - 检测到缺少数据探索: at line 14
2026-03-22 15:09:37 - DetectorRegistry - INFO - 检测完成，共找到 1 个Smell，耗时 3.44ms
2026-03-22 15:09:37 - DetectorRegistry - INFO - 开始检测Pipeline: D:\PipeSmell\dataset\example_08_inefficient_aggregation.py
2026-03-22 15:09:37 - DetectorRegistry - INFO - 使用 18 个检测器
2026-03-22 15:09:37 - InefficientAggregationDetector - INFO - 检测到低效聚合: iterrows at line 17
2026-03-22 15:09:37 - DetectorRegistry - INFO - 检测完成，共找到 1 个Smell，耗时 2.13ms
2026-03-22 15:09:37 - DetectorRegistry - INFO - 开始检测Pipeline: D:\PipeSmell\dataset\example_13_circular_dependency.py
2026-03-22 15:09:37 - DetectorRegistry - INFO - 使用 18 个检测器
2026-03-22 15:09:37 - CircularDependencyDetector - INFO - 检测到循环依赖: D:\PipeSmell\dataset\example_13_circular_dependency.py:12
2026-03-22 15:09:37 - DetectorRegistry - INFO - 检测完成，共找到 1 个Smell，耗时 2.63ms
2026-03-22 15:09:37 - DetectorRegistry - INFO - 开始检测Pipeline: D:\PipeSmell\dataset\example_17_large_dataframe_operation.py
2026-03-22 15:09:37 - DetectorRegistry - INFO - 使用 18 个检测器
2026-03-22 15:09:37 - LargeDataFrameOperationDetector - INFO - 检测到大DataFrame操作: at line 20
2026-03-22 15:09:37 - DetectorRegistry - INFO - 检测完成，共找到 1 个Smell，耗时 2.26ms
2026-03-22 15:09:37 - DetectorRegistry - INFO - 开始检测Pipeline: D:\PipeSmell\dataset\example_14_improper_module_cohesion.py
2026-03-22 15:09:37 - DetectorRegistry - INFO - 使用 18 个检测器
2026-03-22 15:09:37 - ImproperModuleCohesionDetector - INFO - 检测到模块内聚不当: 7 types at line 1
2026-03-22 15:09:37 - DetectorRegistry - INFO - 检测完成，共找到 1 个Smell，耗时 3.95ms
2026-03-22 15:09:37 - DetectorRegistry - INFO - 开始检测Pipeline: D:\PipeSmell\dataset\example_05_missing_evaluation.py
2026-03-22 15:09:37 - DetectorRegistry - INFO - 使用 18 个检测器
2026-03-22 15:09:37 - MissingEvaluationDetector - INFO - 检测到缺少评估: at line 20
2026-03-22 15:09:37 - DetectorRegistry - INFO - 检测完成，共找到 1 个Smell，耗时 2.24ms
2026-03-22 15:09:37 - DetectorRegistry - INFO - 开始检测Pipeline: D:\PipeSmell\dataset\example_06_hardcoded_parameters.py
2026-03-22 15:09:37 - DetectorRegistry - INFO - 使用 18 个检测器
2026-03-22 15:09:37 - HardcodedParametersDetector - INFO - 检测到硬编码参数: 5 params at line 19
2026-03-22 15:09:37 - DetectorRegistry - INFO - 检测完成，共找到 1 个Smell，耗时 2.03ms
2026-03-22 15:09:37 - DetectorRegistry - INFO - 开始检测Pipeline: D:\PipeSmell\dataset\example_01_data_leakage.py
2026-03-22 15:09:37 - DetectorRegistry - INFO - 使用 18 个检测器
2026-03-22 15:09:37 - DataLeakageDetector - INFO - 检测到数据泄露: fit_transform at line 20
2026-03-22 15:09:37 - DetectorRegistry - INFO - 检测完成，共找到 1 个Smell，耗时 3.93ms
2026-03-22 15:09:37 - DetectorRegistry - INFO - 开始检测Pipeline: D:\PipeSmell\dataset\example_10_redundant_operation.py
2026-03-22 15:09:37 - DetectorRegistry - INFO - 使用 18 个检测器
2026-03-22 15:09:37 - RedundantOperationDetector - INFO - 检测到冗余操作: dropna+fillna at line 16
2026-03-22 15:09:37 - DetectorRegistry - INFO - 检测完成，共找到 1 个Smell，耗时 2.14ms
2026-03-22 15:09:37 - DetectorRegistry - INFO - 开始检测Pipeline: D:\PipeSmell\dataset\example_04_repeated_transform.py
2026-03-22 15:09:37 - DetectorRegistry - INFO - 使用 18 个检测器
2026-03-22 15:09:37 - RepeatedTransformDetector - INFO - 检测到重复转换(多缩放器): at line 24
2026-03-22 15:09:37 - DetectorRegistry - INFO - 检测完成，共找到 1 个Smell，耗时 2.11ms
2026-03-22 15:09:37 - DetectorRegistry - INFO - 开始检测Pipeline: D:\PipeSmell\dataset\example_02_missing_random_seed.py
2026-03-22 15:09:37 - DetectorRegistry - INFO - 使用 18 个检测器
2026-03-22 15:09:37 - MissingRandomSeedDetector - INFO - 检测到缺少随机种子: train_test_split at line 17
2026-03-22 15:09:37 - DetectorRegistry - INFO - 检测完成，共找到 1 个Smell，耗时 4.43ms
2026-03-22 15:09:37 - DetectorRegistry - INFO - 开始检测Pipeline: D:\PipeSmell\dataset\example_07_nondeterministic_order.py
2026-03-22 15:09:37 - DetectorRegistry - INFO - 使用 18 个检测器
2026-03-22 15:09:37 - NonDeterministicOrderDetector - INFO - 检测到非确定性顺序: 源码扫描 line 16
2026-03-22 15:09:37 - DetectorRegistry - INFO - 检测完成，共找到 1 个Smell，耗时 2.37ms
2026-03-22 15:09:37 - DetectorRegistry - INFO - 开始检测Pipeline: D:\PipeSmell\dataset\example_18_lack_version_control.py
2026-03-22 15:09:37 - DetectorRegistry - INFO - 使用 18 个检测器
2026-03-22 15:09:37 - LackOfVersionControlDetector - INFO - 检测到缺少版本控制: at line 1
2026-03-22 15:09:37 - DetectorRegistry - INFO - 检测完成，共找到 1 个Smell，耗时 4.10ms
2026-03-22 15:09:37 - DetectorRegistry - INFO - 开始检测Pipeline: D:\PipeSmell\dataset\example_16_unnecessary_materialization.py
2026-03-22 15:09:37 - DetectorRegistry - INFO - 使用 18 个检测器
2026-03-22 15:09:37 - UnnecessaryMaterializationDetector - INFO - 检测到不必要物化: at line 20
2026-03-22 15:09:37 - DetectorRegistry - INFO - 检测完成，共找到 1 个Smell，耗时 2.00ms
2026-03-22 15:09:37 - DetectorRegistry - INFO - 开始检测Pipeline: D:\PipeSmell\dataset\example_12_module_order_violation.py
2026-03-22 15:09:37 - DetectorRegistry - INFO - 使用 18 个检测器
2026-03-22 15:09:37 - ModuleOrderViolationDetector - INFO - 检测到模块顺序违反: at line 26
2026-03-22 15:09:37 - DetectorRegistry - INFO - 检测完成，共找到 1 个Smell，耗时 3.10ms
2026-03-22 15:09:37 - DetectorRegistry - INFO - 开始检测Pipeline: D:\PipeSmell\dataset\example_15_pipeline_fragmentation.py
2026-03-22 15:09:37 - DetectorRegistry - INFO - 使用 18 个检测器
2026-03-22 15:09:37 - PipelineFragmentationDetector - INFO - 检测到Pipeline碎片化: 11 fragments at line 12
2026-03-22 15:09:37 - DetectorRegistry - INFO - 检测完成，共找到 1 个Smell，耗时 2.03ms
2026-03-22 15:09:37 - DetectorRegistry - INFO - 开始检测Pipeline: D:\PipeSmell\dataset\example_20_multiple_smells.py
2026-03-22 15:09:37 - DetectorRegistry - INFO - 使用 18 个检测器
2026-03-22 15:09:37 - DataLeakageDetector - INFO - 检测到数据泄露: fit_transform at line 18
2026-03-22 15:09:37 - MissingEvaluationDetector - INFO - 检测到缺少评估: at line 31
2026-03-22 15:09:37 - MissingRandomSeedDetector - INFO - 检测到缺少随机种子: train_test_split at line 21
2026-03-22 15:09:37 - HardcodedParametersDetector - INFO - 检测到硬编码参数: 4 params at line 24
2026-03-22 15:09:37 - DetectorRegistry - INFO - 检测完成，共找到 4 个Smell，耗时 3.44ms
2026-03-22 15:11:54 - DataLeakageDetector - INFO - DataLeakageDetector初始化完成
2026-03-22 15:11:54 - DetectorRegistry - INFO - 已注册检测器: DATA_LEAKAGE
2026-03-22 15:11:54 - MissingEvaluationDetector - INFO - MissingEvaluationDetector初始化完成
2026-03-22 15:11:54 - DetectorRegistry - INFO - 已注册检测器: MISSING_EVALUATION
2026-03-22 15:11:54 - ModuleOrderViolationDetector - INFO - ModuleOrderViolationDetector初始化完成
2026-03-22 15:11:54 - DetectorRegistry - INFO - 已注册检测器: MODULE_ORDER_VIOLATION
2026-03-22 15:11:54 - RepeatedTransformDetector - INFO - RepeatedTransformDetector初始化完成
2026-03-22 15:11:54 - DetectorRegistry - INFO - 已注册检测器: REPEATED_TRANSFORM
2026-03-22 15:11:54 - ExcessiveCopyDetector - INFO - ExcessiveCopyDetector初始化完成
2026-03-22 15:11:54 - DetectorRegistry - INFO - 已注册检测器: EXCESSIVE_COPY
2026-03-22 15:11:54 - RedundantOperationDetector - INFO - RedundantOperationDetector初始化完成
2026-03-22 15:11:54 - DetectorRegistry - INFO - 已注册检测器: REDUNDANT_OPERATION
2026-03-22 15:11:54 - MissingRandomSeedDetector - INFO - MissingRandomSeedDetector初始化完成
2026-03-22 15:11:54 - DetectorRegistry - INFO - 已注册检测器: MISSING_RANDOM_SEED
2026-03-22 15:11:54 - MissingValidationDetector - INFO - MissingValidationDetector初始化完成
2026-03-22 15:11:54 - DetectorRegistry - INFO - 已注册检测器: MISSING_VALIDATION
2026-03-22 15:11:54 - MissingDataProfilingDetector - INFO - MissingDataProfilingDetector初始化完成
2026-03-22 15:11:54 - DetectorRegistry - INFO - 已注册检测器: MISSING_DATA_PROFILING
2026-03-22 15:11:54 - InefficientAggregationDetector - INFO - InefficientAggregationDetector初始化完成
2026-03-22 15:11:54 - DetectorRegistry - INFO - 已注册检测器: INEFFICIENT_AGGREGATION
2026-03-22 15:11:54 - UnnecessaryMaterializationDetector - INFO - UnnecessaryMaterializationDetector初始化完成
2026-03-22 15:11:54 - DetectorRegistry - INFO - 已注册检测器: UNNECESSARY_MATERIALIZATION
2026-03-22 15:11:54 - LargeDataFrameOperationDetector - INFO - LargeDataFrameOperationDetector初始化完成
2026-03-22 15:11:54 - DetectorRegistry - INFO - 已注册检测器: LARGE_DATA_FRAME_OPERATION
2026-03-22 15:11:54 - CircularDependencyDetector - INFO - CircularDependencyDetector初始化完成
2026-03-22 15:11:54 - DetectorRegistry - INFO - 已注册检测器: CIRCULAR_DEPENDENCY
2026-03-22 15:11:54 - ImproperModuleCohesionDetector - INFO - ImproperModuleCohesionDetector初始化完成
2026-03-22 15:11:54 - DetectorRegistry - INFO - 已注册检测器: IMPROPER_MODULE_COHESION
2026-03-22 15:11:54 - PipelineFragmentationDetector - INFO - PipelineFragmentationDetector初始化完成
2026-03-22 15:11:54 - DetectorRegistry - INFO - 已注册检测器: PIPELINE_FRAGMENTATION
2026-03-22 15:11:54 - HardcodedParametersDetector - INFO - HardcodedParametersDetector初始化完成
2026-03-22 15:11:54 - DetectorRegistry - INFO - 已注册检测器: HARDCODED_PARAMETERS
2026-03-22 15:11:54 - LackOfVersionControlDetector - INFO - LackOfVersionControlDetector初始化完成
2026-03-22 15:11:54 - DetectorRegistry - INFO - 已注册检测器: LACK_OF_VERSION_CONTROL
2026-03-22 15:11:54 - NonDeterministicOrderDetector - INFO - NonDeterministicOrderDetector初始化完成
2026-03-22 15:11:54 - DetectorRegistry - INFO - 已注册检测器: NON_DETERMINISTIC_ORDER
2026-03-22 15:11:54 - DetectorRegistry - INFO - 开始检测Pipeline: test_detector.py
2026-03-22 15:11:54 - DetectorRegistry - INFO - 使用 18 个检测器
2026-03-22 15:11:54 - DataLeakageDetector - INFO - 检测到数据泄露: fit_transform at line 10
2026-03-22 15:11:54 - MissingRandomSeedDetector - INFO - 检测到缺少随机种子: train_test_split at line 12
2026-03-22 15:11:54 - DetectorRegistry - INFO - 检测完成，共找到 2 个Smell，耗时 2.23ms
2026-03-22 15:51:24 - DataLeakageDetector - INFO - DataLeakageDetector初始化完成
2026-03-22 15:51:24 - DetectorRegistry - INFO - 已注册检测器: DATA_LEAKAGE
2026-03-22 15:51:24 - MissingEvaluationDetector - INFO - MissingEvaluationDetector初始化完成
2026-03-22 15:51:24 - DetectorRegistry - INFO - 已注册检测器: MISSING_EVALUATION
2026-03-22 15:51:24 - ModuleOrderViolationDetector - INFO - ModuleOrderViolationDetector初始化完成
2026-03-22 15:51:24 - DetectorRegistry - INFO - 已注册检测器: MODULE_ORDER_VIOLATION
2026-03-22 15:51:24 - RepeatedTransformDetector - INFO - RepeatedTransformDetector初始化完成
2026-03-22 15:51:24 - DetectorRegistry - INFO - 已注册检测器: REPEATED_TRANSFORM
2026-03-22 15:51:24 - ExcessiveCopyDetector - INFO - ExcessiveCopyDetector初始化完成
2026-03-22 15:51:24 - DetectorRegistry - INFO - 已注册检测器: EXCESSIVE_COPY
2026-03-22 15:51:24 - RedundantOperationDetector - INFO - RedundantOperationDetector初始化完成
2026-03-22 15:51:24 - DetectorRegistry - INFO - 已注册检测器: REDUNDANT_OPERATION
2026-03-22 15:51:24 - MissingRandomSeedDetector - INFO - MissingRandomSeedDetector初始化完成
2026-03-22 15:51:24 - DetectorRegistry - INFO - 已注册检测器: MISSING_RANDOM_SEED
2026-03-22 15:51:24 - MissingValidationDetector - INFO - MissingValidationDetector初始化完成
2026-03-22 15:51:24 - DetectorRegistry - INFO - 已注册检测器: MISSING_VALIDATION
2026-03-22 15:51:24 - MissingDataProfilingDetector - INFO - MissingDataProfilingDetector初始化完成
2026-03-22 15:51:24 - DetectorRegistry - INFO - 已注册检测器: MISSING_DATA_PROFILING
2026-03-22 15:51:24 - InefficientAggregationDetector - INFO - InefficientAggregationDetector初始化完成
2026-03-22 15:51:24 - DetectorRegistry - INFO - 已注册检测器: INEFFICIENT_AGGREGATION
2026-03-22 15:51:24 - UnnecessaryMaterializationDetector - INFO - UnnecessaryMaterializationDetector初始化完成
2026-03-22 15:51:24 - DetectorRegistry - INFO - 已注册检测器: UNNECESSARY_MATERIALIZATION
2026-03-22 15:51:24 - LargeDataFrameOperationDetector - INFO - LargeDataFrameOperationDetector初始化完成
2026-03-22 15:51:24 - DetectorRegistry - INFO - 已注册检测器: LARGE_DATA_FRAME_OPERATION
2026-03-22 15:51:24 - CircularDependencyDetector - INFO - CircularDependencyDetector初始化完成
2026-03-22 15:51:24 - DetectorRegistry - INFO - 已注册检测器: CIRCULAR_DEPENDENCY
2026-03-22 15:51:24 - ImproperModuleCohesionDetector - INFO - ImproperModuleCohesionDetector初始化完成
2026-03-22 15:51:24 - DetectorRegistry - INFO - 已注册检测器: IMPROPER_MODULE_COHESION
2026-03-22 15:51:24 - PipelineFragmentationDetector - INFO - PipelineFragmentationDetector初始化完成
2026-03-22 15:51:24 - DetectorRegistry - INFO - 已注册检测器: PIPELINE_FRAGMENTATION
2026-03-22 15:51:24 - HardcodedParametersDetector - INFO - HardcodedParametersDetector初始化完成
2026-03-22 15:51:24 - DetectorRegistry - INFO - 已注册检测器: HARDCODED_PARAMETERS
2026-03-22 15:51:24 - LackOfVersionControlDetector - INFO - LackOfVersionControlDetector初始化完成
2026-03-22 15:51:24 - DetectorRegistry - INFO - 已注册检测器: LACK_OF_VERSION_CONTROL
2026-03-22 15:51:24 - NonDeterministicOrderDetector - INFO - NonDeterministicOrderDetector初始化完成
2026-03-22 15:51:24 - DetectorRegistry - INFO - 已注册检测器: NON_DETERMINISTIC_ORDER
2026-03-22 15:51:24 - DetectorRegistry - INFO - 开始检测Pipeline: D:\PipeSmell\dataset\example_01_data_leakage.py
2026-03-22 15:51:24 - DetectorRegistry - INFO - 使用 18 个检测器
2026-03-22 15:51:24 - DataLeakageDetector - INFO - 检测到数据泄露: fit_transform at line 20
2026-03-22 15:51:24 - DetectorRegistry - INFO - 检测完成，共找到 1 个Smell，耗时 7.35ms
2026-03-22 15:51:24 - DetectorRegistry - INFO - 开始检测Pipeline: D:\PipeSmell\dataset\example_02_missing_random_seed.py
2026-03-22 15:51:24 - DetectorRegistry - INFO - 使用 18 个检测器
2026-03-22 15:51:24 - MissingRandomSeedDetector - INFO - 检测到缺少随机种子: train_test_split at line 17
2026-03-22 15:51:24 - DetectorRegistry - INFO - 检测完成，共找到 1 个Smell，耗时 6.39ms
2026-03-22 15:51:24 - DetectorRegistry - INFO - 开始检测Pipeline: D:\PipeSmell\dataset\example_03_missing_validation.py
2026-03-22 15:51:24 - DetectorRegistry - INFO - 使用 18 个检测器
2026-03-22 15:51:24 - MissingValidationDetector - INFO - 检测到缺少验证集: at line 17
2026-03-22 15:51:24 - DetectorRegistry - INFO - 检测完成，共找到 1 个Smell，耗时 5.36ms
2026-03-22 15:51:24 - DetectorRegistry - INFO - 开始检测Pipeline: D:\PipeSmell\dataset\example_04_repeated_transform.py
2026-03-22 15:51:24 - DetectorRegistry - INFO - 使用 18 个检测器
2026-03-22 15:51:24 - RepeatedTransformDetector - INFO - 检测到重复转换(多缩放器): at line 24
2026-03-22 15:51:24 - DetectorRegistry - INFO - 检测完成，共找到 1 个Smell，耗时 8.37ms
2026-03-22 15:51:24 - DetectorRegistry - INFO - 开始检测Pipeline: D:\PipeSmell\dataset\example_05_missing_evaluation.py
2026-03-22 15:51:24 - DetectorRegistry - INFO - 使用 18 个检测器
2026-03-22 15:51:24 - MissingEvaluationDetector - INFO - 检测到缺少评估: at line 20
2026-03-22 15:51:24 - DetectorRegistry - INFO - 检测完成，共找到 1 个Smell，耗时 7.45ms
2026-03-22 15:51:24 - DetectorRegistry - INFO - 开始检测Pipeline: D:\PipeSmell\dataset\example_06_hardcoded_parameters.py
2026-03-22 15:51:24 - DetectorRegistry - INFO - 使用 18 个检测器
2026-03-22 15:51:24 - HardcodedParametersDetector - INFO - 检测到硬编码参数: 5 params at line 19
2026-03-22 15:51:24 - DetectorRegistry - INFO - 检测完成，共找到 1 个Smell，耗时 8.73ms
2026-03-22 15:51:24 - DetectorRegistry - INFO - 开始检测Pipeline: D:\PipeSmell\dataset\example_07_nondeterministic_order.py
2026-03-22 15:51:24 - DetectorRegistry - INFO - 使用 18 个检测器
2026-03-22 15:51:24 - NonDeterministicOrderDetector - INFO - 检测到非确定性顺序: 源码扫描 line 16
2026-03-22 15:51:24 - DetectorRegistry - INFO - 检测完成，共找到 1 个Smell，耗时 9.01ms
2026-03-22 15:51:24 - DetectorRegistry - INFO - 开始检测Pipeline: D:\PipeSmell\dataset\example_08_inefficient_aggregation.py
2026-03-22 15:51:24 - DetectorRegistry - INFO - 使用 18 个检测器
2026-03-22 15:51:24 - InefficientAggregationDetector - INFO - 检测到低效聚合: iterrows at line 17
2026-03-22 15:51:24 - DetectorRegistry - INFO - 检测完成，共找到 1 个Smell，耗时 10.69ms
2026-03-22 15:51:24 - DetectorRegistry - INFO - 开始检测Pipeline: D:\PipeSmell\dataset\example_09_missing_data_profiling.py
2026-03-22 15:51:24 - DetectorRegistry - INFO - 使用 18 个检测器
2026-03-22 15:51:24 - MissingDataProfilingDetector - INFO - 检测到缺少数据探索: at line 14
2026-03-22 15:51:24 - DetectorRegistry - INFO - 检测完成，共找到 1 个Smell，耗时 9.40ms
2026-03-22 15:51:24 - DetectorRegistry - INFO - 开始检测Pipeline: D:\PipeSmell\dataset\example_10_redundant_operation.py
2026-03-22 15:51:24 - DetectorRegistry - INFO - 使用 18 个检测器
2026-03-22 15:51:24 - RedundantOperationDetector - INFO - 检测到冗余操作: dropna+fillna at line 16
2026-03-22 15:51:24 - DetectorRegistry - INFO - 检测完成，共找到 1 个Smell，耗时 7.82ms
2026-03-22 15:51:24 - DetectorRegistry - INFO - 开始检测Pipeline: D:\PipeSmell\dataset\example_11_excessive_copy.py
2026-03-22 15:51:24 - DetectorRegistry - INFO - 使用 18 个检测器
2026-03-22 15:51:24 - ExcessiveCopyDetector - INFO - 检测到过度复制: at line 18
2026-03-22 15:51:24 - DetectorRegistry - INFO - 检测完成，共找到 1 个Smell，耗时 9.35ms
2026-03-22 15:51:24 - DetectorRegistry - INFO - 开始检测Pipeline: D:\PipeSmell\dataset\example_12_module_order_violation.py
2026-03-22 15:51:24 - DetectorRegistry - INFO - 使用 18 个检测器
2026-03-22 15:51:24 - ModuleOrderViolationDetector - INFO - 检测到模块顺序违反: at line 26
2026-03-22 15:51:24 - DetectorRegistry - INFO - 检测完成，共找到 1 个Smell，耗时 8.97ms
2026-03-22 15:51:24 - DetectorRegistry - INFO - 开始检测Pipeline: D:\PipeSmell\dataset\example_13_circular_dependency.py
2026-03-22 15:51:24 - DetectorRegistry - INFO - 使用 18 个检测器
2026-03-22 15:51:24 - CircularDependencyDetector - INFO - 检测到循环依赖: D:\PipeSmell\dataset\example_13_circular_dependency.py:12
2026-03-22 15:51:24 - DetectorRegistry - INFO - 检测完成，共找到 1 个Smell，耗时 10.64ms
2026-03-22 15:51:24 - DetectorRegistry - INFO - 开始检测Pipeline: D:\PipeSmell\dataset\example_14_improper_module_cohesion.py
2026-03-22 15:51:24 - DetectorRegistry - INFO - 使用 18 个检测器
2026-03-22 15:51:24 - ImproperModuleCohesionDetector - INFO - 检测到模块内聚不当: 7 types at line 1
2026-03-22 15:51:24 - DetectorRegistry - INFO - 检测完成，共找到 1 个Smell，耗时 11.50ms
2026-03-22 15:51:24 - DetectorRegistry - INFO - 开始检测Pipeline: D:\PipeSmell\dataset\example_15_pipeline_fragmentation.py
2026-03-22 15:51:24 - DetectorRegistry - INFO - 使用 18 个检测器
2026-03-22 15:51:24 - PipelineFragmentationDetector - INFO - 检测到Pipeline碎片化: 11 fragments at line 12
2026-03-22 15:51:24 - DetectorRegistry - INFO - 检测完成，共找到 1 个Smell，耗时 9.36ms
2026-03-22 15:51:24 - DetectorRegistry - INFO - 开始检测Pipeline: D:\PipeSmell\dataset\example_16_unnecessary_materialization.py
2026-03-22 15:51:24 - DetectorRegistry - INFO - 使用 18 个检测器
2026-03-22 15:51:24 - UnnecessaryMaterializationDetector - INFO - 检测到不必要物化: at line 20
2026-03-22 15:51:24 - DetectorRegistry - INFO - 检测完成，共找到 1 个Smell，耗时 9.66ms
2026-03-22 15:51:24 - DetectorRegistry - INFO - 开始检测Pipeline: D:\PipeSmell\dataset\example_17_large_dataframe_operation.py
2026-03-22 15:51:24 - DetectorRegistry - INFO - 使用 18 个检测器
2026-03-22 15:51:24 - LargeDataFrameOperationDetector - INFO - 检测到大DataFrame操作: at line 20
2026-03-22 15:51:24 - DetectorRegistry - INFO - 检测完成，共找到 1 个Smell，耗时 9.30ms
2026-03-22 15:51:24 - DetectorRegistry - INFO - 开始检测Pipeline: D:\PipeSmell\dataset\example_18_lack_version_control.py
2026-03-22 15:51:24 - DetectorRegistry - INFO - 使用 18 个检测器
2026-03-22 15:51:24 - LackOfVersionControlDetector - INFO - 检测到缺少版本控制: at line 1
2026-03-22 15:51:24 - DetectorRegistry - INFO - 检测完成，共找到 1 个Smell，耗时 7.19ms
2026-03-22 15:51:24 - DetectorRegistry - INFO - 开始检测Pipeline: D:\PipeSmell\dataset\example_20_multiple_smells.py
2026-03-22 15:51:24 - DetectorRegistry - INFO - 使用 18 个检测器
2026-03-22 15:51:24 - DataLeakageDetector - INFO - 检测到数据泄露: fit_transform at line 18
2026-03-22 15:51:24 - MissingEvaluationDetector - INFO - 检测到缺少评估: at line 31
2026-03-22 15:51:24 - MissingRandomSeedDetector - INFO - 检测到缺少随机种子: train_test_split at line 21
2026-03-22 15:51:24 - HardcodedParametersDetector - INFO - 检测到硬编码参数: 4 params at line 24
2026-03-22 15:51:24 - DetectorRegistry - INFO - 检测完成，共找到 4 个Smell，耗时 9.09ms
2026-03-22 16:13:12 - DataLeakageDetector - INFO - DataLeakageDetector初始化完成
2026-03-22 16:13:12 - DetectorRegistry - INFO - 已注册检测器: DATA_LEAKAGE
2026-03-22 16:13:12 - MissingEvaluationDetector - INFO - MissingEvaluationDetector初始化完成
2026-03-22 16:13:12 - DetectorRegistry - INFO - 已注册检测器: MISSING_EVALUATION
2026-03-22 16:13:12 - ModuleOrderViolationDetector - INFO - ModuleOrderViolationDetector初始化完成
2026-03-22 16:13:12 - DetectorRegistry - INFO - 已注册检测器: MODULE_ORDER_VIOLATION
2026-03-22 16:13:12 - RepeatedTransformDetector - INFO - RepeatedTransformDetector初始化完成
2026-03-22 16:13:12 - DetectorRegistry - INFO - 已注册检测器: REPEATED_TRANSFORM
2026-03-22 16:13:12 - ExcessiveCopyDetector - INFO - ExcessiveCopyDetector初始化完成
2026-03-22 16:13:12 - DetectorRegistry - INFO - 已注册检测器: EXCESSIVE_COPY
2026-03-22 16:13:12 - RedundantOperationDetector - INFO - RedundantOperationDetector初始化完成
2026-03-22 16:13:12 - DetectorRegistry - INFO - 已注册检测器: REDUNDANT_OPERATION
2026-03-22 16:13:12 - MissingRandomSeedDetector - INFO - MissingRandomSeedDetector初始化完成
2026-03-22 16:13:12 - DetectorRegistry - INFO - 已注册检测器: MISSING_RANDOM_SEED
2026-03-22 16:13:12 - MissingValidationDetector - INFO - MissingValidationDetector初始化完成
2026-03-22 16:13:12 - DetectorRegistry - INFO - 已注册检测器: MISSING_VALIDATION
2026-03-22 16:13:12 - MissingDataProfilingDetector - INFO - MissingDataProfilingDetector初始化完成
2026-03-22 16:13:12 - DetectorRegistry - INFO - 已注册检测器: MISSING_DATA_PROFILING
2026-03-22 16:13:12 - InefficientAggregationDetector - INFO - InefficientAggregationDetector初始化完成
2026-03-22 16:13:12 - DetectorRegistry - INFO - 已注册检测器: INEFFICIENT_AGGREGATION
2026-03-22 16:13:12 - UnnecessaryMaterializationDetector - INFO - UnnecessaryMaterializationDetector初始化完成
2026-03-22 16:13:12 - DetectorRegistry - INFO - 已注册检测器: UNNECESSARY_MATERIALIZATION
2026-03-22 16:13:12 - LargeDataFrameOperationDetector - INFO - LargeDataFrameOperationDetector初始化完成
2026-03-22 16:13:12 - DetectorRegistry - INFO - 已注册检测器: LARGE_DATA_FRAME_OPERATION
2026-03-22 16:13:12 - CircularDependencyDetector - INFO - CircularDependencyDetector初始化完成
2026-03-22 16:13:12 - DetectorRegistry - INFO - 已注册检测器: CIRCULAR_DEPENDENCY
2026-03-22 16:13:12 - ImproperModuleCohesionDetector - INFO - ImproperModuleCohesionDetector初始化完成
2026-03-22 16:13:12 - DetectorRegistry - INFO - 已注册检测器: IMPROPER_MODULE_COHESION
2026-03-22 16:13:12 - PipelineFragmentationDetector - INFO - PipelineFragmentationDetector初始化完成
2026-03-22 16:13:12 - DetectorRegistry - INFO - 已注册检测器: PIPELINE_FRAGMENTATION
2026-03-22 16:13:12 - HardcodedParametersDetector - INFO - HardcodedParametersDetector初始化完成
2026-03-22 16:13:12 - DetectorRegistry - INFO - 已注册检测器: HARDCODED_PARAMETERS
2026-03-22 16:13:12 - LackOfVersionControlDetector - INFO - LackOfVersionControlDetector初始化完成
2026-03-22 16:13:12 - DetectorRegistry - INFO - 已注册检测器: LACK_OF_VERSION_CONTROL
2026-03-22 16:13:12 - NonDeterministicOrderDetector - INFO - NonDeterministicOrderDetector初始化完成
2026-03-22 16:13:12 - DetectorRegistry - INFO - 已注册检测器: NON_DETERMINISTIC_ORDER
2026-03-22 16:13:12 - DetectorRegistry - INFO - 开始检测Pipeline: D:\PipeSmell\dataset\external\ext_01_data_leakage_style.py
2026-03-22 16:13:12 - DetectorRegistry - INFO - 使用 18 个检测器
2026-03-22 16:13:12 - DataLeakageDetector - INFO - 检测到数据泄露: fit_transform at line 14
2026-03-22 16:13:12 - DetectorRegistry - INFO - 检测完成，共找到 1 个Smell，耗时 3.05ms
2026-03-22 16:13:12 - DetectorRegistry - INFO - 开始检测Pipeline: D:\PipeSmell\dataset\external\ext_02_missing_random_seed_style.py
2026-03-22 16:13:12 - DetectorRegistry - INFO - 使用 18 个检测器
2026-03-22 16:13:12 - MissingRandomSeedDetector - INFO - 检测到缺少随机种子: train_test_split at line 12
2026-03-22 16:13:12 - DetectorRegistry - INFO - 检测完成，共找到 1 个Smell，耗时 3.29ms
2026-03-22 16:13:12 - DetectorRegistry - INFO - 开始检测Pipeline: D:\PipeSmell\dataset\external\ext_03_clean_style.py
2026-03-22 16:13:12 - DetectorRegistry - INFO - 使用 18 个检测器
2026-03-22 16:13:12 - DetectorRegistry - INFO - 检测完成，共找到 0 个Smell，耗时 3.34ms
2026-03-22 16:13:12 - DetectorRegistry - INFO - 开始检测Pipeline: D:\PipeSmell\dataset\external\ext_04_missing_validation_style.py
2026-03-22 16:13:12 - DetectorRegistry - INFO - 使用 18 个检测器
2026-03-22 16:13:12 - MissingValidationDetector - INFO - 检测到缺少验证集: at line 12
2026-03-22 16:13:12 - DetectorRegistry - INFO - 检测完成，共找到 1 个Smell，耗时 2.89ms
2026-03-22 16:13:12 - DetectorRegistry - INFO - 开始检测Pipeline: D:\PipeSmell\dataset\external\ext_05_inefficient_loop_style.py
2026-03-22 16:13:12 - DetectorRegistry - INFO - 使用 18 个检测器
2026-03-22 16:13:12 - InefficientAggregationDetector - INFO - 检测到低效聚合: iterrows at line 12
2026-03-22 16:13:12 - DetectorRegistry - INFO - 检测完成，共找到 1 个Smell，耗时 2.51ms
2026-03-22 16:13:12 - DetectorRegistry - INFO - 开始检测Pipeline: D:\PipeSmell\dataset\external\ext_06_repeated_scaler_style.py
2026-03-22 16:13:12 - DetectorRegistry - INFO - 使用 18 个检测器
2026-03-22 16:13:12 - RepeatedTransformDetector - INFO - 检测到重复转换(多缩放器): at line 17
2026-03-22 16:13:12 - DetectorRegistry - INFO - 检测完成，共找到 1 个Smell，耗时 3.32ms
2026-03-22 16:13:12 - DetectorRegistry - INFO - 开始检测Pipeline: D:\PipeSmell\dataset\external\ext_07_nondeterministic_style.py
2026-03-22 16:13:12 - DetectorRegistry - INFO - 使用 18 个检测器
2026-03-22 16:13:12 - NonDeterministicOrderDetector - INFO - 检测到非确定性顺序: 源码扫描 line 7
2026-03-22 16:13:12 - DetectorRegistry - INFO - 检测完成，共找到 1 个Smell，耗时 4.88ms
2026-03-22 16:13:12 - DetectorRegistry - INFO - 开始检测Pipeline: D:\PipeSmell\dataset\external\ext_08_module_order_style.py
2026-03-22 16:13:12 - DetectorRegistry - INFO - 使用 18 个检测器
2026-03-22 16:13:12 - ModuleOrderViolationDetector - INFO - 检测到模块顺序违反: at line 20
2026-03-22 16:13:12 - DetectorRegistry - INFO - 检测完成，共找到 1 个Smell，耗时 3.03ms
2026-03-22 16:13:12 - DetectorRegistry - INFO - 开始检测Pipeline: D:\PipeSmell\dataset\external\ext_09_intermediate_csv_style.py
2026-03-22 16:13:12 - DetectorRegistry - INFO - 使用 18 个检测器
2026-03-22 16:13:12 - UnnecessaryMaterializationDetector - INFO - 检测到不必要物化: at line 7
2026-03-22 16:13:12 - DetectorRegistry - INFO - 检测完成，共找到 1 个Smell，耗时 2.58ms
2026-03-22 16:14:02 - DataLeakageDetector - INFO - DataLeakageDetector初始化完成
2026-03-22 16:14:02 - DetectorRegistry - INFO - 已注册检测器: DATA_LEAKAGE
2026-03-22 16:14:02 - MissingEvaluationDetector - INFO - MissingEvaluationDetector初始化完成
2026-03-22 16:14:02 - DetectorRegistry - INFO - 已注册检测器: MISSING_EVALUATION
2026-03-22 16:14:02 - ModuleOrderViolationDetector - INFO - ModuleOrderViolationDetector初始化完成
2026-03-22 16:14:02 - DetectorRegistry - INFO - 已注册检测器: MODULE_ORDER_VIOLATION
2026-03-22 16:14:02 - RepeatedTransformDetector - INFO - RepeatedTransformDetector初始化完成
2026-03-22 16:14:02 - DetectorRegistry - INFO - 已注册检测器: REPEATED_TRANSFORM
2026-03-22 16:14:02 - ExcessiveCopyDetector - INFO - ExcessiveCopyDetector初始化完成
2026-03-22 16:14:02 - DetectorRegistry - INFO - 已注册检测器: EXCESSIVE_COPY
2026-03-22 16:14:02 - RedundantOperationDetector - INFO - RedundantOperationDetector初始化完成
2026-03-22 16:14:02 - DetectorRegistry - INFO - 已注册检测器: REDUNDANT_OPERATION
2026-03-22 16:14:02 - MissingRandomSeedDetector - INFO - MissingRandomSeedDetector初始化完成
2026-03-22 16:14:02 - DetectorRegistry - INFO - 已注册检测器: MISSING_RANDOM_SEED
2026-03-22 16:14:02 - MissingValidationDetector - INFO - MissingValidationDetector初始化完成
2026-03-22 16:14:02 - DetectorRegistry - INFO - 已注册检测器: MISSING_VALIDATION
2026-03-22 16:14:02 - MissingDataProfilingDetector - INFO - MissingDataProfilingDetector初始化完成
2026-03-22 16:14:02 - DetectorRegistry - INFO - 已注册检测器: MISSING_DATA_PROFILING
2026-03-22 16:14:02 - InefficientAggregationDetector - INFO - InefficientAggregationDetector初始化完成
2026-03-22 16:14:02 - DetectorRegistry - INFO - 已注册检测器: INEFFICIENT_AGGREGATION
2026-03-22 16:14:02 - UnnecessaryMaterializationDetector - INFO - UnnecessaryMaterializationDetector初始化完成
2026-03-22 16:14:02 - DetectorRegistry - INFO - 已注册检测器: UNNECESSARY_MATERIALIZATION
2026-03-22 16:14:02 - LargeDataFrameOperationDetector - INFO - LargeDataFrameOperationDetector初始化完成
2026-03-22 16:14:02 - DetectorRegistry - INFO - 已注册检测器: LARGE_DATA_FRAME_OPERATION
2026-03-22 16:14:02 - CircularDependencyDetector - INFO - CircularDependencyDetector初始化完成
2026-03-22 16:14:02 - DetectorRegistry - INFO - 已注册检测器: CIRCULAR_DEPENDENCY
2026-03-22 16:14:02 - ImproperModuleCohesionDetector - INFO - ImproperModuleCohesionDetector初始化完成
2026-03-22 16:14:02 - DetectorRegistry - INFO - 已注册检测器: IMPROPER_MODULE_COHESION
2026-03-22 16:14:02 - PipelineFragmentationDetector - INFO - PipelineFragmentationDetector初始化完成
2026-03-22 16:14:02 - DetectorRegistry - INFO - 已注册检测器: PIPELINE_FRAGMENTATION
2026-03-22 16:14:02 - HardcodedParametersDetector - INFO - HardcodedParametersDetector初始化完成
2026-03-22 16:14:02 - DetectorRegistry - INFO - 已注册检测器: HARDCODED_PARAMETERS
2026-03-22 16:14:02 - LackOfVersionControlDetector - INFO - LackOfVersionControlDetector初始化完成
2026-03-22 16:14:02 - DetectorRegistry - INFO - 已注册检测器: LACK_OF_VERSION_CONTROL
2026-03-22 16:14:02 - NonDeterministicOrderDetector - INFO - NonDeterministicOrderDetector初始化完成
2026-03-22 16:14:02 - DetectorRegistry - INFO - 已注册检测器: NON_DETERMINISTIC_ORDER
2026-03-22 16:14:02 - DetectorRegistry - INFO - 开始检测Pipeline: D:\PipeSmell\dataset\external\ext_01_data_leakage_style.py
2026-03-22 16:14:02 - DetectorRegistry - INFO - 使用 18 个检测器
2026-03-22 16:14:02 - DataLeakageDetector - INFO - 检测到数据泄露: fit_transform at line 14
2026-03-22 16:14:02 - DetectorRegistry - INFO - 检测完成，共找到 1 个Smell，耗时 3.90ms
2026-03-22 16:14:03 - DetectorRegistry - INFO - 开始检测Pipeline: D:\PipeSmell\dataset\external\ext_02_missing_random_seed_style.py
2026-03-22 16:14:03 - DetectorRegistry - INFO - 使用 18 个检测器
2026-03-22 16:14:03 - MissingRandomSeedDetector - INFO - 检测到缺少随机种子: train_test_split at line 12
2026-03-22 16:14:03 - DetectorRegistry - INFO - 检测完成，共找到 1 个Smell，耗时 3.67ms
2026-03-22 16:14:03 - DetectorRegistry - INFO - 开始检测Pipeline: D:\PipeSmell\dataset\external\ext_04_missing_validation_style.py
2026-03-22 16:14:03 - DetectorRegistry - INFO - 使用 18 个检测器
2026-03-22 16:14:03 - MissingValidationDetector - INFO - 检测到缺少验证集: at line 12
2026-03-22 16:14:03 - DetectorRegistry - INFO - 检测完成，共找到 1 个Smell，耗时 3.81ms
2026-03-22 16:14:03 - DetectorRegistry - INFO - 开始检测Pipeline: D:\PipeSmell\dataset\external\ext_05_inefficient_loop_style.py
2026-03-22 16:14:03 - DetectorRegistry - INFO - 使用 18 个检测器
2026-03-22 16:14:03 - InefficientAggregationDetector - INFO - 检测到低效聚合: iterrows at line 12
2026-03-22 16:14:03 - DetectorRegistry - INFO - 检测完成，共找到 1 个Smell，耗时 3.02ms
2026-03-22 16:14:03 - DetectorRegistry - INFO - 开始检测Pipeline: D:\PipeSmell\dataset\external\ext_06_repeated_scaler_style.py
2026-03-22 16:14:03 - DetectorRegistry - INFO - 使用 18 个检测器
2026-03-22 16:14:03 - RepeatedTransformDetector - INFO - 检测到重复转换(多缩放器): at line 17
2026-03-22 16:14:03 - DetectorRegistry - INFO - 检测完成，共找到 1 个Smell，耗时 3.84ms
2026-03-22 16:14:03 - DetectorRegistry - INFO - 开始检测Pipeline: D:\PipeSmell\dataset\external\ext_07_nondeterministic_style.py
2026-03-22 16:14:03 - DetectorRegistry - INFO - 使用 18 个检测器
2026-03-22 16:14:03 - NonDeterministicOrderDetector - INFO - 检测到非确定性顺序: 源码扫描 line 7
2026-03-22 16:14:03 - DetectorRegistry - INFO - 检测完成，共找到 1 个Smell，耗时 2.06ms
2026-03-22 16:14:03 - DetectorRegistry - INFO - 开始检测Pipeline: D:\PipeSmell\dataset\external\ext_08_module_order_style.py
2026-03-22 16:14:03 - DetectorRegistry - INFO - 使用 18 个检测器
2026-03-22 16:14:03 - ModuleOrderViolationDetector - INFO - 检测到模块顺序违反: at line 20
2026-03-22 16:14:03 - DetectorRegistry - INFO - 检测完成，共找到 1 个Smell，耗时 3.85ms
2026-03-22 16:14:03 - DetectorRegistry - INFO - 开始检测Pipeline: D:\PipeSmell\dataset\external\ext_09_intermediate_csv_style.py
2026-03-22 16:14:03 - DetectorRegistry - INFO - 使用 18 个检测器
2026-03-22 16:14:03 - UnnecessaryMaterializationDetector - INFO - 检测到不必要物化: at line 7
2026-03-22 16:14:03 - DetectorRegistry - INFO - 检测完成，共找到 1 个Smell，耗时 2.44ms
2026-03-22 16:14:39 - DataLeakageDetector - INFO - DataLeakageDetector初始化完成
2026-03-22 16:14:39 - DetectorRegistry - INFO - 已注册检测器: DATA_LEAKAGE
2026-03-22 16:14:39 - MissingEvaluationDetector - INFO - MissingEvaluationDetector初始化完成
2026-03-22 16:14:39 - DetectorRegistry - INFO - 已注册检测器: MISSING_EVALUATION
2026-03-22 16:14:39 - ModuleOrderViolationDetector - INFO - ModuleOrderViolationDetector初始化完成
2026-03-22 16:14:39 - DetectorRegistry - INFO - 已注册检测器: MODULE_ORDER_VIOLATION
2026-03-22 16:14:39 - RepeatedTransformDetector - INFO - RepeatedTransformDetector初始化完成
2026-03-22 16:14:39 - DetectorRegistry - INFO - 已注册检测器: REPEATED_TRANSFORM
2026-03-22 16:14:39 - ExcessiveCopyDetector - INFO - ExcessiveCopyDetector初始化完成
2026-03-22 16:14:39 - DetectorRegistry - INFO - 已注册检测器: EXCESSIVE_COPY
2026-03-22 16:14:39 - RedundantOperationDetector - INFO - RedundantOperationDetector初始化完成
2026-03-22 16:14:39 - DetectorRegistry - INFO - 已注册检测器: REDUNDANT_OPERATION
2026-03-22 16:14:39 - MissingRandomSeedDetector - INFO - MissingRandomSeedDetector初始化完成
2026-03-22 16:14:39 - DetectorRegistry - INFO - 已注册检测器: MISSING_RANDOM_SEED
2026-03-22 16:14:39 - MissingValidationDetector - INFO - MissingValidationDetector初始化完成
2026-03-22 16:14:39 - DetectorRegistry - INFO - 已注册检测器: MISSING_VALIDATION
2026-03-22 16:14:39 - MissingDataProfilingDetector - INFO - MissingDataProfilingDetector初始化完成
2026-03-22 16:14:39 - DetectorRegistry - INFO - 已注册检测器: MISSING_DATA_PROFILING
2026-03-22 16:14:39 - InefficientAggregationDetector - INFO - InefficientAggregationDetector初始化完成
2026-03-22 16:14:39 - DetectorRegistry - INFO - 已注册检测器: INEFFICIENT_AGGREGATION
2026-03-22 16:14:39 - UnnecessaryMaterializationDetector - INFO - UnnecessaryMaterializationDetector初始化完成
2026-03-22 16:14:39 - DetectorRegistry - INFO - 已注册检测器: UNNECESSARY_MATERIALIZATION
2026-03-22 16:14:39 - LargeDataFrameOperationDetector - INFO - LargeDataFrameOperationDetector初始化完成
2026-03-22 16:14:39 - DetectorRegistry - INFO - 已注册检测器: LARGE_DATA_FRAME_OPERATION
2026-03-22 16:14:39 - CircularDependencyDetector - INFO - CircularDependencyDetector初始化完成
2026-03-22 16:14:39 - DetectorRegistry - INFO - 已注册检测器: CIRCULAR_DEPENDENCY
2026-03-22 16:14:39 - ImproperModuleCohesionDetector - INFO - ImproperModuleCohesionDetector初始化完成
2026-03-22 16:14:39 - DetectorRegistry - INFO - 已注册检测器: IMPROPER_MODULE_COHESION
2026-03-22 16:14:39 - PipelineFragmentationDetector - INFO - PipelineFragmentationDetector初始化完成
2026-03-22 16:14:39 - DetectorRegistry - INFO - 已注册检测器: PIPELINE_FRAGMENTATION
2026-03-22 16:14:39 - HardcodedParametersDetector - INFO - HardcodedParametersDetector初始化完成
2026-03-22 16:14:39 - DetectorRegistry - INFO - 已注册检测器: HARDCODED_PARAMETERS
2026-03-22 16:14:39 - LackOfVersionControlDetector - INFO - LackOfVersionControlDetector初始化完成
2026-03-22 16:14:39 - DetectorRegistry - INFO - 已注册检测器: LACK_OF_VERSION_CONTROL
2026-03-22 16:14:39 - NonDeterministicOrderDetector - INFO - NonDeterministicOrderDetector初始化完成
2026-03-22 16:14:39 - DetectorRegistry - INFO - 已注册检测器: NON_DETERMINISTIC_ORDER
2026-03-22 16:14:39 - DetectorRegistry - INFO - 开始检测Pipeline: D:\PipeSmell\dataset\external\ext_01_data_leakage_style.py
2026-03-22 16:14:39 - DetectorRegistry - INFO - 使用 18 个检测器
2026-03-22 16:14:39 - DataLeakageDetector - INFO - 检测到数据泄露: fit_transform at line 14
2026-03-22 16:14:39 - DetectorRegistry - INFO - 检测完成，共找到 1 个Smell，耗时 3.21ms
2026-03-22 16:14:39 - DetectorRegistry - INFO - 开始检测Pipeline: D:\PipeSmell\dataset\external\ext_02_missing_random_seed_style.py
2026-03-22 16:14:39 - DetectorRegistry - INFO - 使用 18 个检测器
2026-03-22 16:14:39 - MissingRandomSeedDetector - INFO - 检测到缺少随机种子: train_test_split at line 12
2026-03-22 16:14:39 - DetectorRegistry - INFO - 检测完成，共找到 1 个Smell，耗时 2.27ms
2026-03-22 16:14:39 - DetectorRegistry - INFO - 开始检测Pipeline: D:\PipeSmell\dataset\external\ext_03_clean_style.py
2026-03-22 16:14:39 - DetectorRegistry - INFO - 使用 18 个检测器
2026-03-22 16:14:39 - DetectorRegistry - INFO - 检测完成，共找到 0 个Smell，耗时 2.31ms
2026-03-22 16:14:39 - DetectorRegistry - INFO - 开始检测Pipeline: D:\PipeSmell\dataset\external\ext_04_missing_validation_style.py
2026-03-22 16:14:39 - DetectorRegistry - INFO - 使用 18 个检测器
2026-03-22 16:14:39 - MissingValidationDetector - INFO - 检测到缺少验证集: at line 12
2026-03-22 16:14:39 - DetectorRegistry - INFO - 检测完成，共找到 1 个Smell，耗时 3.51ms
2026-03-22 16:14:39 - DetectorRegistry - INFO - 开始检测Pipeline: D:\PipeSmell\dataset\external\ext_05_inefficient_loop_style.py
2026-03-22 16:14:39 - DetectorRegistry - INFO - 使用 18 个检测器
2026-03-22 16:14:39 - InefficientAggregationDetector - INFO - 检测到低效聚合: iterrows at line 12
2026-03-22 16:14:39 - DetectorRegistry - INFO - 检测完成，共找到 1 个Smell，耗时 3.98ms
2026-03-22 16:14:39 - DetectorRegistry - INFO - 开始检测Pipeline: D:\PipeSmell\dataset\external\ext_06_repeated_scaler_style.py
2026-03-22 16:14:39 - DetectorRegistry - INFO - 使用 18 个检测器
2026-03-22 16:14:39 - RepeatedTransformDetector - INFO - 检测到重复转换(多缩放器): at line 17
2026-03-22 16:14:39 - DetectorRegistry - INFO - 检测完成，共找到 1 个Smell，耗时 4.98ms
2026-03-22 16:14:39 - DetectorRegistry - INFO - 开始检测Pipeline: D:\PipeSmell\dataset\external\ext_07_nondeterministic_style.py
2026-03-22 16:14:39 - DetectorRegistry - INFO - 使用 18 个检测器
2026-03-22 16:14:39 - NonDeterministicOrderDetector - INFO - 检测到非确定性顺序: 源码扫描 line 7
2026-03-22 16:14:39 - DetectorRegistry - INFO - 检测完成，共找到 1 个Smell，耗时 2.17ms
2026-03-22 16:14:39 - DetectorRegistry - INFO - 开始检测Pipeline: D:\PipeSmell\dataset\external\ext_08_module_order_style.py
2026-03-22 16:14:39 - DetectorRegistry - INFO - 使用 18 个检测器
2026-03-22 16:14:39 - ModuleOrderViolationDetector - INFO - 检测到模块顺序违反: at line 20
2026-03-22 16:14:39 - DetectorRegistry - INFO - 检测完成，共找到 1 个Smell，耗时 5.09ms
2026-03-22 16:14:39 - DetectorRegistry - INFO - 开始检测Pipeline: D:\PipeSmell\dataset\external\ext_09_intermediate_csv_style.py
2026-03-22 16:14:39 - DetectorRegistry - INFO - 使用 18 个检测器
2026-03-22 16:14:39 - UnnecessaryMaterializationDetector - INFO - 检测到不必要物化: at line 7
2026-03-22 16:14:39 - DetectorRegistry - INFO - 检测完成，共找到 1 个Smell，耗时 1.99ms
2026-03-22 16:15:01 - DataLeakageDetector - INFO - DataLeakageDetector初始化完成
2026-03-22 16:15:01 - DetectorRegistry - INFO - 已注册检测器: DATA_LEAKAGE
2026-03-22 16:15:01 - MissingEvaluationDetector - INFO - MissingEvaluationDetector初始化完成
2026-03-22 16:15:01 - DetectorRegistry - INFO - 已注册检测器: MISSING_EVALUATION
2026-03-22 16:15:01 - ModuleOrderViolationDetector - INFO - ModuleOrderViolationDetector初始化完成
2026-03-22 16:15:01 - DetectorRegistry - INFO - 已注册检测器: MODULE_ORDER_VIOLATION
2026-03-22 16:15:01 - RepeatedTransformDetector - INFO - RepeatedTransformDetector初始化完成
2026-03-22 16:15:01 - DetectorRegistry - INFO - 已注册检测器: REPEATED_TRANSFORM
2026-03-22 16:15:01 - ExcessiveCopyDetector - INFO - ExcessiveCopyDetector初始化完成
2026-03-22 16:15:01 - DetectorRegistry - INFO - 已注册检测器: EXCESSIVE_COPY
2026-03-22 16:15:01 - RedundantOperationDetector - INFO - RedundantOperationDetector初始化完成
2026-03-22 16:15:01 - DetectorRegistry - INFO - 已注册检测器: REDUNDANT_OPERATION
2026-03-22 16:15:01 - MissingRandomSeedDetector - INFO - MissingRandomSeedDetector初始化完成
2026-03-22 16:15:01 - DetectorRegistry - INFO - 已注册检测器: MISSING_RANDOM_SEED
2026-03-22 16:15:01 - MissingValidationDetector - INFO - MissingValidationDetector初始化完成
2026-03-22 16:15:01 - DetectorRegistry - INFO - 已注册检测器: MISSING_VALIDATION
2026-03-22 16:15:01 - MissingDataProfilingDetector - INFO - MissingDataProfilingDetector初始化完成
2026-03-22 16:15:01 - DetectorRegistry - INFO - 已注册检测器: MISSING_DATA_PROFILING
2026-03-22 16:15:01 - InefficientAggregationDetector - INFO - InefficientAggregationDetector初始化完成
2026-03-22 16:15:01 - DetectorRegistry - INFO - 已注册检测器: INEFFICIENT_AGGREGATION
2026-03-22 16:15:01 - UnnecessaryMaterializationDetector - INFO - UnnecessaryMaterializationDetector初始化完成
2026-03-22 16:15:01 - DetectorRegistry - INFO - 已注册检测器: UNNECESSARY_MATERIALIZATION
2026-03-22 16:15:01 - LargeDataFrameOperationDetector - INFO - LargeDataFrameOperationDetector初始化完成
2026-03-22 16:15:01 - DetectorRegistry - INFO - 已注册检测器: LARGE_DATA_FRAME_OPERATION
2026-03-22 16:15:01 - CircularDependencyDetector - INFO - CircularDependencyDetector初始化完成
2026-03-22 16:15:01 - DetectorRegistry - INFO - 已注册检测器: CIRCULAR_DEPENDENCY
2026-03-22 16:15:01 - ImproperModuleCohesionDetector - INFO - ImproperModuleCohesionDetector初始化完成
2026-03-22 16:15:01 - DetectorRegistry - INFO - 已注册检测器: IMPROPER_MODULE_COHESION
2026-03-22 16:15:01 - PipelineFragmentationDetector - INFO - PipelineFragmentationDetector初始化完成
2026-03-22 16:15:01 - DetectorRegistry - INFO - 已注册检测器: PIPELINE_FRAGMENTATION
2026-03-22 16:15:01 - HardcodedParametersDetector - INFO - HardcodedParametersDetector初始化完成
2026-03-22 16:15:01 - DetectorRegistry - INFO - 已注册检测器: HARDCODED_PARAMETERS
2026-03-22 16:15:01 - LackOfVersionControlDetector - INFO - LackOfVersionControlDetector初始化完成
2026-03-22 16:15:01 - DetectorRegistry - INFO - 已注册检测器: LACK_OF_VERSION_CONTROL
2026-03-22 16:15:01 - NonDeterministicOrderDetector - INFO - NonDeterministicOrderDetector初始化完成
2026-03-22 16:15:01 - DetectorRegistry - INFO - 已注册检测器: NON_DETERMINISTIC_ORDER
2026-03-22 16:15:01 - DetectorRegistry - INFO - 开始检测Pipeline: D:\PipeSmell\dataset\example_01_data_leakage.py
2026-03-22 16:15:01 - DetectorRegistry - INFO - 使用 18 个检测器
2026-03-22 16:15:01 - DataLeakageDetector - INFO - 检测到数据泄露: fit_transform at line 20
2026-03-22 16:15:01 - DetectorRegistry - INFO - 检测完成，共找到 1 个Smell，耗时 6.26ms
2026-03-22 16:15:01 - DetectorRegistry - INFO - 开始检测Pipeline: D:\PipeSmell\dataset\example_02_missing_random_seed.py
2026-03-22 16:15:01 - DetectorRegistry - INFO - 使用 18 个检测器
2026-03-22 16:15:01 - MissingRandomSeedDetector - INFO - 检测到缺少随机种子: train_test_split at line 17
2026-03-22 16:15:01 - DetectorRegistry - INFO - 检测完成，共找到 1 个Smell，耗时 6.68ms
2026-03-22 16:15:01 - DetectorRegistry - INFO - 开始检测Pipeline: D:\PipeSmell\dataset\example_03_missing_validation.py
2026-03-22 16:15:01 - DetectorRegistry - INFO - 使用 18 个检测器
2026-03-22 16:15:01 - MissingValidationDetector - INFO - 检测到缺少验证集: at line 17
2026-03-22 16:15:01 - DetectorRegistry - INFO - 检测完成，共找到 1 个Smell，耗时 2.99ms
2026-03-22 16:15:01 - DetectorRegistry - INFO - 开始检测Pipeline: D:\PipeSmell\dataset\example_04_repeated_transform.py
2026-03-22 16:15:01 - DetectorRegistry - INFO - 使用 18 个检测器
2026-03-22 16:15:01 - RepeatedTransformDetector - INFO - 检测到重复转换(多缩放器): at line 24
2026-03-22 16:15:01 - DetectorRegistry - INFO - 检测完成，共找到 1 个Smell，耗时 2.75ms
2026-03-22 16:15:01 - DetectorRegistry - INFO - 开始检测Pipeline: D:\PipeSmell\dataset\example_05_missing_evaluation.py
2026-03-22 16:15:01 - DetectorRegistry - INFO - 使用 18 个检测器
2026-03-22 16:15:01 - MissingEvaluationDetector - INFO - 检测到缺少评估: at line 20
2026-03-22 16:15:01 - DetectorRegistry - INFO - 检测完成，共找到 1 个Smell，耗时 4.87ms
2026-03-22 16:15:01 - DetectorRegistry - INFO - 开始检测Pipeline: D:\PipeSmell\dataset\example_06_hardcoded_parameters.py
2026-03-22 16:15:01 - DetectorRegistry - INFO - 使用 18 个检测器
2026-03-22 16:15:01 - HardcodedParametersDetector - INFO - 检测到硬编码参数: 5 params at line 19
2026-03-22 16:15:01 - DetectorRegistry - INFO - 检测完成，共找到 1 个Smell，耗时 3.40ms
2026-03-22 16:15:01 - DetectorRegistry - INFO - 开始检测Pipeline: D:\PipeSmell\dataset\example_07_nondeterministic_order.py
2026-03-22 16:15:01 - DetectorRegistry - INFO - 使用 18 个检测器
2026-03-22 16:15:01 - NonDeterministicOrderDetector - INFO - 检测到非确定性顺序: 源码扫描 line 16
2026-03-22 16:15:01 - DetectorRegistry - INFO - 检测完成，共找到 1 个Smell，耗时 3.06ms
2026-03-22 16:15:01 - DetectorRegistry - INFO - 开始检测Pipeline: D:\PipeSmell\dataset\example_08_inefficient_aggregation.py
2026-03-22 16:15:01 - DetectorRegistry - INFO - 使用 18 个检测器
2026-03-22 16:15:01 - InefficientAggregationDetector - INFO - 检测到低效聚合: iterrows at line 17
2026-03-22 16:15:01 - DetectorRegistry - INFO - 检测完成，共找到 1 个Smell，耗时 4.08ms
2026-03-22 16:15:01 - DetectorRegistry - INFO - 开始检测Pipeline: D:\PipeSmell\dataset\example_09_missing_data_profiling.py
2026-03-22 16:15:01 - DetectorRegistry - INFO - 使用 18 个检测器
2026-03-22 16:15:01 - MissingDataProfilingDetector - INFO - 检测到缺少数据探索: at line 14
2026-03-22 16:15:01 - DetectorRegistry - INFO - 检测完成，共找到 1 个Smell，耗时 2.62ms
2026-03-22 16:15:01 - DetectorRegistry - INFO - 开始检测Pipeline: D:\PipeSmell\dataset\example_10_redundant_operation.py
2026-03-22 16:15:01 - DetectorRegistry - INFO - 使用 18 个检测器
2026-03-22 16:15:01 - RedundantOperationDetector - INFO - 检测到冗余操作: dropna+fillna at line 16
2026-03-22 16:15:01 - DetectorRegistry - INFO - 检测完成，共找到 1 个Smell，耗时 4.96ms
2026-03-22 16:15:01 - DetectorRegistry - INFO - 开始检测Pipeline: D:\PipeSmell\dataset\example_11_excessive_copy.py
2026-03-22 16:15:01 - DetectorRegistry - INFO - 使用 18 个检测器
2026-03-22 16:15:01 - ExcessiveCopyDetector - INFO - 检测到过度复制: at line 18
2026-03-22 16:15:01 - DetectorRegistry - INFO - 检测完成，共找到 1 个Smell，耗时 4.45ms
2026-03-22 16:15:01 - DetectorRegistry - INFO - 开始检测Pipeline: D:\PipeSmell\dataset\example_12_module_order_violation.py
2026-03-22 16:15:01 - DetectorRegistry - INFO - 使用 18 个检测器
2026-03-22 16:15:01 - ModuleOrderViolationDetector - INFO - 检测到模块顺序违反: at line 26
2026-03-22 16:15:01 - DetectorRegistry - INFO - 检测完成，共找到 1 个Smell，耗时 2.50ms
2026-03-22 16:15:01 - DetectorRegistry - INFO - 开始检测Pipeline: D:\PipeSmell\dataset\example_13_circular_dependency.py
2026-03-22 16:15:01 - DetectorRegistry - INFO - 使用 18 个检测器
2026-03-22 16:15:01 - CircularDependencyDetector - INFO - 检测到循环依赖: D:\PipeSmell\dataset\example_13_circular_dependency.py:12
2026-03-22 16:15:01 - DetectorRegistry - INFO - 检测完成，共找到 1 个Smell，耗时 2.50ms
2026-03-22 16:15:01 - DetectorRegistry - INFO - 开始检测Pipeline: D:\PipeSmell\dataset\example_14_improper_module_cohesion.py
2026-03-22 16:15:01 - DetectorRegistry - INFO - 使用 18 个检测器
2026-03-22 16:15:01 - ImproperModuleCohesionDetector - INFO - 检测到模块内聚不当: 7 types at line 1
2026-03-22 16:15:01 - DetectorRegistry - INFO - 检测完成，共找到 1 个Smell，耗时 4.56ms
2026-03-22 16:15:01 - DetectorRegistry - INFO - 开始检测Pipeline: D:\PipeSmell\dataset\example_15_pipeline_fragmentation.py
2026-03-22 16:15:01 - DetectorRegistry - INFO - 使用 18 个检测器
2026-03-22 16:15:01 - PipelineFragmentationDetector - INFO - 检测到Pipeline碎片化: 11 fragments at line 12
2026-03-22 16:15:01 - DetectorRegistry - INFO - 检测完成，共找到 1 个Smell，耗时 2.91ms
2026-03-22 16:15:01 - DetectorRegistry - INFO - 开始检测Pipeline: D:\PipeSmell\dataset\example_16_unnecessary_materialization.py
2026-03-22 16:15:01 - DetectorRegistry - INFO - 使用 18 个检测器
2026-03-22 16:15:01 - UnnecessaryMaterializationDetector - INFO - 检测到不必要物化: at line 20
2026-03-22 16:15:01 - DetectorRegistry - INFO - 检测完成，共找到 1 个Smell，耗时 2.21ms
2026-03-22 16:15:01 - DetectorRegistry - INFO - 开始检测Pipeline: D:\PipeSmell\dataset\example_17_large_dataframe_operation.py
2026-03-22 16:15:01 - DetectorRegistry - INFO - 使用 18 个检测器
2026-03-22 16:15:01 - LargeDataFrameOperationDetector - INFO - 检测到大DataFrame操作: at line 20
2026-03-22 16:15:01 - DetectorRegistry - INFO - 检测完成，共找到 1 个Smell，耗时 3.39ms
2026-03-22 16:15:01 - DetectorRegistry - INFO - 开始检测Pipeline: D:\PipeSmell\dataset\example_18_lack_version_control.py
2026-03-22 16:15:01 - DetectorRegistry - INFO - 使用 18 个检测器
2026-03-22 16:15:01 - LackOfVersionControlDetector - INFO - 检测到缺少版本控制: at line 1
2026-03-22 16:15:01 - DetectorRegistry - INFO - 检测完成，共找到 1 个Smell，耗时 3.13ms
2026-03-22 16:15:01 - DetectorRegistry - INFO - 开始检测Pipeline: D:\PipeSmell\dataset\example_19_clean_pipeline.py
2026-03-22 16:15:01 - DetectorRegistry - INFO - 使用 18 个检测器
2026-03-22 16:15:01 - PipelineFragmentationDetector - INFO - 检测到Pipeline碎片化: 11 fragments at line 14
2026-03-22 16:15:01 - DetectorRegistry - INFO - 检测完成，共找到 1 个Smell，耗时 3.14ms
2026-03-22 16:15:01 - DetectorRegistry - INFO - 开始检测Pipeline: D:\PipeSmell\dataset\example_20_multiple_smells.py
2026-03-22 16:15:01 - DetectorRegistry - INFO - 使用 18 个检测器
2026-03-22 16:15:01 - DataLeakageDetector - INFO - 检测到数据泄露: fit_transform at line 18
2026-03-22 16:15:01 - MissingEvaluationDetector - INFO - 检测到缺少评估: at line 31
2026-03-22 16:15:01 - MissingRandomSeedDetector - INFO - 检测到缺少随机种子: train_test_split at line 21
2026-03-22 16:15:01 - HardcodedParametersDetector - INFO - 检测到硬编码参数: 4 params at line 24
2026-03-22 16:15:01 - DetectorRegistry - INFO - 检测完成，共找到 4 个Smell，耗时 4.77ms
2026-03-22 16:15:42 - DataLeakageDetector - INFO - DataLeakageDetector初始化完成
2026-03-22 16:15:42 - DetectorRegistry - INFO - 已注册检测器: DATA_LEAKAGE
2026-03-22 16:15:42 - MissingEvaluationDetector - INFO - MissingEvaluationDetector初始化完成
2026-03-22 16:15:42 - DetectorRegistry - INFO - 已注册检测器: MISSING_EVALUATION
2026-03-22 16:15:42 - ModuleOrderViolationDetector - INFO - ModuleOrderViolationDetector初始化完成
2026-03-22 16:15:42 - DetectorRegistry - INFO - 已注册检测器: MODULE_ORDER_VIOLATION
2026-03-22 16:15:42 - RepeatedTransformDetector - INFO - RepeatedTransformDetector初始化完成
2026-03-22 16:15:42 - DetectorRegistry - INFO - 已注册检测器: REPEATED_TRANSFORM
2026-03-22 16:15:42 - ExcessiveCopyDetector - INFO - ExcessiveCopyDetector初始化完成
2026-03-22 16:15:42 - DetectorRegistry - INFO - 已注册检测器: EXCESSIVE_COPY
2026-03-22 16:15:42 - RedundantOperationDetector - INFO - RedundantOperationDetector初始化完成
2026-03-22 16:15:42 - DetectorRegistry - INFO - 已注册检测器: REDUNDANT_OPERATION
2026-03-22 16:15:42 - MissingRandomSeedDetector - INFO - MissingRandomSeedDetector初始化完成
2026-03-22 16:15:42 - DetectorRegistry - INFO - 已注册检测器: MISSING_RANDOM_SEED
2026-03-22 16:15:42 - MissingValidationDetector - INFO - MissingValidationDetector初始化完成
2026-03-22 16:15:42 - DetectorRegistry - INFO - 已注册检测器: MISSING_VALIDATION
2026-03-22 16:15:42 - MissingDataProfilingDetector - INFO - MissingDataProfilingDetector初始化完成
2026-03-22 16:15:42 - DetectorRegistry - INFO - 已注册检测器: MISSING_DATA_PROFILING
2026-03-22 16:15:42 - InefficientAggregationDetector - INFO - InefficientAggregationDetector初始化完成
2026-03-22 16:15:42 - DetectorRegistry - INFO - 已注册检测器: INEFFICIENT_AGGREGATION
2026-03-22 16:15:42 - UnnecessaryMaterializationDetector - INFO - UnnecessaryMaterializationDetector初始化完成
2026-03-22 16:15:42 - DetectorRegistry - INFO - 已注册检测器: UNNECESSARY_MATERIALIZATION
2026-03-22 16:15:42 - LargeDataFrameOperationDetector - INFO - LargeDataFrameOperationDetector初始化完成
2026-03-22 16:15:42 - DetectorRegistry - INFO - 已注册检测器: LARGE_DATA_FRAME_OPERATION
2026-03-22 16:15:42 - CircularDependencyDetector - INFO - CircularDependencyDetector初始化完成
2026-03-22 16:15:42 - DetectorRegistry - INFO - 已注册检测器: CIRCULAR_DEPENDENCY
2026-03-22 16:15:42 - ImproperModuleCohesionDetector - INFO - ImproperModuleCohesionDetector初始化完成
2026-03-22 16:15:42 - DetectorRegistry - INFO - 已注册检测器: IMPROPER_MODULE_COHESION
2026-03-22 16:15:42 - PipelineFragmentationDetector - INFO - PipelineFragmentationDetector初始化完成
2026-03-22 16:15:42 - DetectorRegistry - INFO - 已注册检测器: PIPELINE_FRAGMENTATION
2026-03-22 16:15:42 - HardcodedParametersDetector - INFO - HardcodedParametersDetector初始化完成
2026-03-22 16:15:42 - DetectorRegistry - INFO - 已注册检测器: HARDCODED_PARAMETERS
2026-03-22 16:15:42 - LackOfVersionControlDetector - INFO - LackOfVersionControlDetector初始化完成
2026-03-22 16:15:42 - DetectorRegistry - INFO - 已注册检测器: LACK_OF_VERSION_CONTROL
2026-03-22 16:15:42 - NonDeterministicOrderDetector - INFO - NonDeterministicOrderDetector初始化完成
2026-03-22 16:15:42 - DetectorRegistry - INFO - 已注册检测器: NON_DETERMINISTIC_ORDER
2026-03-22 16:15:42 - DetectorRegistry - INFO - 开始检测Pipeline: D:\PipeSmell\dataset\example_01_data_leakage.py
2026-03-22 16:15:42 - DetectorRegistry - INFO - 使用 18 个检测器
2026-03-22 16:15:42 - DataLeakageDetector - INFO - 检测到数据泄露: fit_transform at line 20
2026-03-22 16:15:42 - DetectorRegistry - INFO - 检测完成，共找到 1 个Smell，耗时 2.99ms
2026-03-22 16:15:42 - DetectorRegistry - INFO - 开始检测Pipeline: D:\PipeSmell\dataset\example_02_missing_random_seed.py
2026-03-22 16:15:42 - DetectorRegistry - INFO - 使用 18 个检测器
2026-03-22 16:15:42 - MissingRandomSeedDetector - INFO - 检测到缺少随机种子: train_test_split at line 17
2026-03-22 16:15:42 - DetectorRegistry - INFO - 检测完成，共找到 1 个Smell，耗时 3.98ms
2026-03-22 16:15:42 - DetectorRegistry - INFO - 开始检测Pipeline: D:\PipeSmell\dataset\example_03_missing_validation.py
2026-03-22 16:15:42 - DetectorRegistry - INFO - 使用 18 个检测器
2026-03-22 16:15:42 - MissingValidationDetector - INFO - 检测到缺少验证集: at line 17
2026-03-22 16:15:42 - DetectorRegistry - INFO - 检测完成，共找到 1 个Smell，耗时 5.00ms
2026-03-22 16:15:42 - DetectorRegistry - INFO - 开始检测Pipeline: D:\PipeSmell\dataset\example_04_repeated_transform.py
2026-03-22 16:15:42 - DetectorRegistry - INFO - 使用 18 个检测器
2026-03-22 16:15:42 - RepeatedTransformDetector - INFO - 检测到重复转换(多缩放器): at line 24
2026-03-22 16:15:42 - DetectorRegistry - INFO - 检测完成，共找到 1 个Smell，耗时 3.03ms
2026-03-22 16:15:42 - DetectorRegistry - INFO - 开始检测Pipeline: D:\PipeSmell\dataset\example_05_missing_evaluation.py
2026-03-22 16:15:42 - DetectorRegistry - INFO - 使用 18 个检测器
2026-03-22 16:15:42 - MissingEvaluationDetector - INFO - 检测到缺少评估: at line 20
2026-03-22 16:15:42 - DetectorRegistry - INFO - 检测完成，共找到 1 个Smell，耗时 2.97ms
2026-03-22 16:15:42 - DetectorRegistry - INFO - 开始检测Pipeline: D:\PipeSmell\dataset\example_06_hardcoded_parameters.py
2026-03-22 16:15:42 - DetectorRegistry - INFO - 使用 18 个检测器
2026-03-22 16:15:42 - HardcodedParametersDetector - INFO - 检测到硬编码参数: 5 params at line 19
2026-03-22 16:15:42 - DetectorRegistry - INFO - 检测完成，共找到 1 个Smell，耗时 2.05ms
2026-03-22 16:15:42 - DetectorRegistry - INFO - 开始检测Pipeline: D:\PipeSmell\dataset\example_07_nondeterministic_order.py
2026-03-22 16:15:42 - DetectorRegistry - INFO - 使用 18 个检测器
2026-03-22 16:15:42 - NonDeterministicOrderDetector - INFO - 检测到非确定性顺序: 源码扫描 line 16
2026-03-22 16:15:42 - DetectorRegistry - INFO - 检测完成，共找到 1 个Smell，耗时 2.99ms
2026-03-22 16:15:42 - DetectorRegistry - INFO - 开始检测Pipeline: D:\PipeSmell\dataset\example_08_inefficient_aggregation.py
2026-03-22 16:15:42 - DetectorRegistry - INFO - 使用 18 个检测器
2026-03-22 16:15:42 - InefficientAggregationDetector - INFO - 检测到低效聚合: iterrows at line 17
2026-03-22 16:15:42 - DetectorRegistry - INFO - 检测完成，共找到 1 个Smell，耗时 2.99ms
2026-03-22 16:15:42 - DetectorRegistry - INFO - 开始检测Pipeline: D:\PipeSmell\dataset\example_09_missing_data_profiling.py
2026-03-22 16:15:42 - DetectorRegistry - INFO - 使用 18 个检测器
2026-03-22 16:15:42 - MissingDataProfilingDetector - INFO - 检测到缺少数据探索: at line 14
2026-03-22 16:15:42 - DetectorRegistry - INFO - 检测完成，共找到 1 个Smell，耗时 3.99ms
2026-03-22 16:15:42 - DetectorRegistry - INFO - 开始检测Pipeline: D:\PipeSmell\dataset\example_10_redundant_operation.py
2026-03-22 16:15:42 - DetectorRegistry - INFO - 使用 18 个检测器
2026-03-22 16:15:42 - RedundantOperationDetector - INFO - 检测到冗余操作: dropna+fillna at line 16
2026-03-22 16:15:42 - DetectorRegistry - INFO - 检测完成，共找到 1 个Smell，耗时 2.99ms
2026-03-22 16:15:42 - DetectorRegistry - INFO - 开始检测Pipeline: D:\PipeSmell\dataset\example_11_excessive_copy.py
2026-03-22 16:15:42 - DetectorRegistry - INFO - 使用 18 个检测器
2026-03-22 16:15:42 - ExcessiveCopyDetector - INFO - 检测到过度复制: at line 18
2026-03-22 16:15:42 - DetectorRegistry - INFO - 检测完成，共找到 1 个Smell，耗时 1.99ms
2026-03-22 16:15:42 - DetectorRegistry - INFO - 开始检测Pipeline: D:\PipeSmell\dataset\example_12_module_order_violation.py
2026-03-22 16:15:42 - DetectorRegistry - INFO - 使用 18 个检测器
2026-03-22 16:15:42 - ModuleOrderViolationDetector - INFO - 检测到模块顺序违反: at line 26
2026-03-22 16:15:42 - DetectorRegistry - INFO - 检测完成，共找到 1 个Smell，耗时 1.97ms
2026-03-22 16:15:42 - DetectorRegistry - INFO - 开始检测Pipeline: D:\PipeSmell\dataset\example_13_circular_dependency.py
2026-03-22 16:15:42 - DetectorRegistry - INFO - 使用 18 个检测器
2026-03-22 16:15:42 - CircularDependencyDetector - INFO - 检测到循环依赖: D:\PipeSmell\dataset\example_13_circular_dependency.py:12
2026-03-22 16:15:42 - DetectorRegistry - INFO - 检测完成，共找到 1 个Smell，耗时 2.96ms
2026-03-22 16:15:42 - DetectorRegistry - INFO - 开始检测Pipeline: D:\PipeSmell\dataset\example_14_improper_module_cohesion.py
2026-03-22 16:15:42 - DetectorRegistry - INFO - 使用 18 个检测器
2026-03-22 16:15:42 - ImproperModuleCohesionDetector - INFO - 检测到模块内聚不当: 7 types at line 1
2026-03-22 16:15:42 - DetectorRegistry - INFO - 检测完成，共找到 1 个Smell，耗时 2.99ms
2026-03-22 16:15:42 - DetectorRegistry - INFO - 开始检测Pipeline: D:\PipeSmell\dataset\example_15_pipeline_fragmentation.py
2026-03-22 16:15:42 - DetectorRegistry - INFO - 使用 18 个检测器
2026-03-22 16:15:42 - PipelineFragmentationDetector - INFO - 检测到Pipeline碎片化: 11 fragments at line 12
2026-03-22 16:15:42 - DetectorRegistry - INFO - 检测完成，共找到 1 个Smell，耗时 3.05ms
2026-03-22 16:15:43 - DetectorRegistry - INFO - 开始检测Pipeline: D:\PipeSmell\dataset\example_16_unnecessary_materialization.py
2026-03-22 16:15:43 - DetectorRegistry - INFO - 使用 18 个检测器
2026-03-22 16:15:43 - UnnecessaryMaterializationDetector - INFO - 检测到不必要物化: at line 20
2026-03-22 16:15:43 - DetectorRegistry - INFO - 检测完成，共找到 1 个Smell，耗时 3.99ms
2026-03-22 16:15:43 - DetectorRegistry - INFO - 开始检测Pipeline: D:\PipeSmell\dataset\example_17_large_dataframe_operation.py
2026-03-22 16:15:43 - DetectorRegistry - INFO - 使用 18 个检测器
2026-03-22 16:15:43 - LargeDataFrameOperationDetector - INFO - 检测到大DataFrame操作: at line 20
2026-03-22 16:15:43 - DetectorRegistry - INFO - 检测完成，共找到 1 个Smell，耗时 1.99ms
2026-03-22 16:15:43 - DetectorRegistry - INFO - 开始检测Pipeline: D:\PipeSmell\dataset\example_18_lack_version_control.py
2026-03-22 16:15:43 - DetectorRegistry - INFO - 使用 18 个检测器
2026-03-22 16:15:43 - LackOfVersionControlDetector - INFO - 检测到缺少版本控制: at line 1
2026-03-22 16:15:43 - DetectorRegistry - INFO - 检测完成，共找到 1 个Smell，耗时 2.94ms
2026-03-22 16:15:43 - DetectorRegistry - INFO - 开始检测Pipeline: D:\PipeSmell\dataset\example_19_clean_pipeline.py
2026-03-22 16:15:43 - DetectorRegistry - INFO - 使用 18 个检测器
2026-03-22 16:15:43 - PipelineFragmentationDetector - INFO - 检测到Pipeline碎片化: 11 fragments at line 14
2026-03-22 16:15:43 - DetectorRegistry - INFO - 检测完成，共找到 1 个Smell，耗时 2.98ms
2026-03-22 16:15:43 - DetectorRegistry - INFO - 开始检测Pipeline: D:\PipeSmell\dataset\example_20_multiple_smells.py
2026-03-22 16:15:43 - DetectorRegistry - INFO - 使用 18 个检测器
2026-03-22 16:15:43 - DataLeakageDetector - INFO - 检测到数据泄露: fit_transform at line 18
2026-03-22 16:15:43 - MissingEvaluationDetector - INFO - 检测到缺少评估: at line 31
2026-03-22 16:15:43 - MissingRandomSeedDetector - INFO - 检测到缺少随机种子: train_test_split at line 21
2026-03-22 16:15:43 - HardcodedParametersDetector - INFO - 检测到硬编码参数: 4 params at line 24
2026-03-22 16:15:43 - DetectorRegistry - INFO - 检测完成，共找到 4 个Smell，耗时 4.98ms
2026-03-22 16:16:05 - DataLeakageDetector - INFO - DataLeakageDetector初始化完成
2026-03-22 16:16:05 - DetectorRegistry - INFO - 已注册检测器: DATA_LEAKAGE
2026-03-22 16:16:05 - MissingEvaluationDetector - INFO - MissingEvaluationDetector初始化完成
2026-03-22 16:16:05 - DetectorRegistry - INFO - 已注册检测器: MISSING_EVALUATION
2026-03-22 16:16:05 - ModuleOrderViolationDetector - INFO - ModuleOrderViolationDetector初始化完成
2026-03-22 16:16:05 - DetectorRegistry - INFO - 已注册检测器: MODULE_ORDER_VIOLATION
2026-03-22 16:16:05 - RepeatedTransformDetector - INFO - RepeatedTransformDetector初始化完成
2026-03-22 16:16:05 - DetectorRegistry - INFO - 已注册检测器: REPEATED_TRANSFORM
2026-03-22 16:16:05 - ExcessiveCopyDetector - INFO - ExcessiveCopyDetector初始化完成
2026-03-22 16:16:05 - DetectorRegistry - INFO - 已注册检测器: EXCESSIVE_COPY
2026-03-22 16:16:05 - RedundantOperationDetector - INFO - RedundantOperationDetector初始化完成
2026-03-22 16:16:05 - DetectorRegistry - INFO - 已注册检测器: REDUNDANT_OPERATION
2026-03-22 16:16:05 - MissingRandomSeedDetector - INFO - MissingRandomSeedDetector初始化完成
2026-03-22 16:16:05 - DetectorRegistry - INFO - 已注册检测器: MISSING_RANDOM_SEED
2026-03-22 16:16:05 - MissingValidationDetector - INFO - MissingValidationDetector初始化完成
2026-03-22 16:16:05 - DetectorRegistry - INFO - 已注册检测器: MISSING_VALIDATION
2026-03-22 16:16:05 - MissingDataProfilingDetector - INFO - MissingDataProfilingDetector初始化完成
2026-03-22 16:16:05 - DetectorRegistry - INFO - 已注册检测器: MISSING_DATA_PROFILING
2026-03-22 16:16:05 - InefficientAggregationDetector - INFO - InefficientAggregationDetector初始化完成
2026-03-22 16:16:05 - DetectorRegistry - INFO - 已注册检测器: INEFFICIENT_AGGREGATION
2026-03-22 16:16:05 - UnnecessaryMaterializationDetector - INFO - UnnecessaryMaterializationDetector初始化完成
2026-03-22 16:16:05 - DetectorRegistry - INFO - 已注册检测器: UNNECESSARY_MATERIALIZATION
2026-03-22 16:16:05 - LargeDataFrameOperationDetector - INFO - LargeDataFrameOperationDetector初始化完成
2026-03-22 16:16:05 - DetectorRegistry - INFO - 已注册检测器: LARGE_DATA_FRAME_OPERATION
2026-03-22 16:16:05 - CircularDependencyDetector - INFO - CircularDependencyDetector初始化完成
2026-03-22 16:16:05 - DetectorRegistry - INFO - 已注册检测器: CIRCULAR_DEPENDENCY
2026-03-22 16:16:05 - ImproperModuleCohesionDetector - INFO - ImproperModuleCohesionDetector初始化完成
2026-03-22 16:16:05 - DetectorRegistry - INFO - 已注册检测器: IMPROPER_MODULE_COHESION
2026-03-22 16:16:05 - PipelineFragmentationDetector - INFO - PipelineFragmentationDetector初始化完成
2026-03-22 16:16:05 - DetectorRegistry - INFO - 已注册检测器: PIPELINE_FRAGMENTATION
2026-03-22 16:16:05 - HardcodedParametersDetector - INFO - HardcodedParametersDetector初始化完成
2026-03-22 16:16:05 - DetectorRegistry - INFO - 已注册检测器: HARDCODED_PARAMETERS
2026-03-22 16:16:05 - LackOfVersionControlDetector - INFO - LackOfVersionControlDetector初始化完成
2026-03-22 16:16:05 - DetectorRegistry - INFO - 已注册检测器: LACK_OF_VERSION_CONTROL
2026-03-22 16:16:05 - NonDeterministicOrderDetector - INFO - NonDeterministicOrderDetector初始化完成
2026-03-22 16:16:05 - DetectorRegistry - INFO - 已注册检测器: NON_DETERMINISTIC_ORDER
2026-03-22 16:16:05 - DetectorRegistry - INFO - 开始检测Pipeline: D:\PipeSmell\dataset\example_01_data_leakage.py
2026-03-22 16:16:05 - DetectorRegistry - INFO - 使用 18 个检测器
2026-03-22 16:16:05 - DataLeakageDetector - INFO - 检测到数据泄露: fit_transform at line 20
2026-03-22 16:16:05 - DetectorRegistry - INFO - 检测完成，共找到 1 个Smell，耗时 2.59ms
2026-03-22 16:16:05 - DetectorRegistry - INFO - 开始检测Pipeline: D:\PipeSmell\dataset\example_02_missing_random_seed.py
2026-03-22 16:16:05 - DetectorRegistry - INFO - 使用 18 个检测器
2026-03-22 16:16:05 - MissingRandomSeedDetector - INFO - 检测到缺少随机种子: train_test_split at line 17
2026-03-22 16:16:05 - DetectorRegistry - INFO - 检测完成，共找到 1 个Smell，耗时 3.67ms
2026-03-22 16:16:05 - DetectorRegistry - INFO - 开始检测Pipeline: D:\PipeSmell\dataset\example_03_missing_validation.py
2026-03-22 16:16:05 - DetectorRegistry - INFO - 使用 18 个检测器
2026-03-22 16:16:05 - MissingValidationDetector - INFO - 检测到缺少验证集: at line 17
2026-03-22 16:16:05 - DetectorRegistry - INFO - 检测完成，共找到 1 个Smell，耗时 2.89ms
2026-03-22 16:16:05 - DetectorRegistry - INFO - 开始检测Pipeline: D:\PipeSmell\dataset\example_04_repeated_transform.py
2026-03-22 16:16:05 - DetectorRegistry - INFO - 使用 18 个检测器
2026-03-22 16:16:05 - RepeatedTransformDetector - INFO - 检测到重复转换(多缩放器): at line 24
2026-03-22 16:16:05 - DetectorRegistry - INFO - 检测完成，共找到 1 个Smell，耗时 2.39ms
2026-03-22 16:16:05 - DetectorRegistry - INFO - 开始检测Pipeline: D:\PipeSmell\dataset\example_05_missing_evaluation.py
2026-03-22 16:16:05 - DetectorRegistry - INFO - 使用 18 个检测器
2026-03-22 16:16:05 - MissingEvaluationDetector - INFO - 检测到缺少评估: at line 20
2026-03-22 16:16:05 - DetectorRegistry - INFO - 检测完成，共找到 1 个Smell，耗时 2.80ms
2026-03-22 16:16:05 - DetectorRegistry - INFO - 开始检测Pipeline: D:\PipeSmell\dataset\example_06_hardcoded_parameters.py
2026-03-22 16:16:05 - DetectorRegistry - INFO - 使用 18 个检测器
2026-03-22 16:16:05 - HardcodedParametersDetector - INFO - 检测到硬编码参数: 5 params at line 19
2026-03-22 16:16:05 - DetectorRegistry - INFO - 检测完成，共找到 1 个Smell，耗时 3.10ms
2026-03-22 16:16:05 - DetectorRegistry - INFO - 开始检测Pipeline: D:\PipeSmell\dataset\example_07_nondeterministic_order.py
2026-03-22 16:16:05 - DetectorRegistry - INFO - 使用 18 个检测器
2026-03-22 16:16:05 - NonDeterministicOrderDetector - INFO - 检测到非确定性顺序: 源码扫描 line 16
2026-03-22 16:16:05 - DetectorRegistry - INFO - 检测完成，共找到 1 个Smell，耗时 2.50ms
2026-03-22 16:16:05 - DetectorRegistry - INFO - 开始检测Pipeline: D:\PipeSmell\dataset\example_08_inefficient_aggregation.py
2026-03-22 16:16:05 - DetectorRegistry - INFO - 使用 18 个检测器
2026-03-22 16:16:05 - InefficientAggregationDetector - INFO - 检测到低效聚合: iterrows at line 17
2026-03-22 16:16:05 - DetectorRegistry - INFO - 检测完成，共找到 1 个Smell，耗时 3.06ms
2026-03-22 16:16:05 - DetectorRegistry - INFO - 开始检测Pipeline: D:\PipeSmell\dataset\example_09_missing_data_profiling.py
2026-03-22 16:16:05 - DetectorRegistry - INFO - 使用 18 个检测器
2026-03-22 16:16:05 - MissingDataProfilingDetector - INFO - 检测到缺少数据探索: at line 14
2026-03-22 16:16:05 - DetectorRegistry - INFO - 检测完成，共找到 1 个Smell，耗时 2.46ms
2026-03-22 16:16:05 - DetectorRegistry - INFO - 开始检测Pipeline: D:\PipeSmell\dataset\example_10_redundant_operation.py
2026-03-22 16:16:05 - DetectorRegistry - INFO - 使用 18 个检测器
2026-03-22 16:16:05 - RedundantOperationDetector - INFO - 检测到冗余操作: dropna+fillna at line 16
2026-03-22 16:16:05 - DetectorRegistry - INFO - 检测完成，共找到 1 个Smell，耗时 1.50ms
2026-03-22 16:16:05 - DetectorRegistry - INFO - 开始检测Pipeline: D:\PipeSmell\dataset\example_11_excessive_copy.py
2026-03-22 16:16:05 - DetectorRegistry - INFO - 使用 18 个检测器
2026-03-22 16:16:05 - ExcessiveCopyDetector - INFO - 检测到过度复制: at line 18
2026-03-22 16:16:05 - DetectorRegistry - INFO - 检测完成，共找到 1 个Smell，耗时 2.32ms
2026-03-22 16:16:05 - DetectorRegistry - INFO - 开始检测Pipeline: D:\PipeSmell\dataset\example_12_module_order_violation.py
2026-03-22 16:16:05 - DetectorRegistry - INFO - 使用 18 个检测器
2026-03-22 16:16:05 - ModuleOrderViolationDetector - INFO - 检测到模块顺序违反: at line 26
2026-03-22 16:16:05 - DetectorRegistry - INFO - 检测完成，共找到 1 个Smell，耗时 2.51ms
2026-03-22 16:16:05 - DetectorRegistry - INFO - 开始检测Pipeline: D:\PipeSmell\dataset\example_13_circular_dependency.py
2026-03-22 16:16:05 - DetectorRegistry - INFO - 使用 18 个检测器
2026-03-22 16:16:05 - CircularDependencyDetector - INFO - 检测到循环依赖: D:\PipeSmell\dataset\example_13_circular_dependency.py:12
2026-03-22 16:16:05 - DetectorRegistry - INFO - 检测完成，共找到 1 个Smell，耗时 3.14ms
2026-03-22 16:16:05 - DetectorRegistry - INFO - 开始检测Pipeline: D:\PipeSmell\dataset\example_14_improper_module_cohesion.py
2026-03-22 16:16:05 - DetectorRegistry - INFO - 使用 18 个检测器
2026-03-22 16:16:05 - ImproperModuleCohesionDetector - INFO - 检测到模块内聚不当: 7 types at line 1
2026-03-22 16:16:05 - DetectorRegistry - INFO - 检测完成，共找到 1 个Smell，耗时 3.18ms
2026-03-22 16:16:05 - DetectorRegistry - INFO - 开始检测Pipeline: D:\PipeSmell\dataset\example_15_pipeline_fragmentation.py
2026-03-22 16:16:05 - DetectorRegistry - INFO - 使用 18 个检测器
2026-03-22 16:16:05 - PipelineFragmentationDetector - INFO - 检测到Pipeline碎片化: 11 fragments at line 12
2026-03-22 16:16:05 - DetectorRegistry - INFO - 检测完成，共找到 1 个Smell，耗时 2.53ms
2026-03-22 16:16:05 - DetectorRegistry - INFO - 开始检测Pipeline: D:\PipeSmell\dataset\example_16_unnecessary_materialization.py
2026-03-22 16:16:05 - DetectorRegistry - INFO - 使用 18 个检测器
2026-03-22 16:16:05 - UnnecessaryMaterializationDetector - INFO - 检测到不必要物化: at line 20
2026-03-22 16:16:05 - DetectorRegistry - INFO - 检测完成，共找到 1 个Smell，耗时 3.43ms
2026-03-22 16:16:05 - DetectorRegistry - INFO - 开始检测Pipeline: D:\PipeSmell\dataset\example_17_large_dataframe_operation.py
2026-03-22 16:16:05 - DetectorRegistry - INFO - 使用 18 个检测器
2026-03-22 16:16:05 - LargeDataFrameOperationDetector - INFO - 检测到大DataFrame操作: at line 20
2026-03-22 16:16:05 - DetectorRegistry - INFO - 检测完成，共找到 1 个Smell，耗时 2.17ms
2026-03-22 16:16:05 - DetectorRegistry - INFO - 开始检测Pipeline: D:\PipeSmell\dataset\example_18_lack_version_control.py
2026-03-22 16:16:05 - DetectorRegistry - INFO - 使用 18 个检测器
2026-03-22 16:16:05 - LackOfVersionControlDetector - INFO - 检测到缺少版本控制: at line 1
2026-03-22 16:16:05 - DetectorRegistry - INFO - 检测完成，共找到 1 个Smell，耗时 3.87ms
2026-03-22 16:16:05 - DetectorRegistry - INFO - 开始检测Pipeline: D:\PipeSmell\dataset\example_19_clean_pipeline.py
2026-03-22 16:16:05 - DetectorRegistry - INFO - 使用 18 个检测器
2026-03-22 16:16:05 - DetectorRegistry - INFO - 检测完成，共找到 0 个Smell，耗时 2.49ms
2026-03-22 16:16:05 - DetectorRegistry - INFO - 开始检测Pipeline: D:\PipeSmell\dataset\example_20_multiple_smells.py
2026-03-22 16:16:05 - DetectorRegistry - INFO - 使用 18 个检测器
2026-03-22 16:16:05 - DataLeakageDetector - INFO - 检测到数据泄露: fit_transform at line 18
2026-03-22 16:16:05 - MissingEvaluationDetector - INFO - 检测到缺少评估: at line 31
2026-03-22 16:16:05 - MissingRandomSeedDetector - INFO - 检测到缺少随机种子: train_test_split at line 21
2026-03-22 16:16:05 - HardcodedParametersDetector - INFO - 检测到硬编码参数: 4 params at line 24
2026-03-22 16:16:05 - DetectorRegistry - INFO - 检测完成，共找到 4 个Smell，耗时 4.09ms
2026-03-22 16:36:18 - DataLeakageDetector - INFO - DataLeakageDetector初始化完成
2026-03-22 16:36:18 - DetectorRegistry - INFO - 已注册检测器: DATA_LEAKAGE
2026-03-22 16:36:18 - MissingEvaluationDetector - INFO - MissingEvaluationDetector初始化完成
2026-03-22 16:36:18 - DetectorRegistry - INFO - 已注册检测器: MISSING_EVALUATION
2026-03-22 16:36:18 - ModuleOrderViolationDetector - INFO - ModuleOrderViolationDetector初始化完成
2026-03-22 16:36:18 - DetectorRegistry - INFO - 已注册检测器: MODULE_ORDER_VIOLATION
2026-03-22 16:36:18 - RepeatedTransformDetector - INFO - RepeatedTransformDetector初始化完成
2026-03-22 16:36:18 - DetectorRegistry - INFO - 已注册检测器: REPEATED_TRANSFORM
2026-03-22 16:36:18 - ExcessiveCopyDetector - INFO - ExcessiveCopyDetector初始化完成
2026-03-22 16:36:18 - DetectorRegistry - INFO - 已注册检测器: EXCESSIVE_COPY
2026-03-22 16:36:18 - RedundantOperationDetector - INFO - RedundantOperationDetector初始化完成
2026-03-22 16:36:18 - DetectorRegistry - INFO - 已注册检测器: REDUNDANT_OPERATION
2026-03-22 16:36:18 - MissingRandomSeedDetector - INFO - MissingRandomSeedDetector初始化完成
2026-03-22 16:36:18 - DetectorRegistry - INFO - 已注册检测器: MISSING_RANDOM_SEED
2026-03-22 16:36:18 - MissingValidationDetector - INFO - MissingValidationDetector初始化完成
2026-03-22 16:36:18 - DetectorRegistry - INFO - 已注册检测器: MISSING_VALIDATION
2026-03-22 16:36:18 - MissingDataProfilingDetector - INFO - MissingDataProfilingDetector初始化完成
2026-03-22 16:36:18 - DetectorRegistry - INFO - 已注册检测器: MISSING_DATA_PROFILING
2026-03-22 16:36:18 - InefficientAggregationDetector - INFO - InefficientAggregationDetector初始化完成
2026-03-22 16:36:18 - DetectorRegistry - INFO - 已注册检测器: INEFFICIENT_AGGREGATION
2026-03-22 16:36:18 - UnnecessaryMaterializationDetector - INFO - UnnecessaryMaterializationDetector初始化完成
2026-03-22 16:36:18 - DetectorRegistry - INFO - 已注册检测器: UNNECESSARY_MATERIALIZATION
2026-03-22 16:36:18 - LargeDataFrameOperationDetector - INFO - LargeDataFrameOperationDetector初始化完成
2026-03-22 16:36:18 - DetectorRegistry - INFO - 已注册检测器: LARGE_DATA_FRAME_OPERATION
2026-03-22 16:36:18 - CircularDependencyDetector - INFO - CircularDependencyDetector初始化完成
2026-03-22 16:36:18 - DetectorRegistry - INFO - 已注册检测器: CIRCULAR_DEPENDENCY
2026-03-22 16:36:18 - ImproperModuleCohesionDetector - INFO - ImproperModuleCohesionDetector初始化完成
2026-03-22 16:36:18 - DetectorRegistry - INFO - 已注册检测器: IMPROPER_MODULE_COHESION
2026-03-22 16:36:18 - PipelineFragmentationDetector - INFO - PipelineFragmentationDetector初始化完成
2026-03-22 16:36:18 - DetectorRegistry - INFO - 已注册检测器: PIPELINE_FRAGMENTATION
2026-03-22 16:36:18 - HardcodedParametersDetector - INFO - HardcodedParametersDetector初始化完成
2026-03-22 16:36:18 - DetectorRegistry - INFO - 已注册检测器: HARDCODED_PARAMETERS
2026-03-22 16:36:18 - LackOfVersionControlDetector - INFO - LackOfVersionControlDetector初始化完成
2026-03-22 16:36:18 - DetectorRegistry - INFO - 已注册检测器: LACK_OF_VERSION_CONTROL
2026-03-22 16:36:18 - NonDeterministicOrderDetector - INFO - NonDeterministicOrderDetector初始化完成
2026-03-22 16:36:18 - DetectorRegistry - INFO - 已注册检测器: NON_DETERMINISTIC_ORDER
2026-03-22 16:36:18 - DetectorRegistry - INFO - 开始检测Pipeline: D:\PipeSmell\dataset\example_01_data_leakage.py
2026-03-22 16:36:18 - DetectorRegistry - INFO - 使用 18 个检测器
2026-03-22 16:36:18 - DataLeakageDetector - INFO - 检测到数据泄露: fit_transform at line 20
2026-03-22 16:36:18 - DetectorRegistry - INFO - 检测完成，共找到 1 个Smell，耗时 5.98ms
2026-03-22 16:36:18 - DetectorRegistry - INFO - 开始检测Pipeline: D:\PipeSmell\dataset\example_02_missing_random_seed.py
2026-03-22 16:36:18 - DetectorRegistry - INFO - 使用 18 个检测器
2026-03-22 16:36:18 - MissingRandomSeedDetector - INFO - 检测到缺少随机种子: train_test_split at line 17
2026-03-22 16:36:18 - DetectorRegistry - INFO - 检测完成，共找到 1 个Smell，耗时 3.98ms
2026-03-22 16:36:18 - DetectorRegistry - INFO - 开始检测Pipeline: D:\PipeSmell\dataset\example_03_missing_validation.py
2026-03-22 16:36:18 - DetectorRegistry - INFO - 使用 18 个检测器
2026-03-22 16:36:18 - MissingValidationDetector - INFO - 检测到缺少验证集: at line 17
2026-03-22 16:36:18 - DetectorRegistry - INFO - 检测完成，共找到 1 个Smell，耗时 2.99ms
2026-03-22 16:36:18 - DetectorRegistry - INFO - 开始检测Pipeline: D:\PipeSmell\dataset\example_04_repeated_transform.py
2026-03-22 16:36:18 - DetectorRegistry - INFO - 使用 18 个检测器
2026-03-22 16:36:18 - RepeatedTransformDetector - INFO - 检测到重复转换(多缩放器): at line 24
2026-03-22 16:36:18 - DetectorRegistry - INFO - 检测完成，共找到 1 个Smell，耗时 3.98ms
2026-03-22 16:36:18 - DetectorRegistry - INFO - 开始检测Pipeline: D:\PipeSmell\dataset\example_05_missing_evaluation.py
2026-03-22 16:36:18 - DetectorRegistry - INFO - 使用 18 个检测器
2026-03-22 16:36:18 - MissingEvaluationDetector - INFO - 检测到缺少评估: at line 20
2026-03-22 16:36:18 - DetectorRegistry - INFO - 检测完成，共找到 1 个Smell，耗时 3.99ms
2026-03-22 16:36:18 - DetectorRegistry - INFO - 开始检测Pipeline: D:\PipeSmell\dataset\example_06_hardcoded_parameters.py
2026-03-22 16:36:18 - DetectorRegistry - INFO - 使用 18 个检测器
2026-03-22 16:36:18 - HardcodedParametersDetector - INFO - 检测到硬编码参数: 5 params at line 19
2026-03-22 16:36:18 - DetectorRegistry - INFO - 检测完成，共找到 1 个Smell，耗时 2.99ms
2026-03-22 16:36:18 - DetectorRegistry - INFO - 开始检测Pipeline: D:\PipeSmell\dataset\example_07_nondeterministic_order.py
2026-03-22 16:36:18 - DetectorRegistry - INFO - 使用 18 个检测器
2026-03-22 16:36:18 - NonDeterministicOrderDetector - INFO - 检测到非确定性顺序: 源码扫描 line 16
2026-03-22 16:36:18 - DetectorRegistry - INFO - 检测完成，共找到 1 个Smell，耗时 3.99ms
2026-03-22 16:36:18 - DetectorRegistry - INFO - 开始检测Pipeline: D:\PipeSmell\dataset\example_08_inefficient_aggregation.py
2026-03-22 16:36:18 - DetectorRegistry - INFO - 使用 18 个检测器
2026-03-22 16:36:18 - InefficientAggregationDetector - INFO - 检测到低效聚合: iterrows at line 17
2026-03-22 16:36:18 - DetectorRegistry - INFO - 检测完成，共找到 1 个Smell，耗时 3.98ms
2026-03-22 16:36:18 - DetectorRegistry - INFO - 开始检测Pipeline: D:\PipeSmell\dataset\example_09_missing_data_profiling.py
2026-03-22 16:36:18 - DetectorRegistry - INFO - 使用 18 个检测器
2026-03-22 16:36:18 - MissingDataProfilingDetector - INFO - 检测到缺少数据探索: at line 14
2026-03-22 16:36:18 - DetectorRegistry - INFO - 检测完成，共找到 1 个Smell，耗时 3.99ms
2026-03-22 16:36:18 - DetectorRegistry - INFO - 开始检测Pipeline: D:\PipeSmell\dataset\example_10_redundant_operation.py
2026-03-22 16:36:18 - DetectorRegistry - INFO - 使用 18 个检测器
2026-03-22 16:36:18 - RedundantOperationDetector - INFO - 检测到冗余操作: dropna+fillna at line 16
2026-03-22 16:36:18 - DetectorRegistry - INFO - 检测完成，共找到 1 个Smell，耗时 2.99ms
2026-03-22 16:36:18 - DetectorRegistry - INFO - 开始检测Pipeline: D:\PipeSmell\dataset\example_11_excessive_copy.py
2026-03-22 16:36:18 - DetectorRegistry - INFO - 使用 18 个检测器
2026-03-22 16:36:18 - ExcessiveCopyDetector - INFO - 检测到过度复制: at line 18
2026-03-22 16:36:18 - DetectorRegistry - INFO - 检测完成，共找到 1 个Smell，耗时 4.98ms
2026-03-22 16:36:18 - DetectorRegistry - INFO - 开始检测Pipeline: D:\PipeSmell\dataset\example_12_module_order_violation.py
2026-03-22 16:36:18 - DetectorRegistry - INFO - 使用 18 个检测器
2026-03-22 16:36:18 - ModuleOrderViolationDetector - INFO - 检测到模块顺序违反: at line 26
2026-03-22 16:36:18 - DetectorRegistry - INFO - 检测完成，共找到 1 个Smell，耗时 4.99ms
2026-03-22 16:36:18 - DetectorRegistry - INFO - 开始检测Pipeline: D:\PipeSmell\dataset\example_13_circular_dependency.py
2026-03-22 16:36:18 - DetectorRegistry - INFO - 使用 18 个检测器
2026-03-22 16:36:18 - CircularDependencyDetector - INFO - 检测到循环依赖: D:\PipeSmell\dataset\example_13_circular_dependency.py:12
2026-03-22 16:36:18 - DetectorRegistry - INFO - 检测完成，共找到 1 个Smell，耗时 4.99ms
2026-03-22 16:36:18 - DetectorRegistry - INFO - 开始检测Pipeline: D:\PipeSmell\dataset\example_14_improper_module_cohesion.py
2026-03-22 16:36:18 - DetectorRegistry - INFO - 使用 18 个检测器
2026-03-22 16:36:18 - ImproperModuleCohesionDetector - INFO - 检测到模块内聚不当: 7 types at line 1
2026-03-22 16:36:18 - DetectorRegistry - INFO - 检测完成，共找到 1 个Smell，耗时 1.99ms
2026-03-22 16:36:18 - DetectorRegistry - INFO - 开始检测Pipeline: D:\PipeSmell\dataset\example_15_pipeline_fragmentation.py
2026-03-22 16:36:18 - DetectorRegistry - INFO - 使用 18 个检测器
2026-03-22 16:36:18 - PipelineFragmentationDetector - INFO - 检测到Pipeline碎片化: 11 fragments at line 12
2026-03-22 16:36:18 - DetectorRegistry - INFO - 检测完成，共找到 1 个Smell，耗时 1.99ms
2026-03-22 16:36:18 - DetectorRegistry - INFO - 开始检测Pipeline: D:\PipeSmell\dataset\example_16_unnecessary_materialization.py
2026-03-22 16:36:18 - DetectorRegistry - INFO - 使用 18 个检测器
2026-03-22 16:36:18 - UnnecessaryMaterializationDetector - INFO - 检测到不必要物化: at line 20
2026-03-22 16:36:18 - DetectorRegistry - INFO - 检测完成，共找到 1 个Smell，耗时 5.98ms
2026-03-22 16:36:18 - DetectorRegistry - INFO - 开始检测Pipeline: D:\PipeSmell\dataset\example_17_large_dataframe_operation.py
2026-03-22 16:36:18 - DetectorRegistry - INFO - 使用 18 个检测器
2026-03-22 16:36:18 - LargeDataFrameOperationDetector - INFO - 检测到大DataFrame操作: at line 20
2026-03-22 16:36:18 - DetectorRegistry - INFO - 检测完成，共找到 1 个Smell，耗时 3.00ms
2026-03-22 16:36:18 - DetectorRegistry - INFO - 开始检测Pipeline: D:\PipeSmell\dataset\example_18_lack_version_control.py
2026-03-22 16:36:18 - DetectorRegistry - INFO - 使用 18 个检测器
2026-03-22 16:36:18 - LackOfVersionControlDetector - INFO - 检测到缺少版本控制: at line 1
2026-03-22 16:36:18 - DetectorRegistry - INFO - 检测完成，共找到 1 个Smell，耗时 2.99ms
2026-03-22 16:36:18 - DetectorRegistry - INFO - 开始检测Pipeline: D:\PipeSmell\dataset\example_19_clean_pipeline.py
2026-03-22 16:36:18 - DetectorRegistry - INFO - 使用 18 个检测器
2026-03-22 16:36:18 - DetectorRegistry - INFO - 检测完成，共找到 0 个Smell，耗时 3.00ms
2026-03-22 16:36:18 - DetectorRegistry - INFO - 开始检测Pipeline: D:\PipeSmell\dataset\example_20_multiple_smells.py
2026-03-22 16:36:18 - DetectorRegistry - INFO - 使用 18 个检测器
2026-03-22 16:36:18 - DataLeakageDetector - INFO - 检测到数据泄露: fit_transform at line 18
2026-03-22 16:36:18 - MissingEvaluationDetector - INFO - 检测到缺少评估: at line 31
2026-03-22 16:36:18 - MissingRandomSeedDetector - INFO - 检测到缺少随机种子: train_test_split at line 21
2026-03-22 16:36:18 - HardcodedParametersDetector - INFO - 检测到硬编码参数: 4 params at line 24
2026-03-22 16:36:18 - DetectorRegistry - INFO - 检测完成，共找到 4 个Smell，耗时 4.99ms
2026-03-22 16:36:20 - DataLeakageDetector - INFO - DataLeakageDetector初始化完成
2026-03-22 16:36:20 - DetectorRegistry - INFO - 已注册检测器: DATA_LEAKAGE
2026-03-22 16:36:20 - MissingEvaluationDetector - INFO - MissingEvaluationDetector初始化完成
2026-03-22 16:36:20 - DetectorRegistry - INFO - 已注册检测器: MISSING_EVALUATION
2026-03-22 16:36:20 - ModuleOrderViolationDetector - INFO - ModuleOrderViolationDetector初始化完成
2026-03-22 16:36:20 - DetectorRegistry - INFO - 已注册检测器: MODULE_ORDER_VIOLATION
2026-03-22 16:36:20 - RepeatedTransformDetector - INFO - RepeatedTransformDetector初始化完成
2026-03-22 16:36:20 - DetectorRegistry - INFO - 已注册检测器: REPEATED_TRANSFORM
2026-03-22 16:36:20 - ExcessiveCopyDetector - INFO - ExcessiveCopyDetector初始化完成
2026-03-22 16:36:20 - DetectorRegistry - INFO - 已注册检测器: EXCESSIVE_COPY
2026-03-22 16:36:20 - RedundantOperationDetector - INFO - RedundantOperationDetector初始化完成
2026-03-22 16:36:20 - DetectorRegistry - INFO - 已注册检测器: REDUNDANT_OPERATION
2026-03-22 16:36:20 - MissingRandomSeedDetector - INFO - MissingRandomSeedDetector初始化完成
2026-03-22 16:36:20 - DetectorRegistry - INFO - 已注册检测器: MISSING_RANDOM_SEED
2026-03-22 16:36:20 - MissingValidationDetector - INFO - MissingValidationDetector初始化完成
2026-03-22 16:36:20 - DetectorRegistry - INFO - 已注册检测器: MISSING_VALIDATION
2026-03-22 16:36:20 - MissingDataProfilingDetector - INFO - MissingDataProfilingDetector初始化完成
2026-03-22 16:36:20 - DetectorRegistry - INFO - 已注册检测器: MISSING_DATA_PROFILING
2026-03-22 16:36:20 - InefficientAggregationDetector - INFO - InefficientAggregationDetector初始化完成
2026-03-22 16:36:20 - DetectorRegistry - INFO - 已注册检测器: INEFFICIENT_AGGREGATION
2026-03-22 16:36:20 - UnnecessaryMaterializationDetector - INFO - UnnecessaryMaterializationDetector初始化完成
2026-03-22 16:36:20 - DetectorRegistry - INFO - 已注册检测器: UNNECESSARY_MATERIALIZATION
2026-03-22 16:36:20 - LargeDataFrameOperationDetector - INFO - LargeDataFrameOperationDetector初始化完成
2026-03-22 16:36:20 - DetectorRegistry - INFO - 已注册检测器: LARGE_DATA_FRAME_OPERATION
2026-03-22 16:36:20 - CircularDependencyDetector - INFO - CircularDependencyDetector初始化完成
2026-03-22 16:36:20 - DetectorRegistry - INFO - 已注册检测器: CIRCULAR_DEPENDENCY
2026-03-22 16:36:20 - ImproperModuleCohesionDetector - INFO - ImproperModuleCohesionDetector初始化完成
2026-03-22 16:36:20 - DetectorRegistry - INFO - 已注册检测器: IMPROPER_MODULE_COHESION
2026-03-22 16:36:20 - PipelineFragmentationDetector - INFO - PipelineFragmentationDetector初始化完成
2026-03-22 16:36:20 - DetectorRegistry - INFO - 已注册检测器: PIPELINE_FRAGMENTATION
2026-03-22 16:36:20 - HardcodedParametersDetector - INFO - HardcodedParametersDetector初始化完成
2026-03-22 16:36:20 - DetectorRegistry - INFO - 已注册检测器: HARDCODED_PARAMETERS
2026-03-22 16:36:20 - LackOfVersionControlDetector - INFO - LackOfVersionControlDetector初始化完成
2026-03-22 16:36:20 - DetectorRegistry - INFO - 已注册检测器: LACK_OF_VERSION_CONTROL
2026-03-22 16:36:20 - NonDeterministicOrderDetector - INFO - NonDeterministicOrderDetector初始化完成
2026-03-22 16:36:20 - DetectorRegistry - INFO - 已注册检测器: NON_DETERMINISTIC_ORDER
2026-03-22 16:36:20 - DetectorRegistry - INFO - 开始检测Pipeline: D:\PipeSmell\dataset\external\ext_01_data_leakage_style.py
2026-03-22 16:36:20 - DetectorRegistry - INFO - 使用 18 个检测器
2026-03-22 16:36:20 - DataLeakageDetector - INFO - 检测到数据泄露: fit_transform at line 14
2026-03-22 16:36:20 - DetectorRegistry - INFO - 检测完成，共找到 1 个Smell，耗时 4.52ms
2026-03-22 16:36:20 - DetectorRegistry - INFO - 开始检测Pipeline: D:\PipeSmell\dataset\external\ext_02_missing_random_seed_style.py
2026-03-22 16:36:20 - DetectorRegistry - INFO - 使用 18 个检测器
2026-03-22 16:36:20 - MissingRandomSeedDetector - INFO - 检测到缺少随机种子: train_test_split at line 12
2026-03-22 16:36:20 - DetectorRegistry - INFO - 检测完成，共找到 1 个Smell，耗时 2.00ms
2026-03-22 16:36:20 - DetectorRegistry - INFO - 开始检测Pipeline: D:\PipeSmell\dataset\external\ext_03_clean_style.py
2026-03-22 16:36:20 - DetectorRegistry - INFO - 使用 18 个检测器
2026-03-22 16:36:20 - DetectorRegistry - INFO - 检测完成，共找到 0 个Smell，耗时 3.98ms
2026-03-22 16:36:20 - DetectorRegistry - INFO - 开始检测Pipeline: D:\PipeSmell\dataset\external\ext_04_missing_validation_style.py
2026-03-22 16:36:20 - DetectorRegistry - INFO - 使用 18 个检测器
2026-03-22 16:36:20 - MissingValidationDetector - INFO - 检测到缺少验证集: at line 12
2026-03-22 16:36:20 - DetectorRegistry - INFO - 检测完成，共找到 1 个Smell，耗时 4.98ms
2026-03-22 16:36:20 - DetectorRegistry - INFO - 开始检测Pipeline: D:\PipeSmell\dataset\external\ext_05_inefficient_loop_style.py
2026-03-22 16:36:20 - DetectorRegistry - INFO - 使用 18 个检测器
2026-03-22 16:36:20 - InefficientAggregationDetector - INFO - 检测到低效聚合: iterrows at line 12
2026-03-22 16:36:20 - DetectorRegistry - INFO - 检测完成，共找到 1 个Smell，耗时 3.99ms
2026-03-22 16:36:20 - DetectorRegistry - INFO - 开始检测Pipeline: D:\PipeSmell\dataset\external\ext_06_repeated_scaler_style.py
2026-03-22 16:36:20 - DetectorRegistry - INFO - 使用 18 个检测器
2026-03-22 16:36:20 - RepeatedTransformDetector - INFO - 检测到重复转换(多缩放器): at line 17
2026-03-22 16:36:20 - DetectorRegistry - INFO - 检测完成，共找到 1 个Smell，耗时 2.00ms
2026-03-22 16:36:20 - DetectorRegistry - INFO - 开始检测Pipeline: D:\PipeSmell\dataset\external\ext_07_nondeterministic_style.py
2026-03-22 16:36:20 - DetectorRegistry - INFO - 使用 18 个检测器
2026-03-22 16:36:20 - NonDeterministicOrderDetector - INFO - 检测到非确定性顺序: 源码扫描 line 7
2026-03-22 16:36:20 - DetectorRegistry - INFO - 检测完成，共找到 1 个Smell，耗时 2.99ms
2026-03-22 16:36:20 - DetectorRegistry - INFO - 开始检测Pipeline: D:\PipeSmell\dataset\external\ext_08_module_order_style.py
2026-03-22 16:36:20 - DetectorRegistry - INFO - 使用 18 个检测器
2026-03-22 16:36:20 - ModuleOrderViolationDetector - INFO - 检测到模块顺序违反: at line 20
2026-03-22 16:36:20 - DetectorRegistry - INFO - 检测完成，共找到 1 个Smell，耗时 3.99ms
2026-03-22 16:36:20 - DetectorRegistry - INFO - 开始检测Pipeline: D:\PipeSmell\dataset\external\ext_09_intermediate_csv_style.py
2026-03-22 16:36:20 - DetectorRegistry - INFO - 使用 18 个检测器
2026-03-22 16:36:20 - UnnecessaryMaterializationDetector - INFO - 检测到不必要物化: at line 7
2026-03-22 16:36:20 - DetectorRegistry - INFO - 检测完成，共找到 1 个Smell，耗时 1.99ms
2026-03-22 16:36:22 - DataLeakageDetector - INFO - DataLeakageDetector初始化完成
2026-03-22 16:36:22 - DetectorRegistry - INFO - 已注册检测器: DATA_LEAKAGE
2026-03-22 16:36:22 - MissingEvaluationDetector - INFO - MissingEvaluationDetector初始化完成
2026-03-22 16:36:22 - DetectorRegistry - INFO - 已注册检测器: MISSING_EVALUATION
2026-03-22 16:36:22 - ModuleOrderViolationDetector - INFO - ModuleOrderViolationDetector初始化完成
2026-03-22 16:36:22 - DetectorRegistry - INFO - 已注册检测器: MODULE_ORDER_VIOLATION
2026-03-22 16:36:22 - RepeatedTransformDetector - INFO - RepeatedTransformDetector初始化完成
2026-03-22 16:36:22 - DetectorRegistry - INFO - 已注册检测器: REPEATED_TRANSFORM
2026-03-22 16:36:22 - ExcessiveCopyDetector - INFO - ExcessiveCopyDetector初始化完成
2026-03-22 16:36:22 - DetectorRegistry - INFO - 已注册检测器: EXCESSIVE_COPY
2026-03-22 16:36:22 - RedundantOperationDetector - INFO - RedundantOperationDetector初始化完成
2026-03-22 16:36:22 - DetectorRegistry - INFO - 已注册检测器: REDUNDANT_OPERATION
2026-03-22 16:36:22 - MissingRandomSeedDetector - INFO - MissingRandomSeedDetector初始化完成
2026-03-22 16:36:22 - DetectorRegistry - INFO - 已注册检测器: MISSING_RANDOM_SEED
2026-03-22 16:36:22 - MissingValidationDetector - INFO - MissingValidationDetector初始化完成
2026-03-22 16:36:22 - DetectorRegistry - INFO - 已注册检测器: MISSING_VALIDATION
2026-03-22 16:36:22 - MissingDataProfilingDetector - INFO - MissingDataProfilingDetector初始化完成
2026-03-22 16:36:22 - DetectorRegistry - INFO - 已注册检测器: MISSING_DATA_PROFILING
2026-03-22 16:36:22 - InefficientAggregationDetector - INFO - InefficientAggregationDetector初始化完成
2026-03-22 16:36:22 - DetectorRegistry - INFO - 已注册检测器: INEFFICIENT_AGGREGATION
2026-03-22 16:36:22 - UnnecessaryMaterializationDetector - INFO - UnnecessaryMaterializationDetector初始化完成
2026-03-22 16:36:22 - DetectorRegistry - INFO - 已注册检测器: UNNECESSARY_MATERIALIZATION
2026-03-22 16:36:22 - LargeDataFrameOperationDetector - INFO - LargeDataFrameOperationDetector初始化完成
2026-03-22 16:36:22 - DetectorRegistry - INFO - 已注册检测器: LARGE_DATA_FRAME_OPERATION
2026-03-22 16:36:22 - CircularDependencyDetector - INFO - CircularDependencyDetector初始化完成
2026-03-22 16:36:22 - DetectorRegistry - INFO - 已注册检测器: CIRCULAR_DEPENDENCY
2026-03-22 16:36:22 - ImproperModuleCohesionDetector - INFO - ImproperModuleCohesionDetector初始化完成
2026-03-22 16:36:22 - DetectorRegistry - INFO - 已注册检测器: IMPROPER_MODULE_COHESION
2026-03-22 16:36:22 - PipelineFragmentationDetector - INFO - PipelineFragmentationDetector初始化完成
2026-03-22 16:36:22 - DetectorRegistry - INFO - 已注册检测器: PIPELINE_FRAGMENTATION
2026-03-22 16:36:22 - HardcodedParametersDetector - INFO - HardcodedParametersDetector初始化完成
2026-03-22 16:36:22 - DetectorRegistry - INFO - 已注册检测器: HARDCODED_PARAMETERS
2026-03-22 16:36:22 - LackOfVersionControlDetector - INFO - LackOfVersionControlDetector初始化完成
2026-03-22 16:36:22 - DetectorRegistry - INFO - 已注册检测器: LACK_OF_VERSION_CONTROL
2026-03-22 16:36:22 - NonDeterministicOrderDetector - INFO - NonDeterministicOrderDetector初始化完成
2026-03-22 16:36:22 - DetectorRegistry - INFO - 已注册检测器: NON_DETERMINISTIC_ORDER
2026-03-22 16:36:22 - DetectorRegistry - INFO - 开始检测Pipeline: D:\PipeSmell\dataset\example_11_excessive_copy.py
2026-03-22 16:36:22 - DetectorRegistry - INFO - 使用 18 个检测器
2026-03-22 16:36:22 - ExcessiveCopyDetector - INFO - 检测到过度复制: at line 18
2026-03-22 16:36:22 - DetectorRegistry - INFO - 检测完成，共找到 1 个Smell，耗时 3.99ms
2026-03-22 16:36:22 - DetectorRegistry - INFO - 开始检测Pipeline: D:\PipeSmell\dataset\example_18_lack_version_control.py
2026-03-22 16:36:22 - DetectorRegistry - INFO - 使用 18 个检测器
2026-03-22 16:36:22 - LackOfVersionControlDetector - INFO - 检测到缺少版本控制: at line 1
2026-03-22 16:36:22 - DetectorRegistry - INFO - 检测完成，共找到 1 个Smell，耗时 3.99ms
2026-03-22 16:36:22 - DetectorRegistry - INFO - 开始检测Pipeline: D:\PipeSmell\dataset\example_13_circular_dependency.py
2026-03-22 16:36:22 - DetectorRegistry - INFO - 使用 18 个检测器
2026-03-22 16:36:22 - CircularDependencyDetector - INFO - 检测到循环依赖: D:\PipeSmell\dataset\example_13_circular_dependency.py:12
2026-03-22 16:36:22 - DetectorRegistry - INFO - 检测完成，共找到 1 个Smell，耗时 3.98ms
2026-03-22 16:36:22 - DetectorRegistry - INFO - 开始检测Pipeline: D:\PipeSmell\dataset\example_08_inefficient_aggregation.py
2026-03-22 16:36:22 - DetectorRegistry - INFO - 使用 18 个检测器
2026-03-22 16:36:22 - InefficientAggregationDetector - INFO - 检测到低效聚合: iterrows at line 17
2026-03-22 16:36:22 - DetectorRegistry - INFO - 检测完成，共找到 1 个Smell，耗时 1.99ms
2026-03-22 16:36:22 - DetectorRegistry - INFO - 开始检测Pipeline: D:\PipeSmell\dataset\example_07_nondeterministic_order.py
2026-03-22 16:36:22 - DetectorRegistry - INFO - 使用 18 个检测器
2026-03-22 16:36:22 - NonDeterministicOrderDetector - INFO - 检测到非确定性顺序: 源码扫描 line 16
2026-03-22 16:36:22 - DetectorRegistry - INFO - 检测完成，共找到 1 个Smell，耗时 3.99ms
2026-03-22 16:36:22 - DetectorRegistry - INFO - 开始检测Pipeline: D:\PipeSmell\dataset\example_17_large_dataframe_operation.py
2026-03-22 16:36:22 - DetectorRegistry - INFO - 使用 18 个检测器
2026-03-22 16:36:22 - LargeDataFrameOperationDetector - INFO - 检测到大DataFrame操作: at line 20
2026-03-22 16:36:22 - DetectorRegistry - INFO - 检测完成，共找到 1 个Smell，耗时 6.98ms
2026-03-22 16:36:22 - DetectorRegistry - INFO - 开始检测Pipeline: D:\PipeSmell\dataset\example_03_missing_validation.py
2026-03-22 16:36:22 - DetectorRegistry - INFO - 使用 18 个检测器
2026-03-22 16:36:22 - MissingValidationDetector - INFO - 检测到缺少验证集: at line 17
2026-03-22 16:36:22 - DetectorRegistry - INFO - 检测完成，共找到 1 个Smell，耗时 5.98ms
2026-03-22 16:36:22 - DetectorRegistry - INFO - 开始检测Pipeline: D:\PipeSmell\dataset\example_01_data_leakage.py
2026-03-22 16:36:22 - DetectorRegistry - INFO - 使用 18 个检测器
2026-03-22 16:36:22 - DataLeakageDetector - INFO - 检测到数据泄露: fit_transform at line 20
2026-03-22 16:36:22 - DetectorRegistry - INFO - 检测完成，共找到 1 个Smell，耗时 3.99ms
2026-03-22 16:36:22 - DetectorRegistry - INFO - 开始检测Pipeline: D:\PipeSmell\dataset\example_06_hardcoded_parameters.py
2026-03-22 16:36:22 - DetectorRegistry - INFO - 使用 18 个检测器
2026-03-22 16:36:22 - HardcodedParametersDetector - INFO - 检测到硬编码参数: 5 params at line 19
2026-03-22 16:36:22 - DetectorRegistry - INFO - 检测完成，共找到 1 个Smell，耗时 3.98ms
2026-03-22 16:36:22 - DetectorRegistry - INFO - 开始检测Pipeline: D:\PipeSmell\dataset\example_09_missing_data_profiling.py
2026-03-22 16:36:22 - DetectorRegistry - INFO - 使用 18 个检测器
2026-03-22 16:36:22 - MissingDataProfilingDetector - INFO - 检测到缺少数据探索: at line 14
2026-03-22 16:36:22 - DetectorRegistry - INFO - 检测完成，共找到 1 个Smell，耗时 5.98ms
2026-03-22 16:36:22 - DetectorRegistry - INFO - 开始检测Pipeline: D:\PipeSmell\dataset\example_15_pipeline_fragmentation.py
2026-03-22 16:36:22 - DetectorRegistry - INFO - 使用 18 个检测器
2026-03-22 16:36:22 - PipelineFragmentationDetector - INFO - 检测到Pipeline碎片化: 11 fragments at line 12
2026-03-22 16:36:22 - DetectorRegistry - INFO - 检测完成，共找到 1 个Smell，耗时 3.99ms
2026-03-22 16:36:22 - DetectorRegistry - INFO - 开始检测Pipeline: D:\PipeSmell\dataset\example_14_improper_module_cohesion.py
2026-03-22 16:36:22 - DetectorRegistry - INFO - 使用 18 个检测器
2026-03-22 16:36:22 - ImproperModuleCohesionDetector - INFO - 检测到模块内聚不当: 7 types at line 1
2026-03-22 16:36:22 - DetectorRegistry - INFO - 检测完成，共找到 1 个Smell，耗时 3.98ms
2026-03-22 16:36:22 - DetectorRegistry - INFO - 开始检测Pipeline: D:\PipeSmell\dataset\example_10_redundant_operation.py
2026-03-22 16:36:22 - DetectorRegistry - INFO - 使用 18 个检测器
2026-03-22 16:36:22 - RedundantOperationDetector - INFO - 检测到冗余操作: dropna+fillna at line 16
2026-03-22 16:36:22 - DetectorRegistry - INFO - 检测完成，共找到 1 个Smell，耗时 4.98ms
2026-03-22 16:36:22 - DetectorRegistry - INFO - 开始检测Pipeline: D:\PipeSmell\dataset\example_05_missing_evaluation.py
2026-03-22 16:36:22 - DetectorRegistry - INFO - 使用 18 个检测器
2026-03-22 16:36:22 - MissingEvaluationDetector - INFO - 检测到缺少评估: at line 20
2026-03-22 16:36:22 - DetectorRegistry - INFO - 检测完成，共找到 1 个Smell，耗时 1.99ms
2026-03-22 16:36:22 - DetectorRegistry - INFO - 开始检测Pipeline: D:\PipeSmell\dataset\example_12_module_order_violation.py
2026-03-22 16:36:22 - DetectorRegistry - INFO - 使用 18 个检测器
2026-03-22 16:36:22 - ModuleOrderViolationDetector - INFO - 检测到模块顺序违反: at line 26
2026-03-22 16:36:22 - DetectorRegistry - INFO - 检测完成，共找到 1 个Smell，耗时 6.98ms
2026-03-22 16:36:22 - DetectorRegistry - INFO - 开始检测Pipeline: D:\PipeSmell\dataset\example_20_multiple_smells.py
2026-03-22 16:36:22 - DetectorRegistry - INFO - 使用 18 个检测器
2026-03-22 16:36:22 - DataLeakageDetector - INFO - 检测到数据泄露: fit_transform at line 18
2026-03-22 16:36:22 - MissingEvaluationDetector - INFO - 检测到缺少评估: at line 31
2026-03-22 16:36:22 - MissingRandomSeedDetector - INFO - 检测到缺少随机种子: train_test_split at line 21
2026-03-22 16:36:22 - HardcodedParametersDetector - INFO - 检测到硬编码参数: 4 params at line 24
2026-03-22 16:36:22 - DetectorRegistry - INFO - 检测完成，共找到 4 个Smell，耗时 3.99ms
2026-03-22 16:36:22 - DetectorRegistry - INFO - 开始检测Pipeline: D:\PipeSmell\dataset\example_04_repeated_transform.py
2026-03-22 16:36:22 - DetectorRegistry - INFO - 使用 18 个检测器
2026-03-22 16:36:22 - RepeatedTransformDetector - INFO - 检测到重复转换(多缩放器): at line 24
2026-03-22 16:36:22 - DetectorRegistry - INFO - 检测完成，共找到 1 个Smell，耗时 3.99ms
2026-03-22 16:36:22 - DetectorRegistry - INFO - 开始检测Pipeline: D:\PipeSmell\dataset\example_16_unnecessary_materialization.py
2026-03-22 16:36:22 - DetectorRegistry - INFO - 使用 18 个检测器
2026-03-22 16:36:22 - UnnecessaryMaterializationDetector - INFO - 检测到不必要物化: at line 20
2026-03-22 16:36:22 - DetectorRegistry - INFO - 检测完成，共找到 1 个Smell，耗时 3.99ms
2026-03-22 16:36:22 - DetectorRegistry - INFO - 开始检测Pipeline: D:\PipeSmell\dataset\example_02_missing_random_seed.py
2026-03-22 16:36:22 - DetectorRegistry - INFO - 使用 18 个检测器
2026-03-22 16:36:22 - MissingRandomSeedDetector - INFO - 检测到缺少随机种子: train_test_split at line 17
2026-03-22 16:36:22 - DetectorRegistry - INFO - 检测完成，共找到 1 个Smell，耗时 2.99ms
2026-03-22 16:38:01 - DataLeakageDetector - INFO - DataLeakageDetector初始化完成
2026-03-22 16:38:01 - DetectorRegistry - INFO - 已注册检测器: DATA_LEAKAGE
2026-03-22 16:38:01 - MissingEvaluationDetector - INFO - MissingEvaluationDetector初始化完成
2026-03-22 16:38:01 - DetectorRegistry - INFO - 已注册检测器: MISSING_EVALUATION
2026-03-22 16:38:01 - ModuleOrderViolationDetector - INFO - ModuleOrderViolationDetector初始化完成
2026-03-22 16:38:01 - DetectorRegistry - INFO - 已注册检测器: MODULE_ORDER_VIOLATION
2026-03-22 16:38:01 - RepeatedTransformDetector - INFO - RepeatedTransformDetector初始化完成
2026-03-22 16:38:01 - DetectorRegistry - INFO - 已注册检测器: REPEATED_TRANSFORM
2026-03-22 16:38:01 - ExcessiveCopyDetector - INFO - ExcessiveCopyDetector初始化完成
2026-03-22 16:38:01 - DetectorRegistry - INFO - 已注册检测器: EXCESSIVE_COPY
2026-03-22 16:38:01 - RedundantOperationDetector - INFO - RedundantOperationDetector初始化完成
2026-03-22 16:38:01 - DetectorRegistry - INFO - 已注册检测器: REDUNDANT_OPERATION
2026-03-22 16:38:01 - MissingRandomSeedDetector - INFO - MissingRandomSeedDetector初始化完成
2026-03-22 16:38:01 - DetectorRegistry - INFO - 已注册检测器: MISSING_RANDOM_SEED
2026-03-22 16:38:01 - MissingValidationDetector - INFO - MissingValidationDetector初始化完成
2026-03-22 16:38:01 - DetectorRegistry - INFO - 已注册检测器: MISSING_VALIDATION
2026-03-22 16:38:01 - MissingDataProfilingDetector - INFO - MissingDataProfilingDetector初始化完成
2026-03-22 16:38:01 - DetectorRegistry - INFO - 已注册检测器: MISSING_DATA_PROFILING
2026-03-22 16:38:01 - InefficientAggregationDetector - INFO - InefficientAggregationDetector初始化完成
2026-03-22 16:38:01 - DetectorRegistry - INFO - 已注册检测器: INEFFICIENT_AGGREGATION
2026-03-22 16:38:01 - UnnecessaryMaterializationDetector - INFO - UnnecessaryMaterializationDetector初始化完成
2026-03-22 16:38:01 - DetectorRegistry - INFO - 已注册检测器: UNNECESSARY_MATERIALIZATION
2026-03-22 16:38:01 - LargeDataFrameOperationDetector - INFO - LargeDataFrameOperationDetector初始化完成
2026-03-22 16:38:01 - DetectorRegistry - INFO - 已注册检测器: LARGE_DATA_FRAME_OPERATION
2026-03-22 16:38:01 - CircularDependencyDetector - INFO - CircularDependencyDetector初始化完成
2026-03-22 16:38:01 - DetectorRegistry - INFO - 已注册检测器: CIRCULAR_DEPENDENCY
2026-03-22 16:38:01 - ImproperModuleCohesionDetector - INFO - ImproperModuleCohesionDetector初始化完成
2026-03-22 16:38:01 - DetectorRegistry - INFO - 已注册检测器: IMPROPER_MODULE_COHESION
2026-03-22 16:38:01 - PipelineFragmentationDetector - INFO - PipelineFragmentationDetector初始化完成
2026-03-22 16:38:01 - DetectorRegistry - INFO - 已注册检测器: PIPELINE_FRAGMENTATION
2026-03-22 16:38:01 - HardcodedParametersDetector - INFO - HardcodedParametersDetector初始化完成
2026-03-22 16:38:01 - DetectorRegistry - INFO - 已注册检测器: HARDCODED_PARAMETERS
2026-03-22 16:38:01 - LackOfVersionControlDetector - INFO - LackOfVersionControlDetector初始化完成
2026-03-22 16:38:01 - DetectorRegistry - INFO - 已注册检测器: LACK_OF_VERSION_CONTROL
2026-03-22 16:38:01 - NonDeterministicOrderDetector - INFO - NonDeterministicOrderDetector初始化完成
2026-03-22 16:38:01 - DetectorRegistry - INFO - 已注册检测器: NON_DETERMINISTIC_ORDER
2026-03-22 16:38:01 - DetectorRegistry - INFO - 开始检测Pipeline: D:\PipeSmell\dataset\example_01_data_leakage.py
2026-03-22 16:38:01 - DetectorRegistry - INFO - 使用 18 个检测器
2026-03-22 16:38:01 - DataLeakageDetector - INFO - 检测到数据泄露: fit_transform at line 20
2026-03-22 16:38:01 - DetectorRegistry - INFO - 检测完成，共找到 1 个Smell，耗时 4.20ms
2026-03-22 16:38:01 - DetectorRegistry - INFO - 开始检测Pipeline: D:\PipeSmell\dataset\example_02_missing_random_seed.py
2026-03-22 16:38:01 - DetectorRegistry - INFO - 使用 18 个检测器
2026-03-22 16:38:01 - MissingRandomSeedDetector - INFO - 检测到缺少随机种子: train_test_split at line 17
2026-03-22 16:38:01 - DetectorRegistry - INFO - 检测完成，共找到 1 个Smell，耗时 3.23ms
2026-03-22 16:38:01 - DetectorRegistry - INFO - 开始检测Pipeline: D:\PipeSmell\dataset\example_03_missing_validation.py
2026-03-22 16:38:01 - DetectorRegistry - INFO - 使用 18 个检测器
2026-03-22 16:38:01 - MissingValidationDetector - INFO - 检测到缺少验证集: at line 17
2026-03-22 16:38:01 - DetectorRegistry - INFO - 检测完成，共找到 1 个Smell，耗时 5.23ms
2026-03-22 16:38:01 - DetectorRegistry - INFO - 开始检测Pipeline: D:\PipeSmell\dataset\example_04_repeated_transform.py
2026-03-22 16:38:01 - DetectorRegistry - INFO - 使用 18 个检测器
2026-03-22 16:38:01 - RepeatedTransformDetector - INFO - 检测到重复转换(多缩放器): at line 24
2026-03-22 16:38:01 - DetectorRegistry - INFO - 检测完成，共找到 1 个Smell，耗时 4.80ms
2026-03-22 16:38:01 - DetectorRegistry - INFO - 开始检测Pipeline: D:\PipeSmell\dataset\example_05_missing_evaluation.py
2026-03-22 16:38:01 - DetectorRegistry - INFO - 使用 18 个检测器
2026-03-22 16:38:01 - MissingEvaluationDetector - INFO - 检测到缺少评估: at line 20
2026-03-22 16:38:01 - DetectorRegistry - INFO - 检测完成，共找到 1 个Smell，耗时 3.77ms
2026-03-22 16:38:01 - DetectorRegistry - INFO - 开始检测Pipeline: D:\PipeSmell\dataset\example_06_hardcoded_parameters.py
2026-03-22 16:38:01 - DetectorRegistry - INFO - 使用 18 个检测器
2026-03-22 16:38:01 - HardcodedParametersDetector - INFO - 检测到硬编码参数: 5 params at line 19
2026-03-22 16:38:01 - DetectorRegistry - INFO - 检测完成，共找到 1 个Smell，耗时 3.47ms
2026-03-22 16:38:01 - DetectorRegistry - INFO - 开始检测Pipeline: D:\PipeSmell\dataset\example_07_nondeterministic_order.py
2026-03-22 16:38:01 - DetectorRegistry - INFO - 使用 18 个检测器
2026-03-22 16:38:01 - NonDeterministicOrderDetector - INFO - 检测到非确定性顺序: 源码扫描 line 16
2026-03-22 16:38:01 - DetectorRegistry - INFO - 检测完成，共找到 1 个Smell，耗时 2.22ms
2026-03-22 16:38:01 - DetectorRegistry - INFO - 开始检测Pipeline: D:\PipeSmell\dataset\example_08_inefficient_aggregation.py
2026-03-22 16:38:01 - DetectorRegistry - INFO - 使用 18 个检测器
2026-03-22 16:38:01 - InefficientAggregationDetector - INFO - 检测到低效聚合: iterrows at line 17
2026-03-22 16:38:01 - DetectorRegistry - INFO - 检测完成，共找到 1 个Smell，耗时 2.51ms
2026-03-22 16:38:01 - DetectorRegistry - INFO - 开始检测Pipeline: D:\PipeSmell\dataset\example_09_missing_data_profiling.py
2026-03-22 16:38:01 - DetectorRegistry - INFO - 使用 18 个检测器
2026-03-22 16:38:01 - MissingDataProfilingDetector - INFO - 检测到缺少数据探索: at line 14
2026-03-22 16:38:01 - DetectorRegistry - INFO - 检测完成，共找到 1 个Smell，耗时 3.40ms
2026-03-22 16:38:01 - DetectorRegistry - INFO - 开始检测Pipeline: D:\PipeSmell\dataset\example_10_redundant_operation.py
2026-03-22 16:38:01 - DetectorRegistry - INFO - 使用 18 个检测器
2026-03-22 16:38:01 - RedundantOperationDetector - INFO - 检测到冗余操作: dropna+fillna at line 16
2026-03-22 16:38:01 - DetectorRegistry - INFO - 检测完成，共找到 1 个Smell，耗时 3.51ms
2026-03-22 16:38:01 - DetectorRegistry - INFO - 开始检测Pipeline: D:\PipeSmell\dataset\example_11_excessive_copy.py
2026-03-22 16:38:01 - DetectorRegistry - INFO - 使用 18 个检测器
2026-03-22 16:38:01 - ExcessiveCopyDetector - INFO - 检测到过度复制: at line 18
2026-03-22 16:38:01 - DetectorRegistry - INFO - 检测完成，共找到 1 个Smell，耗时 3.72ms
2026-03-22 16:38:01 - DetectorRegistry - INFO - 开始检测Pipeline: D:\PipeSmell\dataset\example_12_module_order_violation.py
2026-03-22 16:38:01 - DetectorRegistry - INFO - 使用 18 个检测器
2026-03-22 16:38:01 - ModuleOrderViolationDetector - INFO - 检测到模块顺序违反: at line 26
2026-03-22 16:38:01 - DetectorRegistry - INFO - 检测完成，共找到 1 个Smell，耗时 3.44ms
2026-03-22 16:38:01 - DetectorRegistry - INFO - 开始检测Pipeline: D:\PipeSmell\dataset\example_13_circular_dependency.py
2026-03-22 16:38:01 - DetectorRegistry - INFO - 使用 18 个检测器
2026-03-22 16:38:01 - CircularDependencyDetector - INFO - 检测到循环依赖: D:\PipeSmell\dataset\example_13_circular_dependency.py:12
2026-03-22 16:38:01 - DetectorRegistry - INFO - 检测完成，共找到 1 个Smell，耗时 2.46ms
2026-03-22 16:38:01 - DetectorRegistry - INFO - 开始检测Pipeline: D:\PipeSmell\dataset\example_14_improper_module_cohesion.py
2026-03-22 16:38:01 - DetectorRegistry - INFO - 使用 18 个检测器
2026-03-22 16:38:01 - ImproperModuleCohesionDetector - INFO - 检测到模块内聚不当: 7 types at line 1
2026-03-22 16:38:01 - DetectorRegistry - INFO - 检测完成，共找到 1 个Smell，耗时 3.00ms
2026-03-22 16:38:01 - DetectorRegistry - INFO - 开始检测Pipeline: D:\PipeSmell\dataset\example_15_pipeline_fragmentation.py
2026-03-22 16:38:01 - DetectorRegistry - INFO - 使用 18 个检测器
2026-03-22 16:38:01 - PipelineFragmentationDetector - INFO - 检测到Pipeline碎片化: 11 fragments at line 12
2026-03-22 16:38:01 - DetectorRegistry - INFO - 检测完成，共找到 1 个Smell，耗时 3.35ms
2026-03-22 16:38:01 - DetectorRegistry - INFO - 开始检测Pipeline: D:\PipeSmell\dataset\example_16_unnecessary_materialization.py
2026-03-22 16:38:01 - DetectorRegistry - INFO - 使用 18 个检测器
2026-03-22 16:38:01 - UnnecessaryMaterializationDetector - INFO - 检测到不必要物化: at line 20
2026-03-22 16:38:01 - DetectorRegistry - INFO - 检测完成，共找到 1 个Smell，耗时 2.99ms
2026-03-22 16:38:01 - DetectorRegistry - INFO - 开始检测Pipeline: D:\PipeSmell\dataset\example_17_large_dataframe_operation.py
2026-03-22 16:38:01 - DetectorRegistry - INFO - 使用 18 个检测器
2026-03-22 16:38:01 - LargeDataFrameOperationDetector - INFO - 检测到大DataFrame操作: at line 20
2026-03-22 16:38:01 - DetectorRegistry - INFO - 检测完成，共找到 1 个Smell，耗时 3.67ms
2026-03-22 16:38:01 - DetectorRegistry - INFO - 开始检测Pipeline: D:\PipeSmell\dataset\example_18_lack_version_control.py
2026-03-22 16:38:01 - DetectorRegistry - INFO - 使用 18 个检测器
2026-03-22 16:38:01 - LackOfVersionControlDetector - INFO - 检测到缺少版本控制: at line 1
2026-03-22 16:38:01 - DetectorRegistry - INFO - 检测完成，共找到 1 个Smell，耗时 5.54ms
2026-03-22 16:38:01 - DetectorRegistry - INFO - 开始检测Pipeline: D:\PipeSmell\dataset\example_19_clean_pipeline.py
2026-03-22 16:38:01 - DetectorRegistry - INFO - 使用 18 个检测器
2026-03-22 16:38:01 - DetectorRegistry - INFO - 检测完成，共找到 0 个Smell，耗时 2.00ms
2026-03-22 16:38:01 - DetectorRegistry - INFO - 开始检测Pipeline: D:\PipeSmell\dataset\example_20_multiple_smells.py
2026-03-22 16:38:01 - DetectorRegistry - INFO - 使用 18 个检测器
2026-03-22 16:38:01 - DataLeakageDetector - INFO - 检测到数据泄露: fit_transform at line 18
2026-03-22 16:38:01 - MissingEvaluationDetector - INFO - 检测到缺少评估: at line 31
2026-03-22 16:38:01 - MissingRandomSeedDetector - INFO - 检测到缺少随机种子: train_test_split at line 21
2026-03-22 16:38:01 - HardcodedParametersDetector - INFO - 检测到硬编码参数: 4 params at line 24
2026-03-22 16:38:01 - DetectorRegistry - INFO - 检测完成，共找到 4 个Smell，耗时 4.42ms
2026-03-22 16:38:03 - DataLeakageDetector - INFO - DataLeakageDetector初始化完成
2026-03-22 16:38:03 - DetectorRegistry - INFO - 已注册检测器: DATA_LEAKAGE
2026-03-22 16:38:03 - MissingEvaluationDetector - INFO - MissingEvaluationDetector初始化完成
2026-03-22 16:38:03 - DetectorRegistry - INFO - 已注册检测器: MISSING_EVALUATION
2026-03-22 16:38:03 - ModuleOrderViolationDetector - INFO - ModuleOrderViolationDetector初始化完成
2026-03-22 16:38:03 - DetectorRegistry - INFO - 已注册检测器: MODULE_ORDER_VIOLATION
2026-03-22 16:38:03 - RepeatedTransformDetector - INFO - RepeatedTransformDetector初始化完成
2026-03-22 16:38:03 - DetectorRegistry - INFO - 已注册检测器: REPEATED_TRANSFORM
2026-03-22 16:38:03 - ExcessiveCopyDetector - INFO - ExcessiveCopyDetector初始化完成
2026-03-22 16:38:03 - DetectorRegistry - INFO - 已注册检测器: EXCESSIVE_COPY
2026-03-22 16:38:03 - RedundantOperationDetector - INFO - RedundantOperationDetector初始化完成
2026-03-22 16:38:03 - DetectorRegistry - INFO - 已注册检测器: REDUNDANT_OPERATION
2026-03-22 16:38:03 - MissingRandomSeedDetector - INFO - MissingRandomSeedDetector初始化完成
2026-03-22 16:38:03 - DetectorRegistry - INFO - 已注册检测器: MISSING_RANDOM_SEED
2026-03-22 16:38:03 - MissingValidationDetector - INFO - MissingValidationDetector初始化完成
2026-03-22 16:38:03 - DetectorRegistry - INFO - 已注册检测器: MISSING_VALIDATION
2026-03-22 16:38:03 - MissingDataProfilingDetector - INFO - MissingDataProfilingDetector初始化完成
2026-03-22 16:38:03 - DetectorRegistry - INFO - 已注册检测器: MISSING_DATA_PROFILING
2026-03-22 16:38:03 - InefficientAggregationDetector - INFO - InefficientAggregationDetector初始化完成
2026-03-22 16:38:03 - DetectorRegistry - INFO - 已注册检测器: INEFFICIENT_AGGREGATION
2026-03-22 16:38:03 - UnnecessaryMaterializationDetector - INFO - UnnecessaryMaterializationDetector初始化完成
2026-03-22 16:38:03 - DetectorRegistry - INFO - 已注册检测器: UNNECESSARY_MATERIALIZATION
2026-03-22 16:38:03 - LargeDataFrameOperationDetector - INFO - LargeDataFrameOperationDetector初始化完成
2026-03-22 16:38:03 - DetectorRegistry - INFO - 已注册检测器: LARGE_DATA_FRAME_OPERATION
2026-03-22 16:38:03 - CircularDependencyDetector - INFO - CircularDependencyDetector初始化完成
2026-03-22 16:38:03 - DetectorRegistry - INFO - 已注册检测器: CIRCULAR_DEPENDENCY
2026-03-22 16:38:03 - ImproperModuleCohesionDetector - INFO - ImproperModuleCohesionDetector初始化完成
2026-03-22 16:38:03 - DetectorRegistry - INFO - 已注册检测器: IMPROPER_MODULE_COHESION
2026-03-22 16:38:03 - PipelineFragmentationDetector - INFO - PipelineFragmentationDetector初始化完成
2026-03-22 16:38:03 - DetectorRegistry - INFO - 已注册检测器: PIPELINE_FRAGMENTATION
2026-03-22 16:38:03 - HardcodedParametersDetector - INFO - HardcodedParametersDetector初始化完成
2026-03-22 16:38:03 - DetectorRegistry - INFO - 已注册检测器: HARDCODED_PARAMETERS
2026-03-22 16:38:03 - LackOfVersionControlDetector - INFO - LackOfVersionControlDetector初始化完成
2026-03-22 16:38:03 - DetectorRegistry - INFO - 已注册检测器: LACK_OF_VERSION_CONTROL
2026-03-22 16:38:03 - NonDeterministicOrderDetector - INFO - NonDeterministicOrderDetector初始化完成
2026-03-22 16:38:03 - DetectorRegistry - INFO - 已注册检测器: NON_DETERMINISTIC_ORDER
2026-03-22 16:38:03 - DetectorRegistry - INFO - 开始检测Pipeline: D:\PipeSmell\dataset\external\ext_01_data_leakage_style.py
2026-03-22 16:38:03 - DetectorRegistry - INFO - 使用 18 个检测器
2026-03-22 16:38:03 - DataLeakageDetector - INFO - 检测到数据泄露: fit_transform at line 14
2026-03-22 16:38:03 - DetectorRegistry - INFO - 检测完成，共找到 1 个Smell，耗时 2.12ms
2026-03-22 16:38:03 - DetectorRegistry - INFO - 开始检测Pipeline: D:\PipeSmell\dataset\external\ext_02_missing_random_seed_style.py
2026-03-22 16:38:03 - DetectorRegistry - INFO - 使用 18 个检测器
2026-03-22 16:38:03 - MissingRandomSeedDetector - INFO - 检测到缺少随机种子: train_test_split at line 12
2026-03-22 16:38:03 - DetectorRegistry - INFO - 检测完成，共找到 1 个Smell，耗时 2.99ms
2026-03-22 16:38:03 - DetectorRegistry - INFO - 开始检测Pipeline: D:\PipeSmell\dataset\external\ext_03_clean_style.py
2026-03-22 16:38:03 - DetectorRegistry - INFO - 使用 18 个检测器
2026-03-22 16:38:03 - DetectorRegistry - INFO - 检测完成，共找到 0 个Smell，耗时 3.26ms
2026-03-22 16:38:03 - DetectorRegistry - INFO - 开始检测Pipeline: D:\PipeSmell\dataset\external\ext_04_missing_validation_style.py
2026-03-22 16:38:03 - DetectorRegistry - INFO - 使用 18 个检测器
2026-03-22 16:38:03 - MissingValidationDetector - INFO - 检测到缺少验证集: at line 12
2026-03-22 16:38:03 - DetectorRegistry - INFO - 检测完成，共找到 1 个Smell，耗时 3.19ms
2026-03-22 16:38:03 - DetectorRegistry - INFO - 开始检测Pipeline: D:\PipeSmell\dataset\external\ext_05_inefficient_loop_style.py
2026-03-22 16:38:03 - DetectorRegistry - INFO - 使用 18 个检测器
2026-03-22 16:38:03 - InefficientAggregationDetector - INFO - 检测到低效聚合: iterrows at line 12
2026-03-22 16:38:03 - DetectorRegistry - INFO - 检测完成，共找到 1 个Smell，耗时 3.85ms
2026-03-22 16:38:03 - DetectorRegistry - INFO - 开始检测Pipeline: D:\PipeSmell\dataset\external\ext_06_repeated_scaler_style.py
2026-03-22 16:38:03 - DetectorRegistry - INFO - 使用 18 个检测器
2026-03-22 16:38:03 - RepeatedTransformDetector - INFO - 检测到重复转换(多缩放器): at line 17
2026-03-22 16:38:03 - DetectorRegistry - INFO - 检测完成，共找到 1 个Smell，耗时 3.42ms
2026-03-22 16:38:03 - DetectorRegistry - INFO - 开始检测Pipeline: D:\PipeSmell\dataset\external\ext_07_nondeterministic_style.py
2026-03-22 16:38:03 - DetectorRegistry - INFO - 使用 18 个检测器
2026-03-22 16:38:03 - NonDeterministicOrderDetector - INFO - 检测到非确定性顺序: 源码扫描 line 7
2026-03-22 16:38:03 - DetectorRegistry - INFO - 检测完成，共找到 1 个Smell，耗时 3.43ms
2026-03-22 16:38:03 - DetectorRegistry - INFO - 开始检测Pipeline: D:\PipeSmell\dataset\external\ext_08_module_order_style.py
2026-03-22 16:38:03 - DetectorRegistry - INFO - 使用 18 个检测器
2026-03-22 16:38:03 - ModuleOrderViolationDetector - INFO - 检测到模块顺序违反: at line 20
2026-03-22 16:38:03 - DetectorRegistry - INFO - 检测完成，共找到 1 个Smell，耗时 2.99ms
2026-03-22 16:38:03 - DetectorRegistry - INFO - 开始检测Pipeline: D:\PipeSmell\dataset\external\ext_09_intermediate_csv_style.py
2026-03-22 16:38:03 - DetectorRegistry - INFO - 使用 18 个检测器
2026-03-22 16:38:03 - UnnecessaryMaterializationDetector - INFO - 检测到不必要物化: at line 7
2026-03-22 16:38:03 - DetectorRegistry - INFO - 检测完成，共找到 1 个Smell，耗时 3.35ms
2026-03-22 16:38:04 - DataLeakageDetector - INFO - DataLeakageDetector初始化完成
2026-03-22 16:38:04 - DetectorRegistry - INFO - 已注册检测器: DATA_LEAKAGE
2026-03-22 16:38:04 - MissingEvaluationDetector - INFO - MissingEvaluationDetector初始化完成
2026-03-22 16:38:04 - DetectorRegistry - INFO - 已注册检测器: MISSING_EVALUATION
2026-03-22 16:38:04 - ModuleOrderViolationDetector - INFO - ModuleOrderViolationDetector初始化完成
2026-03-22 16:38:04 - DetectorRegistry - INFO - 已注册检测器: MODULE_ORDER_VIOLATION
2026-03-22 16:38:04 - RepeatedTransformDetector - INFO - RepeatedTransformDetector初始化完成
2026-03-22 16:38:04 - DetectorRegistry - INFO - 已注册检测器: REPEATED_TRANSFORM
2026-03-22 16:38:04 - ExcessiveCopyDetector - INFO - ExcessiveCopyDetector初始化完成
2026-03-22 16:38:04 - DetectorRegistry - INFO - 已注册检测器: EXCESSIVE_COPY
2026-03-22 16:38:04 - RedundantOperationDetector - INFO - RedundantOperationDetector初始化完成
2026-03-22 16:38:04 - DetectorRegistry - INFO - 已注册检测器: REDUNDANT_OPERATION
2026-03-22 16:38:04 - MissingRandomSeedDetector - INFO - MissingRandomSeedDetector初始化完成
2026-03-22 16:38:04 - DetectorRegistry - INFO - 已注册检测器: MISSING_RANDOM_SEED
2026-03-22 16:38:04 - MissingValidationDetector - INFO - MissingValidationDetector初始化完成
2026-03-22 16:38:04 - DetectorRegistry - INFO - 已注册检测器: MISSING_VALIDATION
2026-03-22 16:38:04 - MissingDataProfilingDetector - INFO - MissingDataProfilingDetector初始化完成
2026-03-22 16:38:04 - DetectorRegistry - INFO - 已注册检测器: MISSING_DATA_PROFILING
2026-03-22 16:38:04 - InefficientAggregationDetector - INFO - InefficientAggregationDetector初始化完成
2026-03-22 16:38:04 - DetectorRegistry - INFO - 已注册检测器: INEFFICIENT_AGGREGATION
2026-03-22 16:38:04 - UnnecessaryMaterializationDetector - INFO - UnnecessaryMaterializationDetector初始化完成
2026-03-22 16:38:04 - DetectorRegistry - INFO - 已注册检测器: UNNECESSARY_MATERIALIZATION
2026-03-22 16:38:04 - LargeDataFrameOperationDetector - INFO - LargeDataFrameOperationDetector初始化完成
2026-03-22 16:38:04 - DetectorRegistry - INFO - 已注册检测器: LARGE_DATA_FRAME_OPERATION
2026-03-22 16:38:04 - CircularDependencyDetector - INFO - CircularDependencyDetector初始化完成
2026-03-22 16:38:04 - DetectorRegistry - INFO - 已注册检测器: CIRCULAR_DEPENDENCY
2026-03-22 16:38:04 - ImproperModuleCohesionDetector - INFO - ImproperModuleCohesionDetector初始化完成
2026-03-22 16:38:04 - DetectorRegistry - INFO - 已注册检测器: IMPROPER_MODULE_COHESION
2026-03-22 16:38:04 - PipelineFragmentationDetector - INFO - PipelineFragmentationDetector初始化完成
2026-03-22 16:38:04 - DetectorRegistry - INFO - 已注册检测器: PIPELINE_FRAGMENTATION
2026-03-22 16:38:04 - HardcodedParametersDetector - INFO - HardcodedParametersDetector初始化完成
2026-03-22 16:38:04 - DetectorRegistry - INFO - 已注册检测器: HARDCODED_PARAMETERS
2026-03-22 16:38:04 - LackOfVersionControlDetector - INFO - LackOfVersionControlDetector初始化完成
2026-03-22 16:38:04 - DetectorRegistry - INFO - 已注册检测器: LACK_OF_VERSION_CONTROL
2026-03-22 16:38:04 - NonDeterministicOrderDetector - INFO - NonDeterministicOrderDetector初始化完成
2026-03-22 16:38:04 - DetectorRegistry - INFO - 已注册检测器: NON_DETERMINISTIC_ORDER
2026-03-22 16:38:04 - DetectorRegistry - INFO - 开始检测Pipeline: D:\PipeSmell\dataset\example_01_data_leakage.py
2026-03-22 16:38:04 - DetectorRegistry - INFO - 使用 18 个检测器
2026-03-22 16:38:04 - DataLeakageDetector - INFO - 检测到数据泄露: fit_transform at line 20
2026-03-22 16:38:04 - DetectorRegistry - INFO - 检测完成，共找到 1 个Smell，耗时 2.73ms
2026-03-22 16:38:04 - DetectorRegistry - INFO - 开始检测Pipeline: D:\PipeSmell\dataset\example_02_missing_random_seed.py
2026-03-22 16:38:04 - DetectorRegistry - INFO - 使用 18 个检测器
2026-03-22 16:38:04 - MissingRandomSeedDetector - INFO - 检测到缺少随机种子: train_test_split at line 17
2026-03-22 16:38:04 - DetectorRegistry - INFO - 检测完成，共找到 1 个Smell，耗时 3.14ms
2026-03-22 16:38:04 - DetectorRegistry - INFO - 开始检测Pipeline: D:\PipeSmell\dataset\example_03_missing_validation.py
2026-03-22 16:38:04 - DetectorRegistry - INFO - 使用 18 个检测器
2026-03-22 16:38:04 - MissingValidationDetector - INFO - 检测到缺少验证集: at line 17
2026-03-22 16:38:04 - DetectorRegistry - INFO - 检测完成，共找到 1 个Smell，耗时 3.28ms
2026-03-22 16:38:04 - DetectorRegistry - INFO - 开始检测Pipeline: D:\PipeSmell\dataset\example_04_repeated_transform.py
2026-03-22 16:38:04 - DetectorRegistry - INFO - 使用 18 个检测器
2026-03-22 16:38:04 - RepeatedTransformDetector - INFO - 检测到重复转换(多缩放器): at line 24
2026-03-22 16:38:04 - DetectorRegistry - INFO - 检测完成，共找到 1 个Smell，耗时 3.28ms
2026-03-22 16:38:04 - DetectorRegistry - INFO - 开始检测Pipeline: D:\PipeSmell\dataset\example_05_missing_evaluation.py
2026-03-22 16:38:04 - DetectorRegistry - INFO - 使用 18 个检测器
2026-03-22 16:38:04 - MissingEvaluationDetector - INFO - 检测到缺少评估: at line 20
2026-03-22 16:38:04 - DetectorRegistry - INFO - 检测完成，共找到 1 个Smell，耗时 2.05ms
2026-03-22 16:38:04 - DetectorRegistry - INFO - 开始检测Pipeline: D:\PipeSmell\dataset\example_06_hardcoded_parameters.py
2026-03-22 16:38:04 - DetectorRegistry - INFO - 使用 18 个检测器
2026-03-22 16:38:04 - HardcodedParametersDetector - INFO - 检测到硬编码参数: 5 params at line 19
2026-03-22 16:38:04 - DetectorRegistry - INFO - 检测完成，共找到 1 个Smell，耗时 2.49ms
2026-03-22 16:38:04 - DetectorRegistry - INFO - 开始检测Pipeline: D:\PipeSmell\dataset\example_07_nondeterministic_order.py
2026-03-22 16:38:04 - DetectorRegistry - INFO - 使用 18 个检测器
2026-03-22 16:38:04 - NonDeterministicOrderDetector - INFO - 检测到非确定性顺序: 源码扫描 line 16
2026-03-22 16:38:04 - DetectorRegistry - INFO - 检测完成，共找到 1 个Smell，耗时 2.05ms
2026-03-22 16:38:04 - DetectorRegistry - INFO - 开始检测Pipeline: D:\PipeSmell\dataset\example_08_inefficient_aggregation.py
2026-03-22 16:38:04 - DetectorRegistry - INFO - 使用 18 个检测器
2026-03-22 16:38:04 - InefficientAggregationDetector - INFO - 检测到低效聚合: iterrows at line 17
2026-03-22 16:38:04 - DetectorRegistry - INFO - 检测完成，共找到 1 个Smell，耗时 2.46ms
2026-03-22 16:38:04 - DetectorRegistry - INFO - 开始检测Pipeline: D:\PipeSmell\dataset\example_09_missing_data_profiling.py
2026-03-22 16:38:04 - DetectorRegistry - INFO - 使用 18 个检测器
2026-03-22 16:38:04 - MissingDataProfilingDetector - INFO - 检测到缺少数据探索: at line 14
2026-03-22 16:38:04 - DetectorRegistry - INFO - 检测完成，共找到 1 个Smell，耗时 3.40ms
2026-03-22 16:38:04 - DetectorRegistry - INFO - 开始检测Pipeline: D:\PipeSmell\dataset\example_10_redundant_operation.py
2026-03-22 16:38:04 - DetectorRegistry - INFO - 使用 18 个检测器
2026-03-22 16:38:04 - RedundantOperationDetector - INFO - 检测到冗余操作: dropna+fillna at line 16
2026-03-22 16:38:04 - DetectorRegistry - INFO - 检测完成，共找到 1 个Smell，耗时 2.02ms
2026-03-22 16:38:04 - DetectorRegistry - INFO - 开始检测Pipeline: D:\PipeSmell\dataset\example_11_excessive_copy.py
2026-03-22 16:38:04 - DetectorRegistry - INFO - 使用 18 个检测器
2026-03-22 16:38:04 - ExcessiveCopyDetector - INFO - 检测到过度复制: at line 18
2026-03-22 16:38:04 - DetectorRegistry - INFO - 检测完成，共找到 1 个Smell，耗时 3.31ms
2026-03-22 16:38:04 - DetectorRegistry - INFO - 开始检测Pipeline: D:\PipeSmell\dataset\example_12_module_order_violation.py
2026-03-22 16:38:04 - DetectorRegistry - INFO - 使用 18 个检测器
2026-03-22 16:38:04 - ModuleOrderViolationDetector - INFO - 检测到模块顺序违反: at line 26
2026-03-22 16:38:04 - DetectorRegistry - INFO - 检测完成，共找到 1 个Smell，耗时 3.82ms
2026-03-22 16:38:04 - DetectorRegistry - INFO - 开始检测Pipeline: D:\PipeSmell\dataset\example_13_circular_dependency.py
2026-03-22 16:38:04 - DetectorRegistry - INFO - 使用 18 个检测器
2026-03-22 16:38:04 - CircularDependencyDetector - INFO - 检测到循环依赖: D:\PipeSmell\dataset\example_13_circular_dependency.py:12
2026-03-22 16:38:04 - DetectorRegistry - INFO - 检测完成，共找到 1 个Smell，耗时 3.29ms
2026-03-22 16:38:04 - DetectorRegistry - INFO - 开始检测Pipeline: D:\PipeSmell\dataset\example_14_improper_module_cohesion.py
2026-03-22 16:38:04 - DetectorRegistry - INFO - 使用 18 个检测器
2026-03-22 16:38:04 - ImproperModuleCohesionDetector - INFO - 检测到模块内聚不当: 7 types at line 1
2026-03-22 16:38:04 - DetectorRegistry - INFO - 检测完成，共找到 1 个Smell，耗时 3.26ms
2026-03-22 16:38:04 - DetectorRegistry - INFO - 开始检测Pipeline: D:\PipeSmell\dataset\example_15_pipeline_fragmentation.py
2026-03-22 16:38:04 - DetectorRegistry - INFO - 使用 18 个检测器
2026-03-22 16:38:04 - PipelineFragmentationDetector - INFO - 检测到Pipeline碎片化: 11 fragments at line 12
2026-03-22 16:38:04 - DetectorRegistry - INFO - 检测完成，共找到 1 个Smell，耗时 3.05ms
2026-03-22 16:38:04 - DetectorRegistry - INFO - 开始检测Pipeline: D:\PipeSmell\dataset\example_16_unnecessary_materialization.py
2026-03-22 16:38:04 - DetectorRegistry - INFO - 使用 18 个检测器
2026-03-22 16:38:04 - UnnecessaryMaterializationDetector - INFO - 检测到不必要物化: at line 20
2026-03-22 16:38:04 - DetectorRegistry - INFO - 检测完成，共找到 1 个Smell，耗时 3.44ms
2026-03-22 16:38:04 - DetectorRegistry - INFO - 开始检测Pipeline: D:\PipeSmell\dataset\example_17_large_dataframe_operation.py
2026-03-22 16:38:04 - DetectorRegistry - INFO - 使用 18 个检测器
2026-03-22 16:38:04 - LargeDataFrameOperationDetector - INFO - 检测到大DataFrame操作: at line 20
2026-03-22 16:38:04 - DetectorRegistry - INFO - 检测完成，共找到 1 个Smell，耗时 3.30ms
2026-03-22 16:38:04 - DetectorRegistry - INFO - 开始检测Pipeline: D:\PipeSmell\dataset\example_18_lack_version_control.py
2026-03-22 16:38:04 - DetectorRegistry - INFO - 使用 18 个检测器
2026-03-22 16:38:04 - LackOfVersionControlDetector - INFO - 检测到缺少版本控制: at line 1
2026-03-22 16:38:04 - DetectorRegistry - INFO - 检测完成，共找到 1 个Smell，耗时 4.42ms
2026-03-22 16:38:04 - DetectorRegistry - INFO - 开始检测Pipeline: D:\PipeSmell\dataset\example_19_clean_pipeline.py
2026-03-22 16:38:04 - DetectorRegistry - INFO - 使用 18 个检测器
2026-03-22 16:38:04 - DetectorRegistry - INFO - 检测完成，共找到 0 个Smell，耗时 4.67ms
2026-03-22 16:38:04 - DetectorRegistry - INFO - 开始检测Pipeline: D:\PipeSmell\dataset\example_20_multiple_smells.py
2026-03-22 16:38:04 - DetectorRegistry - INFO - 使用 18 个检测器
2026-03-22 16:38:04 - DataLeakageDetector - INFO - 检测到数据泄露: fit_transform at line 18
2026-03-22 16:38:04 - MissingEvaluationDetector - INFO - 检测到缺少评估: at line 31
2026-03-22 16:38:04 - MissingRandomSeedDetector - INFO - 检测到缺少随机种子: train_test_split at line 21
2026-03-22 16:38:04 - HardcodedParametersDetector - INFO - 检测到硬编码参数: 4 params at line 24
2026-03-22 16:38:04 - DetectorRegistry - INFO - 检测完成，共找到 4 个Smell，耗时 4.08ms
2026-03-22 16:38:06 - DataLeakageDetector - INFO - DataLeakageDetector初始化完成
2026-03-22 16:38:06 - DetectorRegistry - INFO - 已注册检测器: DATA_LEAKAGE
2026-03-22 16:38:06 - MissingEvaluationDetector - INFO - MissingEvaluationDetector初始化完成
2026-03-22 16:38:06 - DetectorRegistry - INFO - 已注册检测器: MISSING_EVALUATION
2026-03-22 16:38:06 - ModuleOrderViolationDetector - INFO - ModuleOrderViolationDetector初始化完成
2026-03-22 16:38:06 - DetectorRegistry - INFO - 已注册检测器: MODULE_ORDER_VIOLATION
2026-03-22 16:38:06 - RepeatedTransformDetector - INFO - RepeatedTransformDetector初始化完成
2026-03-22 16:38:06 - DetectorRegistry - INFO - 已注册检测器: REPEATED_TRANSFORM
2026-03-22 16:38:06 - ExcessiveCopyDetector - INFO - ExcessiveCopyDetector初始化完成
2026-03-22 16:38:06 - DetectorRegistry - INFO - 已注册检测器: EXCESSIVE_COPY
2026-03-22 16:38:06 - RedundantOperationDetector - INFO - RedundantOperationDetector初始化完成
2026-03-22 16:38:06 - DetectorRegistry - INFO - 已注册检测器: REDUNDANT_OPERATION
2026-03-22 16:38:06 - MissingRandomSeedDetector - INFO - MissingRandomSeedDetector初始化完成
2026-03-22 16:38:06 - DetectorRegistry - INFO - 已注册检测器: MISSING_RANDOM_SEED
2026-03-22 16:38:06 - MissingValidationDetector - INFO - MissingValidationDetector初始化完成
2026-03-22 16:38:06 - DetectorRegistry - INFO - 已注册检测器: MISSING_VALIDATION
2026-03-22 16:38:06 - MissingDataProfilingDetector - INFO - MissingDataProfilingDetector初始化完成
2026-03-22 16:38:06 - DetectorRegistry - INFO - 已注册检测器: MISSING_DATA_PROFILING
2026-03-22 16:38:06 - InefficientAggregationDetector - INFO - InefficientAggregationDetector初始化完成
2026-03-22 16:38:06 - DetectorRegistry - INFO - 已注册检测器: INEFFICIENT_AGGREGATION
2026-03-22 16:38:06 - UnnecessaryMaterializationDetector - INFO - UnnecessaryMaterializationDetector初始化完成
2026-03-22 16:38:06 - DetectorRegistry - INFO - 已注册检测器: UNNECESSARY_MATERIALIZATION
2026-03-22 16:38:06 - LargeDataFrameOperationDetector - INFO - LargeDataFrameOperationDetector初始化完成
2026-03-22 16:38:06 - DetectorRegistry - INFO - 已注册检测器: LARGE_DATA_FRAME_OPERATION
2026-03-22 16:38:06 - CircularDependencyDetector - INFO - CircularDependencyDetector初始化完成
2026-03-22 16:38:06 - DetectorRegistry - INFO - 已注册检测器: CIRCULAR_DEPENDENCY
2026-03-22 16:38:06 - ImproperModuleCohesionDetector - INFO - ImproperModuleCohesionDetector初始化完成
2026-03-22 16:38:06 - DetectorRegistry - INFO - 已注册检测器: IMPROPER_MODULE_COHESION
2026-03-22 16:38:06 - PipelineFragmentationDetector - INFO - PipelineFragmentationDetector初始化完成
2026-03-22 16:38:06 - DetectorRegistry - INFO - 已注册检测器: PIPELINE_FRAGMENTATION
2026-03-22 16:38:06 - HardcodedParametersDetector - INFO - HardcodedParametersDetector初始化完成
2026-03-22 16:38:06 - DetectorRegistry - INFO - 已注册检测器: HARDCODED_PARAMETERS
2026-03-22 16:38:06 - LackOfVersionControlDetector - INFO - LackOfVersionControlDetector初始化完成
2026-03-22 16:38:06 - DetectorRegistry - INFO - 已注册检测器: LACK_OF_VERSION_CONTROL
2026-03-22 16:38:06 - NonDeterministicOrderDetector - INFO - NonDeterministicOrderDetector初始化完成
2026-03-22 16:38:06 - DetectorRegistry - INFO - 已注册检测器: NON_DETERMINISTIC_ORDER
2026-03-22 16:39:51 - DataLeakageDetector - INFO - DataLeakageDetector初始化完成
2026-03-22 16:39:51 - DetectorRegistry - INFO - 已注册检测器: DATA_LEAKAGE
2026-03-22 16:39:51 - MissingEvaluationDetector - INFO - MissingEvaluationDetector初始化完成
2026-03-22 16:39:51 - DetectorRegistry - INFO - 已注册检测器: MISSING_EVALUATION
2026-03-22 16:39:51 - ModuleOrderViolationDetector - INFO - ModuleOrderViolationDetector初始化完成
2026-03-22 16:39:51 - DetectorRegistry - INFO - 已注册检测器: MODULE_ORDER_VIOLATION
2026-03-22 16:39:51 - RepeatedTransformDetector - INFO - RepeatedTransformDetector初始化完成
2026-03-22 16:39:51 - DetectorRegistry - INFO - 已注册检测器: REPEATED_TRANSFORM
2026-03-22 16:39:51 - ExcessiveCopyDetector - INFO - ExcessiveCopyDetector初始化完成
2026-03-22 16:39:51 - DetectorRegistry - INFO - 已注册检测器: EXCESSIVE_COPY
2026-03-22 16:39:51 - RedundantOperationDetector - INFO - RedundantOperationDetector初始化完成
2026-03-22 16:39:51 - DetectorRegistry - INFO - 已注册检测器: REDUNDANT_OPERATION
2026-03-22 16:39:51 - MissingRandomSeedDetector - INFO - MissingRandomSeedDetector初始化完成
2026-03-22 16:39:51 - DetectorRegistry - INFO - 已注册检测器: MISSING_RANDOM_SEED
2026-03-22 16:39:51 - MissingValidationDetector - INFO - MissingValidationDetector初始化完成
2026-03-22 16:39:51 - DetectorRegistry - INFO - 已注册检测器: MISSING_VALIDATION
2026-03-22 16:39:51 - MissingDataProfilingDetector - INFO - MissingDataProfilingDetector初始化完成
2026-03-22 16:39:51 - DetectorRegistry - INFO - 已注册检测器: MISSING_DATA_PROFILING
2026-03-22 16:39:51 - InefficientAggregationDetector - INFO - InefficientAggregationDetector初始化完成
2026-03-22 16:39:51 - DetectorRegistry - INFO - 已注册检测器: INEFFICIENT_AGGREGATION
2026-03-22 16:39:51 - UnnecessaryMaterializationDetector - INFO - UnnecessaryMaterializationDetector初始化完成
2026-03-22 16:39:51 - DetectorRegistry - INFO - 已注册检测器: UNNECESSARY_MATERIALIZATION
2026-03-22 16:39:51 - LargeDataFrameOperationDetector - INFO - LargeDataFrameOperationDetector初始化完成
2026-03-22 16:39:51 - DetectorRegistry - INFO - 已注册检测器: LARGE_DATA_FRAME_OPERATION
2026-03-22 16:39:51 - CircularDependencyDetector - INFO - CircularDependencyDetector初始化完成
2026-03-22 16:39:51 - DetectorRegistry - INFO - 已注册检测器: CIRCULAR_DEPENDENCY
2026-03-22 16:39:51 - ImproperModuleCohesionDetector - INFO - ImproperModuleCohesionDetector初始化完成
2026-03-22 16:39:51 - DetectorRegistry - INFO - 已注册检测器: IMPROPER_MODULE_COHESION
2026-03-22 16:39:51 - PipelineFragmentationDetector - INFO - PipelineFragmentationDetector初始化完成
2026-03-22 16:39:51 - DetectorRegistry - INFO - 已注册检测器: PIPELINE_FRAGMENTATION
2026-03-22 16:39:51 - HardcodedParametersDetector - INFO - HardcodedParametersDetector初始化完成
2026-03-22 16:39:51 - DetectorRegistry - INFO - 已注册检测器: HARDCODED_PARAMETERS
2026-03-22 16:39:51 - LackOfVersionControlDetector - INFO - LackOfVersionControlDetector初始化完成
2026-03-22 16:39:51 - DetectorRegistry - INFO - 已注册检测器: LACK_OF_VERSION_CONTROL
2026-03-22 16:39:51 - NonDeterministicOrderDetector - INFO - NonDeterministicOrderDetector初始化完成
2026-03-22 16:39:51 - DetectorRegistry - INFO - 已注册检测器: NON_DETERMINISTIC_ORDER
2026-03-22 16:39:51 - DetectorRegistry - INFO - 开始检测Pipeline: D:\PipeSmell\dataset\example_01_data_leakage.py
2026-03-22 16:39:51 - DetectorRegistry - INFO - 使用 18 个检测器
2026-03-22 16:39:51 - DataLeakageDetector - INFO - 检测到数据泄露: fit_transform at line 20
2026-03-22 16:39:51 - DetectorRegistry - INFO - 检测完成，共找到 1 个Smell，耗时 7.05ms
2026-03-22 16:39:51 - DetectorRegistry - INFO - 开始检测Pipeline: D:\PipeSmell\dataset\example_02_missing_random_seed.py
2026-03-22 16:39:51 - DetectorRegistry - INFO - 使用 18 个检测器
2026-03-22 16:39:51 - MissingRandomSeedDetector - INFO - 检测到缺少随机种子: train_test_split at line 17
2026-03-22 16:39:51 - DetectorRegistry - INFO - 检测完成，共找到 1 个Smell，耗时 6.22ms
2026-03-22 16:39:51 - DetectorRegistry - INFO - 开始检测Pipeline: D:\PipeSmell\dataset\example_03_missing_validation.py
2026-03-22 16:39:51 - DetectorRegistry - INFO - 使用 18 个检测器
2026-03-22 16:39:51 - MissingValidationDetector - INFO - 检测到缺少验证集: at line 17
2026-03-22 16:39:51 - DetectorRegistry - INFO - 检测完成，共找到 1 个Smell，耗时 7.49ms
2026-03-22 16:39:51 - DetectorRegistry - INFO - 开始检测Pipeline: D:\PipeSmell\dataset\example_04_repeated_transform.py
2026-03-22 16:39:51 - DetectorRegistry - INFO - 使用 18 个检测器
2026-03-22 16:39:51 - RepeatedTransformDetector - INFO - 检测到重复转换(多缩放器): at line 24
2026-03-22 16:39:51 - DetectorRegistry - INFO - 检测完成，共找到 1 个Smell，耗时 5.98ms
2026-03-22 16:39:51 - DetectorRegistry - INFO - 开始检测Pipeline: D:\PipeSmell\dataset\example_05_missing_evaluation.py
2026-03-22 16:39:51 - DetectorRegistry - INFO - 使用 18 个检测器
2026-03-22 16:39:51 - MissingEvaluationDetector - INFO - 检测到缺少评估: at line 20
2026-03-22 16:39:51 - DetectorRegistry - INFO - 检测完成，共找到 1 个Smell，耗时 5.43ms
2026-03-22 16:39:51 - DetectorRegistry - INFO - 开始检测Pipeline: D:\PipeSmell\dataset\example_06_hardcoded_parameters.py
2026-03-22 16:39:51 - DetectorRegistry - INFO - 使用 18 个检测器
2026-03-22 16:39:51 - HardcodedParametersDetector - INFO - 检测到硬编码参数: 5 params at line 19
2026-03-22 16:39:51 - DetectorRegistry - INFO - 检测完成，共找到 1 个Smell，耗时 7.36ms
2026-03-22 16:39:51 - DetectorRegistry - INFO - 开始检测Pipeline: D:\PipeSmell\dataset\example_07_nondeterministic_order.py
2026-03-22 16:39:51 - DetectorRegistry - INFO - 使用 18 个检测器
2026-03-22 16:39:51 - NonDeterministicOrderDetector - INFO - 检测到非确定性顺序: 源码扫描 line 16
2026-03-22 16:39:51 - DetectorRegistry - INFO - 检测完成，共找到 1 个Smell，耗时 6.98ms
2026-03-22 16:39:51 - DetectorRegistry - INFO - 开始检测Pipeline: D:\PipeSmell\dataset\example_08_inefficient_aggregation.py
2026-03-22 16:39:51 - DetectorRegistry - INFO - 使用 18 个检测器
2026-03-22 16:39:51 - InefficientAggregationDetector - INFO - 检测到低效聚合: iterrows at line 17
2026-03-22 16:39:51 - DetectorRegistry - INFO - 检测完成，共找到 1 个Smell，耗时 5.25ms
2026-03-22 16:39:51 - DetectorRegistry - INFO - 开始检测Pipeline: D:\PipeSmell\dataset\example_09_missing_data_profiling.py
2026-03-22 16:39:51 - DetectorRegistry - INFO - 使用 18 个检测器
2026-03-22 16:39:51 - MissingDataProfilingDetector - INFO - 检测到缺少数据探索: at line 14
2026-03-22 16:39:51 - DetectorRegistry - INFO - 检测完成，共找到 1 个Smell，耗时 7.64ms
2026-03-22 16:39:51 - DetectorRegistry - INFO - 开始检测Pipeline: D:\PipeSmell\dataset\example_10_redundant_operation.py
2026-03-22 16:39:51 - DetectorRegistry - INFO - 使用 18 个检测器
2026-03-22 16:39:51 - RedundantOperationDetector - INFO - 检测到冗余操作: dropna+fillna at line 16
2026-03-22 16:39:51 - DetectorRegistry - INFO - 检测完成，共找到 1 个Smell，耗时 4.49ms
2026-03-22 16:39:51 - DetectorRegistry - INFO - 开始检测Pipeline: D:\PipeSmell\dataset\example_11_excessive_copy.py
2026-03-22 16:39:51 - DetectorRegistry - INFO - 使用 18 个检测器
2026-03-22 16:39:51 - ExcessiveCopyDetector - INFO - 检测到过度复制: at line 18
2026-03-22 16:39:51 - DetectorRegistry - INFO - 检测完成，共找到 1 个Smell，耗时 6.51ms
2026-03-22 16:39:51 - DetectorRegistry - INFO - 开始检测Pipeline: D:\PipeSmell\dataset\example_12_module_order_violation.py
2026-03-22 16:39:51 - DetectorRegistry - INFO - 使用 18 个检测器
2026-03-22 16:39:51 - ModuleOrderViolationDetector - INFO - 检测到模块顺序违反: at line 26
2026-03-22 16:39:51 - DetectorRegistry - INFO - 检测完成，共找到 1 个Smell，耗时 3.99ms
2026-03-22 16:39:51 - DetectorRegistry - INFO - 开始检测Pipeline: D:\PipeSmell\dataset\example_13_circular_dependency.py
2026-03-22 16:39:51 - DetectorRegistry - INFO - 使用 18 个检测器
2026-03-22 16:39:51 - CircularDependencyDetector - INFO - 检测到循环依赖: D:\PipeSmell\dataset\example_13_circular_dependency.py:12
2026-03-22 16:39:51 - DetectorRegistry - INFO - 检测完成，共找到 1 个Smell，耗时 10.87ms
2026-03-22 16:39:51 - DetectorRegistry - INFO - 开始检测Pipeline: D:\PipeSmell\dataset\example_14_improper_module_cohesion.py
2026-03-22 16:39:51 - DetectorRegistry - INFO - 使用 18 个检测器
2026-03-22 16:39:51 - ImproperModuleCohesionDetector - INFO - 检测到模块内聚不当: 7 types at line 1
2026-03-22 16:39:51 - DetectorRegistry - INFO - 检测完成，共找到 1 个Smell，耗时 6.42ms
2026-03-22 16:39:51 - DetectorRegistry - INFO - 开始检测Pipeline: D:\PipeSmell\dataset\example_15_pipeline_fragmentation.py
2026-03-22 16:39:51 - DetectorRegistry - INFO - 使用 18 个检测器
2026-03-22 16:39:51 - PipelineFragmentationDetector - INFO - 检测到Pipeline碎片化: 11 fragments at line 12
2026-03-22 16:39:51 - DetectorRegistry - INFO - 检测完成，共找到 1 个Smell，耗时 5.32ms
2026-03-22 16:39:51 - DetectorRegistry - INFO - 开始检测Pipeline: D:\PipeSmell\dataset\example_16_unnecessary_materialization.py
2026-03-22 16:39:51 - DetectorRegistry - INFO - 使用 18 个检测器
2026-03-22 16:39:51 - UnnecessaryMaterializationDetector - INFO - 检测到不必要物化: at line 20
2026-03-22 16:39:51 - DetectorRegistry - INFO - 检测完成，共找到 1 个Smell，耗时 8.98ms
2026-03-22 16:39:51 - DetectorRegistry - INFO - 开始检测Pipeline: D:\PipeSmell\dataset\example_17_large_dataframe_operation.py
2026-03-22 16:39:51 - DetectorRegistry - INFO - 使用 18 个检测器
2026-03-22 16:39:51 - LargeDataFrameOperationDetector - INFO - 检测到大DataFrame操作: at line 20
2026-03-22 16:39:51 - DetectorRegistry - INFO - 检测完成，共找到 1 个Smell，耗时 8.49ms
2026-03-22 16:39:51 - DetectorRegistry - INFO - 开始检测Pipeline: D:\PipeSmell\dataset\example_18_lack_version_control.py
2026-03-22 16:39:51 - DetectorRegistry - INFO - 使用 18 个检测器
2026-03-22 16:39:51 - LackOfVersionControlDetector - INFO - 检测到缺少版本控制: at line 1
2026-03-22 16:39:51 - DetectorRegistry - INFO - 检测完成，共找到 1 个Smell，耗时 5.26ms
2026-03-22 16:39:51 - DetectorRegistry - INFO - 开始检测Pipeline: D:\PipeSmell\dataset\example_19_clean_pipeline.py
2026-03-22 16:39:51 - DetectorRegistry - INFO - 使用 18 个检测器
2026-03-22 16:39:51 - DetectorRegistry - INFO - 检测完成，共找到 0 个Smell，耗时 3.35ms
2026-03-22 16:39:51 - DetectorRegistry - INFO - 开始检测Pipeline: D:\PipeSmell\dataset\example_20_multiple_smells.py
2026-03-22 16:39:51 - DetectorRegistry - INFO - 使用 18 个检测器
2026-03-22 16:39:51 - DataLeakageDetector - INFO - 检测到数据泄露: fit_transform at line 18
2026-03-22 16:39:51 - MissingEvaluationDetector - INFO - 检测到缺少评估: at line 31
2026-03-22 16:39:51 - MissingRandomSeedDetector - INFO - 检测到缺少随机种子: train_test_split at line 21
2026-03-22 16:39:51 - HardcodedParametersDetector - INFO - 检测到硬编码参数: 4 params at line 24
2026-03-22 16:39:51 - DetectorRegistry - INFO - 检测完成，共找到 4 个Smell，耗时 8.35ms
2026-03-22 16:39:53 - DataLeakageDetector - INFO - DataLeakageDetector初始化完成
2026-03-22 16:39:53 - DetectorRegistry - INFO - 已注册检测器: DATA_LEAKAGE
2026-03-22 16:39:53 - MissingEvaluationDetector - INFO - MissingEvaluationDetector初始化完成
2026-03-22 16:39:53 - DetectorRegistry - INFO - 已注册检测器: MISSING_EVALUATION
2026-03-22 16:39:53 - ModuleOrderViolationDetector - INFO - ModuleOrderViolationDetector初始化完成
2026-03-22 16:39:53 - DetectorRegistry - INFO - 已注册检测器: MODULE_ORDER_VIOLATION
2026-03-22 16:39:53 - RepeatedTransformDetector - INFO - RepeatedTransformDetector初始化完成
2026-03-22 16:39:53 - DetectorRegistry - INFO - 已注册检测器: REPEATED_TRANSFORM
2026-03-22 16:39:53 - ExcessiveCopyDetector - INFO - ExcessiveCopyDetector初始化完成
2026-03-22 16:39:53 - DetectorRegistry - INFO - 已注册检测器: EXCESSIVE_COPY
2026-03-22 16:39:53 - RedundantOperationDetector - INFO - RedundantOperationDetector初始化完成
2026-03-22 16:39:53 - DetectorRegistry - INFO - 已注册检测器: REDUNDANT_OPERATION
2026-03-22 16:39:53 - MissingRandomSeedDetector - INFO - MissingRandomSeedDetector初始化完成
2026-03-22 16:39:53 - DetectorRegistry - INFO - 已注册检测器: MISSING_RANDOM_SEED
2026-03-22 16:39:53 - MissingValidationDetector - INFO - MissingValidationDetector初始化完成
2026-03-22 16:39:53 - DetectorRegistry - INFO - 已注册检测器: MISSING_VALIDATION
2026-03-22 16:39:53 - MissingDataProfilingDetector - INFO - MissingDataProfilingDetector初始化完成
2026-03-22 16:39:53 - DetectorRegistry - INFO - 已注册检测器: MISSING_DATA_PROFILING
2026-03-22 16:39:53 - InefficientAggregationDetector - INFO - InefficientAggregationDetector初始化完成
2026-03-22 16:39:53 - DetectorRegistry - INFO - 已注册检测器: INEFFICIENT_AGGREGATION
2026-03-22 16:39:53 - UnnecessaryMaterializationDetector - INFO - UnnecessaryMaterializationDetector初始化完成
2026-03-22 16:39:53 - DetectorRegistry - INFO - 已注册检测器: UNNECESSARY_MATERIALIZATION
2026-03-22 16:39:53 - LargeDataFrameOperationDetector - INFO - LargeDataFrameOperationDetector初始化完成
2026-03-22 16:39:53 - DetectorRegistry - INFO - 已注册检测器: LARGE_DATA_FRAME_OPERATION
2026-03-22 16:39:53 - CircularDependencyDetector - INFO - CircularDependencyDetector初始化完成
2026-03-22 16:39:53 - DetectorRegistry - INFO - 已注册检测器: CIRCULAR_DEPENDENCY
2026-03-22 16:39:53 - ImproperModuleCohesionDetector - INFO - ImproperModuleCohesionDetector初始化完成
2026-03-22 16:39:53 - DetectorRegistry - INFO - 已注册检测器: IMPROPER_MODULE_COHESION
2026-03-22 16:39:53 - PipelineFragmentationDetector - INFO - PipelineFragmentationDetector初始化完成
2026-03-22 16:39:53 - DetectorRegistry - INFO - 已注册检测器: PIPELINE_FRAGMENTATION
2026-03-22 16:39:53 - HardcodedParametersDetector - INFO - HardcodedParametersDetector初始化完成
2026-03-22 16:39:53 - DetectorRegistry - INFO - 已注册检测器: HARDCODED_PARAMETERS
2026-03-22 16:39:53 - LackOfVersionControlDetector - INFO - LackOfVersionControlDetector初始化完成
2026-03-22 16:39:53 - DetectorRegistry - INFO - 已注册检测器: LACK_OF_VERSION_CONTROL
2026-03-22 16:39:53 - NonDeterministicOrderDetector - INFO - NonDeterministicOrderDetector初始化完成
2026-03-22 16:39:53 - DetectorRegistry - INFO - 已注册检测器: NON_DETERMINISTIC_ORDER
2026-03-22 16:39:53 - DetectorRegistry - INFO - 开始检测Pipeline: D:\PipeSmell\dataset\external\ext_01_data_leakage_style.py
2026-03-22 16:39:53 - DetectorRegistry - INFO - 使用 18 个检测器
2026-03-22 16:39:53 - DataLeakageDetector - INFO - 检测到数据泄露: fit_transform at line 14
2026-03-22 16:39:53 - DetectorRegistry - INFO - 检测完成，共找到 1 个Smell，耗时 5.22ms
2026-03-22 16:39:53 - DetectorRegistry - INFO - 开始检测Pipeline: D:\PipeSmell\dataset\external\ext_02_missing_random_seed_style.py
2026-03-22 16:39:53 - DetectorRegistry - INFO - 使用 18 个检测器
2026-03-22 16:39:53 - MissingRandomSeedDetector - INFO - 检测到缺少随机种子: train_test_split at line 12
2026-03-22 16:39:53 - DetectorRegistry - INFO - 检测完成，共找到 1 个Smell，耗时 4.20ms
2026-03-22 16:39:53 - DetectorRegistry - INFO - 开始检测Pipeline: D:\PipeSmell\dataset\external\ext_03_clean_style.py
2026-03-22 16:39:53 - DetectorRegistry - INFO - 使用 18 个检测器
2026-03-22 16:39:53 - DetectorRegistry - INFO - 检测完成，共找到 0 个Smell，耗时 3.63ms
2026-03-22 16:39:53 - DetectorRegistry - INFO - 开始检测Pipeline: D:\PipeSmell\dataset\external\ext_04_missing_validation_style.py
2026-03-22 16:39:53 - DetectorRegistry - INFO - 使用 18 个检测器
2026-03-22 16:39:53 - MissingValidationDetector - INFO - 检测到缺少验证集: at line 12
2026-03-22 16:39:53 - DetectorRegistry - INFO - 检测完成，共找到 1 个Smell，耗时 4.12ms
2026-03-22 16:39:53 - DetectorRegistry - INFO - 开始检测Pipeline: D:\PipeSmell\dataset\external\ext_05_inefficient_loop_style.py
2026-03-22 16:39:53 - DetectorRegistry - INFO - 使用 18 个检测器
2026-03-22 16:39:53 - InefficientAggregationDetector - INFO - 检测到低效聚合: iterrows at line 12
2026-03-22 16:39:53 - DetectorRegistry - INFO - 检测完成，共找到 1 个Smell，耗时 4.72ms
2026-03-22 16:39:53 - DetectorRegistry - INFO - 开始检测Pipeline: D:\PipeSmell\dataset\external\ext_06_repeated_scaler_style.py
2026-03-22 16:39:53 - DetectorRegistry - INFO - 使用 18 个检测器
2026-03-22 16:39:53 - RepeatedTransformDetector - INFO - 检测到重复转换(多缩放器): at line 17
2026-03-22 16:39:53 - DetectorRegistry - INFO - 检测完成，共找到 1 个Smell，耗时 7.79ms
2026-03-22 16:39:53 - DetectorRegistry - INFO - 开始检测Pipeline: D:\PipeSmell\dataset\external\ext_07_nondeterministic_style.py
2026-03-22 16:39:53 - DetectorRegistry - INFO - 使用 18 个检测器
2026-03-22 16:39:53 - NonDeterministicOrderDetector - INFO - 检测到非确定性顺序: 源码扫描 line 7
2026-03-22 16:39:53 - DetectorRegistry - INFO - 检测完成，共找到 1 个Smell，耗时 4.80ms
2026-03-22 16:39:53 - DetectorRegistry - INFO - 开始检测Pipeline: D:\PipeSmell\dataset\external\ext_08_module_order_style.py
2026-03-22 16:39:53 - DetectorRegistry - INFO - 使用 18 个检测器
2026-03-22 16:39:53 - ModuleOrderViolationDetector - INFO - 检测到模块顺序违反: at line 20
2026-03-22 16:39:53 - DetectorRegistry - INFO - 检测完成，共找到 1 个Smell，耗时 5.70ms
2026-03-22 16:39:53 - DetectorRegistry - INFO - 开始检测Pipeline: D:\PipeSmell\dataset\external\ext_09_intermediate_csv_style.py
2026-03-22 16:39:53 - DetectorRegistry - INFO - 使用 18 个检测器
2026-03-22 16:39:53 - UnnecessaryMaterializationDetector - INFO - 检测到不必要物化: at line 7
2026-03-22 16:39:53 - DetectorRegistry - INFO - 检测完成，共找到 1 个Smell，耗时 2.45ms
2026-03-22 16:39:56 - DataLeakageDetector - INFO - DataLeakageDetector初始化完成
2026-03-22 16:39:56 - DetectorRegistry - INFO - 已注册检测器: DATA_LEAKAGE
2026-03-22 16:39:56 - MissingEvaluationDetector - INFO - MissingEvaluationDetector初始化完成
2026-03-22 16:39:56 - DetectorRegistry - INFO - 已注册检测器: MISSING_EVALUATION
2026-03-22 16:39:56 - ModuleOrderViolationDetector - INFO - ModuleOrderViolationDetector初始化完成
2026-03-22 16:39:56 - DetectorRegistry - INFO - 已注册检测器: MODULE_ORDER_VIOLATION
2026-03-22 16:39:56 - RepeatedTransformDetector - INFO - RepeatedTransformDetector初始化完成
2026-03-22 16:39:56 - DetectorRegistry - INFO - 已注册检测器: REPEATED_TRANSFORM
2026-03-22 16:39:56 - ExcessiveCopyDetector - INFO - ExcessiveCopyDetector初始化完成
2026-03-22 16:39:56 - DetectorRegistry - INFO - 已注册检测器: EXCESSIVE_COPY
2026-03-22 16:39:56 - RedundantOperationDetector - INFO - RedundantOperationDetector初始化完成
2026-03-22 16:39:56 - DetectorRegistry - INFO - 已注册检测器: REDUNDANT_OPERATION
2026-03-22 16:39:56 - MissingRandomSeedDetector - INFO - MissingRandomSeedDetector初始化完成
2026-03-22 16:39:56 - DetectorRegistry - INFO - 已注册检测器: MISSING_RANDOM_SEED
2026-03-22 16:39:56 - MissingValidationDetector - INFO - MissingValidationDetector初始化完成
2026-03-22 16:39:56 - DetectorRegistry - INFO - 已注册检测器: MISSING_VALIDATION
2026-03-22 16:39:56 - MissingDataProfilingDetector - INFO - MissingDataProfilingDetector初始化完成
2026-03-22 16:39:56 - DetectorRegistry - INFO - 已注册检测器: MISSING_DATA_PROFILING
2026-03-22 16:39:56 - InefficientAggregationDetector - INFO - InefficientAggregationDetector初始化完成
2026-03-22 16:39:56 - DetectorRegistry - INFO - 已注册检测器: INEFFICIENT_AGGREGATION
2026-03-22 16:39:56 - UnnecessaryMaterializationDetector - INFO - UnnecessaryMaterializationDetector初始化完成
2026-03-22 16:39:56 - DetectorRegistry - INFO - 已注册检测器: UNNECESSARY_MATERIALIZATION
2026-03-22 16:39:56 - LargeDataFrameOperationDetector - INFO - LargeDataFrameOperationDetector初始化完成
2026-03-22 16:39:56 - DetectorRegistry - INFO - 已注册检测器: LARGE_DATA_FRAME_OPERATION
2026-03-22 16:39:56 - CircularDependencyDetector - INFO - CircularDependencyDetector初始化完成
2026-03-22 16:39:56 - DetectorRegistry - INFO - 已注册检测器: CIRCULAR_DEPENDENCY
2026-03-22 16:39:56 - ImproperModuleCohesionDetector - INFO - ImproperModuleCohesionDetector初始化完成
2026-03-22 16:39:56 - DetectorRegistry - INFO - 已注册检测器: IMPROPER_MODULE_COHESION
2026-03-22 16:39:56 - PipelineFragmentationDetector - INFO - PipelineFragmentationDetector初始化完成
2026-03-22 16:39:56 - DetectorRegistry - INFO - 已注册检测器: PIPELINE_FRAGMENTATION
2026-03-22 16:39:56 - HardcodedParametersDetector - INFO - HardcodedParametersDetector初始化完成
2026-03-22 16:39:56 - DetectorRegistry - INFO - 已注册检测器: HARDCODED_PARAMETERS
2026-03-22 16:39:56 - LackOfVersionControlDetector - INFO - LackOfVersionControlDetector初始化完成
2026-03-22 16:39:56 - DetectorRegistry - INFO - 已注册检测器: LACK_OF_VERSION_CONTROL
2026-03-22 16:39:56 - NonDeterministicOrderDetector - INFO - NonDeterministicOrderDetector初始化完成
2026-03-22 16:39:56 - DetectorRegistry - INFO - 已注册检测器: NON_DETERMINISTIC_ORDER
2026-03-22 16:39:56 - DetectorRegistry - INFO - 开始检测Pipeline: D:\PipeSmell\dataset\example_01_data_leakage.py
2026-03-22 16:39:56 - DetectorRegistry - INFO - 使用 18 个检测器
2026-03-22 16:39:56 - DataLeakageDetector - INFO - 检测到数据泄露: fit_transform at line 20
2026-03-22 16:39:56 - DetectorRegistry - INFO - 检测完成，共找到 1 个Smell，耗时 5.46ms
2026-03-22 16:39:56 - DetectorRegistry - INFO - 开始检测Pipeline: D:\PipeSmell\dataset\example_02_missing_random_seed.py
2026-03-22 16:39:56 - DetectorRegistry - INFO - 使用 18 个检测器
2026-03-22 16:39:56 - MissingRandomSeedDetector - INFO - 检测到缺少随机种子: train_test_split at line 17
2026-03-22 16:39:56 - DetectorRegistry - INFO - 检测完成，共找到 1 个Smell，耗时 6.30ms
2026-03-22 16:39:56 - DetectorRegistry - INFO - 开始检测Pipeline: D:\PipeSmell\dataset\example_03_missing_validation.py
2026-03-22 16:39:56 - DetectorRegistry - INFO - 使用 18 个检测器
2026-03-22 16:39:56 - MissingValidationDetector - INFO - 检测到缺少验证集: at line 17
2026-03-22 16:39:56 - DetectorRegistry - INFO - 检测完成，共找到 1 个Smell，耗时 2.28ms
2026-03-22 16:39:56 - DetectorRegistry - INFO - 开始检测Pipeline: D:\PipeSmell\dataset\example_04_repeated_transform.py
2026-03-22 16:39:56 - DetectorRegistry - INFO - 使用 18 个检测器
2026-03-22 16:39:56 - RepeatedTransformDetector - INFO - 检测到重复转换(多缩放器): at line 24
2026-03-22 16:39:56 - DetectorRegistry - INFO - 检测完成，共找到 1 个Smell，耗时 3.62ms
2026-03-22 16:39:56 - DetectorRegistry - INFO - 开始检测Pipeline: D:\PipeSmell\dataset\example_05_missing_evaluation.py
2026-03-22 16:39:56 - DetectorRegistry - INFO - 使用 18 个检测器
2026-03-22 16:39:56 - MissingEvaluationDetector - INFO - 检测到缺少评估: at line 20
2026-03-22 16:39:56 - DetectorRegistry - INFO - 检测完成，共找到 1 个Smell，耗时 4.51ms
2026-03-22 16:39:56 - DetectorRegistry - INFO - 开始检测Pipeline: D:\PipeSmell\dataset\example_06_hardcoded_parameters.py
2026-03-22 16:39:56 - DetectorRegistry - INFO - 使用 18 个检测器
2026-03-22 16:39:56 - HardcodedParametersDetector - INFO - 检测到硬编码参数: 5 params at line 19
2026-03-22 16:39:56 - DetectorRegistry - INFO - 检测完成，共找到 1 个Smell，耗时 7.21ms
2026-03-22 16:39:56 - DetectorRegistry - INFO - 开始检测Pipeline: D:\PipeSmell\dataset\example_07_nondeterministic_order.py
2026-03-22 16:39:56 - DetectorRegistry - INFO - 使用 18 个检测器
2026-03-22 16:39:56 - NonDeterministicOrderDetector - INFO - 检测到非确定性顺序: 源码扫描 line 16
2026-03-22 16:39:56 - DetectorRegistry - INFO - 检测完成，共找到 1 个Smell，耗时 3.46ms
2026-03-22 16:39:56 - DetectorRegistry - INFO - 开始检测Pipeline: D:\PipeSmell\dataset\example_08_inefficient_aggregation.py
2026-03-22 16:39:56 - DetectorRegistry - INFO - 使用 18 个检测器
2026-03-22 16:39:56 - InefficientAggregationDetector - INFO - 检测到低效聚合: iterrows at line 17
2026-03-22 16:39:56 - DetectorRegistry - INFO - 检测完成，共找到 1 个Smell，耗时 5.85ms
2026-03-22 16:39:56 - DetectorRegistry - INFO - 开始检测Pipeline: D:\PipeSmell\dataset\example_09_missing_data_profiling.py
2026-03-22 16:39:56 - DetectorRegistry - INFO - 使用 18 个检测器
2026-03-22 16:39:56 - MissingDataProfilingDetector - INFO - 检测到缺少数据探索: at line 14
2026-03-22 16:39:56 - DetectorRegistry - INFO - 检测完成，共找到 1 个Smell，耗时 4.78ms
2026-03-22 16:39:56 - DetectorRegistry - INFO - 开始检测Pipeline: D:\PipeSmell\dataset\example_10_redundant_operation.py
2026-03-22 16:39:56 - DetectorRegistry - INFO - 使用 18 个检测器
2026-03-22 16:39:56 - RedundantOperationDetector - INFO - 检测到冗余操作: dropna+fillna at line 16
2026-03-22 16:39:56 - DetectorRegistry - INFO - 检测完成，共找到 1 个Smell，耗时 2.04ms
2026-03-22 16:39:56 - DetectorRegistry - INFO - 开始检测Pipeline: D:\PipeSmell\dataset\example_11_excessive_copy.py
2026-03-22 16:39:56 - DetectorRegistry - INFO - 使用 18 个检测器
2026-03-22 16:39:56 - ExcessiveCopyDetector - INFO - 检测到过度复制: at line 18
2026-03-22 16:39:56 - DetectorRegistry - INFO - 检测完成，共找到 1 个Smell，耗时 5.43ms
2026-03-22 16:39:56 - DetectorRegistry - INFO - 开始检测Pipeline: D:\PipeSmell\dataset\example_12_module_order_violation.py
2026-03-22 16:39:56 - DetectorRegistry - INFO - 使用 18 个检测器
2026-03-22 16:39:56 - ModuleOrderViolationDetector - INFO - 检测到模块顺序违反: at line 26
2026-03-22 16:39:56 - DetectorRegistry - INFO - 检测完成，共找到 1 个Smell，耗时 3.30ms
2026-03-22 16:39:56 - DetectorRegistry - INFO - 开始检测Pipeline: D:\PipeSmell\dataset\example_13_circular_dependency.py
2026-03-22 16:39:56 - DetectorRegistry - INFO - 使用 18 个检测器
2026-03-22 16:39:56 - CircularDependencyDetector - INFO - 检测到循环依赖: D:\PipeSmell\dataset\example_13_circular_dependency.py:12
2026-03-22 16:39:56 - DetectorRegistry - INFO - 检测完成，共找到 1 个Smell，耗时 5.23ms
2026-03-22 16:39:56 - DetectorRegistry - INFO - 开始检测Pipeline: D:\PipeSmell\dataset\example_14_improper_module_cohesion.py
2026-03-22 16:39:56 - DetectorRegistry - INFO - 使用 18 个检测器
2026-03-22 16:39:56 - ImproperModuleCohesionDetector - INFO - 检测到模块内聚不当: 7 types at line 1
2026-03-22 16:39:56 - DetectorRegistry - INFO - 检测完成，共找到 1 个Smell，耗时 5.28ms
2026-03-22 16:39:56 - DetectorRegistry - INFO - 开始检测Pipeline: D:\PipeSmell\dataset\example_15_pipeline_fragmentation.py
2026-03-22 16:39:56 - DetectorRegistry - INFO - 使用 18 个检测器
2026-03-22 16:39:56 - PipelineFragmentationDetector - INFO - 检测到Pipeline碎片化: 11 fragments at line 12
2026-03-22 16:39:56 - DetectorRegistry - INFO - 检测完成，共找到 1 个Smell，耗时 4.50ms
2026-03-22 16:39:56 - DetectorRegistry - INFO - 开始检测Pipeline: D:\PipeSmell\dataset\example_16_unnecessary_materialization.py
2026-03-22 16:39:56 - DetectorRegistry - INFO - 使用 18 个检测器
2026-03-22 16:39:56 - UnnecessaryMaterializationDetector - INFO - 检测到不必要物化: at line 20
2026-03-22 16:39:56 - DetectorRegistry - INFO - 检测完成，共找到 1 个Smell，耗时 4.56ms
2026-03-22 16:39:56 - DetectorRegistry - INFO - 开始检测Pipeline: D:\PipeSmell\dataset\example_17_large_dataframe_operation.py
2026-03-22 16:39:56 - DetectorRegistry - INFO - 使用 18 个检测器
2026-03-22 16:39:56 - LargeDataFrameOperationDetector - INFO - 检测到大DataFrame操作: at line 20
2026-03-22 16:39:56 - DetectorRegistry - INFO - 检测完成，共找到 1 个Smell，耗时 8.23ms
2026-03-22 16:39:56 - DetectorRegistry - INFO - 开始检测Pipeline: D:\PipeSmell\dataset\example_18_lack_version_control.py
2026-03-22 16:39:56 - DetectorRegistry - INFO - 使用 18 个检测器
2026-03-22 16:39:56 - LackOfVersionControlDetector - INFO - 检测到缺少版本控制: at line 1
2026-03-22 16:39:56 - DetectorRegistry - INFO - 检测完成，共找到 1 个Smell，耗时 4.68ms
2026-03-22 16:39:56 - DetectorRegistry - INFO - 开始检测Pipeline: D:\PipeSmell\dataset\example_19_clean_pipeline.py
2026-03-22 16:39:56 - DetectorRegistry - INFO - 使用 18 个检测器
2026-03-22 16:39:56 - DetectorRegistry - INFO - 检测完成，共找到 0 个Smell，耗时 3.96ms
2026-03-22 16:39:56 - DetectorRegistry - INFO - 开始检测Pipeline: D:\PipeSmell\dataset\example_20_multiple_smells.py
2026-03-22 16:39:56 - DetectorRegistry - INFO - 使用 18 个检测器
2026-03-22 16:39:56 - DataLeakageDetector - INFO - 检测到数据泄露: fit_transform at line 18
2026-03-22 16:39:56 - MissingEvaluationDetector - INFO - 检测到缺少评估: at line 31
2026-03-22 16:39:56 - MissingRandomSeedDetector - INFO - 检测到缺少随机种子: train_test_split at line 21
2026-03-22 16:39:56 - HardcodedParametersDetector - INFO - 检测到硬编码参数: 4 params at line 24
2026-03-22 16:39:56 - DetectorRegistry - INFO - 检测完成，共找到 4 个Smell，耗时 3.57ms
2026-03-22 16:39:58 - DataLeakageDetector - INFO - DataLeakageDetector初始化完成
2026-03-22 16:39:58 - DetectorRegistry - INFO - 已注册检测器: DATA_LEAKAGE
2026-03-22 16:39:58 - MissingEvaluationDetector - INFO - MissingEvaluationDetector初始化完成
2026-03-22 16:39:58 - DetectorRegistry - INFO - 已注册检测器: MISSING_EVALUATION
2026-03-22 16:39:58 - ModuleOrderViolationDetector - INFO - ModuleOrderViolationDetector初始化完成
2026-03-22 16:39:58 - DetectorRegistry - INFO - 已注册检测器: MODULE_ORDER_VIOLATION
2026-03-22 16:39:58 - RepeatedTransformDetector - INFO - RepeatedTransformDetector初始化完成
2026-03-22 16:39:58 - DetectorRegistry - INFO - 已注册检测器: REPEATED_TRANSFORM
2026-03-22 16:39:58 - ExcessiveCopyDetector - INFO - ExcessiveCopyDetector初始化完成
2026-03-22 16:39:58 - DetectorRegistry - INFO - 已注册检测器: EXCESSIVE_COPY
2026-03-22 16:39:58 - RedundantOperationDetector - INFO - RedundantOperationDetector初始化完成
2026-03-22 16:39:58 - DetectorRegistry - INFO - 已注册检测器: REDUNDANT_OPERATION
2026-03-22 16:39:58 - MissingRandomSeedDetector - INFO - MissingRandomSeedDetector初始化完成
2026-03-22 16:39:58 - DetectorRegistry - INFO - 已注册检测器: MISSING_RANDOM_SEED
2026-03-22 16:39:58 - MissingValidationDetector - INFO - MissingValidationDetector初始化完成
2026-03-22 16:39:58 - DetectorRegistry - INFO - 已注册检测器: MISSING_VALIDATION
2026-03-22 16:39:58 - MissingDataProfilingDetector - INFO - MissingDataProfilingDetector初始化完成
2026-03-22 16:39:58 - DetectorRegistry - INFO - 已注册检测器: MISSING_DATA_PROFILING
2026-03-22 16:39:58 - InefficientAggregationDetector - INFO - InefficientAggregationDetector初始化完成
2026-03-22 16:39:58 - DetectorRegistry - INFO - 已注册检测器: INEFFICIENT_AGGREGATION
2026-03-22 16:39:58 - UnnecessaryMaterializationDetector - INFO - UnnecessaryMaterializationDetector初始化完成
2026-03-22 16:39:58 - DetectorRegistry - INFO - 已注册检测器: UNNECESSARY_MATERIALIZATION
2026-03-22 16:39:58 - LargeDataFrameOperationDetector - INFO - LargeDataFrameOperationDetector初始化完成
2026-03-22 16:39:58 - DetectorRegistry - INFO - 已注册检测器: LARGE_DATA_FRAME_OPERATION
2026-03-22 16:39:58 - CircularDependencyDetector - INFO - CircularDependencyDetector初始化完成
2026-03-22 16:39:58 - DetectorRegistry - INFO - 已注册检测器: CIRCULAR_DEPENDENCY
2026-03-22 16:39:58 - ImproperModuleCohesionDetector - INFO - ImproperModuleCohesionDetector初始化完成
2026-03-22 16:39:58 - DetectorRegistry - INFO - 已注册检测器: IMPROPER_MODULE_COHESION
2026-03-22 16:39:58 - PipelineFragmentationDetector - INFO - PipelineFragmentationDetector初始化完成
2026-03-22 16:39:58 - DetectorRegistry - INFO - 已注册检测器: PIPELINE_FRAGMENTATION
2026-03-22 16:39:58 - HardcodedParametersDetector - INFO - HardcodedParametersDetector初始化完成
2026-03-22 16:39:58 - DetectorRegistry - INFO - 已注册检测器: HARDCODED_PARAMETERS
2026-03-22 16:39:58 - LackOfVersionControlDetector - INFO - LackOfVersionControlDetector初始化完成
2026-03-22 16:39:58 - DetectorRegistry - INFO - 已注册检测器: LACK_OF_VERSION_CONTROL
2026-03-22 16:39:58 - NonDeterministicOrderDetector - INFO - NonDeterministicOrderDetector初始化完成
2026-03-22 16:39:58 - DetectorRegistry - INFO - 已注册检测器: NON_DETERMINISTIC_ORDER
2026-03-22 22:51:46 - DataLeakageDetector - INFO - DataLeakageDetector初始化完成
2026-03-22 22:51:46 - DetectorRegistry - INFO - 已注册检测器: DATA_LEAKAGE
2026-03-22 22:51:46 - MissingEvaluationDetector - INFO - MissingEvaluationDetector初始化完成
2026-03-22 22:51:46 - DetectorRegistry - INFO - 已注册检测器: MISSING_EVALUATION
2026-03-22 22:51:46 - ModuleOrderViolationDetector - INFO - ModuleOrderViolationDetector初始化完成
2026-03-22 22:51:46 - DetectorRegistry - INFO - 已注册检测器: MODULE_ORDER_VIOLATION
2026-03-22 22:51:46 - RepeatedTransformDetector - INFO - RepeatedTransformDetector初始化完成
2026-03-22 22:51:46 - DetectorRegistry - INFO - 已注册检测器: REPEATED_TRANSFORM
2026-03-22 22:51:46 - ExcessiveCopyDetector - INFO - ExcessiveCopyDetector初始化完成
2026-03-22 22:51:46 - DetectorRegistry - INFO - 已注册检测器: EXCESSIVE_COPY
2026-03-22 22:51:46 - RedundantOperationDetector - INFO - RedundantOperationDetector初始化完成
2026-03-22 22:51:46 - DetectorRegistry - INFO - 已注册检测器: REDUNDANT_OPERATION
2026-03-22 22:51:46 - MissingRandomSeedDetector - INFO - MissingRandomSeedDetector初始化完成
2026-03-22 22:51:46 - DetectorRegistry - INFO - 已注册检测器: MISSING_RANDOM_SEED
2026-03-22 22:51:46 - MissingValidationDetector - INFO - MissingValidationDetector初始化完成
2026-03-22 22:51:46 - DetectorRegistry - INFO - 已注册检测器: MISSING_VALIDATION
2026-03-22 22:51:46 - MissingDataProfilingDetector - INFO - MissingDataProfilingDetector初始化完成
2026-03-22 22:51:46 - DetectorRegistry - INFO - 已注册检测器: MISSING_DATA_PROFILING
2026-03-22 22:51:46 - InefficientAggregationDetector - INFO - InefficientAggregationDetector初始化完成
2026-03-22 22:51:46 - DetectorRegistry - INFO - 已注册检测器: INEFFICIENT_AGGREGATION
2026-03-22 22:51:46 - UnnecessaryMaterializationDetector - INFO - UnnecessaryMaterializationDetector初始化完成
2026-03-22 22:51:46 - DetectorRegistry - INFO - 已注册检测器: UNNECESSARY_MATERIALIZATION
2026-03-22 22:51:46 - LargeDataFrameOperationDetector - INFO - LargeDataFrameOperationDetector初始化完成
2026-03-22 22:51:46 - DetectorRegistry - INFO - 已注册检测器: LARGE_DATA_FRAME_OPERATION
2026-03-22 22:51:46 - CircularDependencyDetector - INFO - CircularDependencyDetector初始化完成
2026-03-22 22:51:46 - DetectorRegistry - INFO - 已注册检测器: CIRCULAR_DEPENDENCY
2026-03-22 22:51:46 - ImproperModuleCohesionDetector - INFO - ImproperModuleCohesionDetector初始化完成
2026-03-22 22:51:46 - DetectorRegistry - INFO - 已注册检测器: IMPROPER_MODULE_COHESION
2026-03-22 22:51:46 - PipelineFragmentationDetector - INFO - PipelineFragmentationDetector初始化完成
2026-03-22 22:51:46 - DetectorRegistry - INFO - 已注册检测器: PIPELINE_FRAGMENTATION
2026-03-22 22:51:46 - HardcodedParametersDetector - INFO - HardcodedParametersDetector初始化完成
2026-03-22 22:51:46 - DetectorRegistry - INFO - 已注册检测器: HARDCODED_PARAMETERS
2026-03-22 22:51:46 - LackOfVersionControlDetector - INFO - LackOfVersionControlDetector初始化完成
2026-03-22 22:51:46 - DetectorRegistry - INFO - 已注册检测器: LACK_OF_VERSION_CONTROL
2026-03-22 22:51:46 - NonDeterministicOrderDetector - INFO - NonDeterministicOrderDetector初始化完成
2026-03-22 22:51:46 - DetectorRegistry - INFO - 已注册检测器: NON_DETERMINISTIC_ORDER
2026-03-22 22:51:46 - DetectorRegistry - INFO - 开始检测Pipeline: D:\PipeSmell\dataset\example_21_data_leakage_b.py
2026-03-22 22:51:46 - DetectorRegistry - INFO - 使用 18 个检测器
2026-03-22 22:51:46 - DataLeakageDetector - INFO - 检测到数据泄露: fit_transform at line 20
2026-03-22 22:51:46 - DetectorRegistry - INFO - 检测完成，共找到 1 个Smell，耗时 3.68ms
2026-03-22 22:51:46 - DetectorRegistry - INFO - 开始检测Pipeline: D:\PipeSmell\dataset\example_22_missing_random_seed_b.py
2026-03-22 22:51:46 - DetectorRegistry - INFO - 使用 18 个检测器
2026-03-22 22:51:46 - MissingRandomSeedDetector - INFO - 检测到缺少随机种子: train_test_split at line 17
2026-03-22 22:51:46 - DetectorRegistry - INFO - 检测完成，共找到 1 个Smell，耗时 4.56ms
2026-03-22 22:51:46 - DetectorRegistry - INFO - 开始检测Pipeline: D:\PipeSmell\dataset\example_23_missing_validation_b.py
2026-03-22 22:51:46 - DetectorRegistry - INFO - 使用 18 个检测器
2026-03-22 22:51:46 - MissingValidationDetector - INFO - 检测到缺少验证集: at line 17
2026-03-22 22:51:46 - DetectorRegistry - INFO - 检测完成，共找到 1 个Smell，耗时 3.69ms
2026-03-22 22:51:46 - DetectorRegistry - INFO - 开始检测Pipeline: D:\PipeSmell\dataset\example_24_repeated_transform_b.py
2026-03-22 22:51:46 - DetectorRegistry - INFO - 使用 18 个检测器
2026-03-22 22:51:46 - RepeatedTransformDetector - INFO - 检测到重复转换(多缩放器): at line 24
2026-03-22 22:51:46 - DetectorRegistry - INFO - 检测完成，共找到 1 个Smell，耗时 3.99ms
2026-03-22 22:51:46 - DetectorRegistry - INFO - 开始检测Pipeline: D:\PipeSmell\dataset\example_25_missing_evaluation_b.py
2026-03-22 22:51:46 - DetectorRegistry - INFO - 使用 18 个检测器
2026-03-22 22:51:46 - MissingEvaluationDetector - INFO - 检测到缺少评估: at line 20
2026-03-22 22:51:46 - DetectorRegistry - INFO - 检测完成，共找到 1 个Smell，耗时 6.56ms
2026-03-22 22:51:46 - DetectorRegistry - INFO - 开始检测Pipeline: D:\PipeSmell\dataset\example_26_hardcoded_parameters_b.py
2026-03-22 22:51:46 - DetectorRegistry - INFO - 使用 18 个检测器
2026-03-22 22:51:46 - HardcodedParametersDetector - INFO - 检测到硬编码参数: 5 params at line 19
2026-03-22 22:51:46 - DetectorRegistry - INFO - 检测完成，共找到 1 个Smell，耗时 6.09ms
2026-03-22 22:51:46 - DetectorRegistry - INFO - 开始检测Pipeline: D:\PipeSmell\dataset\example_27_nondeterministic_order_b.py
2026-03-22 22:51:46 - DetectorRegistry - INFO - 使用 18 个检测器
2026-03-22 22:51:46 - NonDeterministicOrderDetector - INFO - 检测到非确定性顺序: 源码扫描 line 16
2026-03-22 22:51:46 - DetectorRegistry - INFO - 检测完成，共找到 1 个Smell，耗时 7.05ms
2026-03-22 22:51:46 - DetectorRegistry - INFO - 开始检测Pipeline: D:\PipeSmell\dataset\example_28_inefficient_aggregation_b.py
2026-03-22 22:51:46 - DetectorRegistry - INFO - 使用 18 个检测器
2026-03-22 22:51:46 - DetectorRegistry - INFO - 检测完成，共找到 0 个Smell，耗时 4.98ms
2026-03-22 22:51:46 - DetectorRegistry - INFO - 开始检测Pipeline: D:\PipeSmell\dataset\example_29_missing_data_profiling_b.py
2026-03-22 22:51:46 - DetectorRegistry - INFO - 使用 18 个检测器
2026-03-22 22:51:46 - MissingDataProfilingDetector - INFO - 检测到缺少数据探索: at line 14
2026-03-22 22:51:46 - DetectorRegistry - INFO - 检测完成，共找到 1 个Smell，耗时 6.98ms
2026-03-22 22:51:46 - DetectorRegistry - INFO - 开始检测Pipeline: D:\PipeSmell\dataset\example_30_redundant_operation_b.py
2026-03-22 22:51:46 - DetectorRegistry - INFO - 使用 18 个检测器
2026-03-22 22:51:46 - RedundantOperationDetector - INFO - 检测到冗余操作: dropna+fillna at line 16
2026-03-22 22:51:46 - DetectorRegistry - INFO - 检测完成，共找到 1 个Smell，耗时 3.99ms
2026-03-22 22:51:46 - DetectorRegistry - INFO - 开始检测Pipeline: D:\PipeSmell\dataset\example_31_excessive_copy_b.py
2026-03-22 22:51:46 - DetectorRegistry - INFO - 使用 18 个检测器
2026-03-22 22:51:46 - ExcessiveCopyDetector - INFO - 检测到过度复制: at line 18
2026-03-22 22:51:46 - DetectorRegistry - INFO - 检测完成，共找到 1 个Smell，耗时 3.99ms
2026-03-22 22:51:46 - DetectorRegistry - INFO - 开始检测Pipeline: D:\PipeSmell\dataset\example_32_module_order_violation_b.py
2026-03-22 22:51:46 - DetectorRegistry - INFO - 使用 18 个检测器
2026-03-22 22:51:46 - ModuleOrderViolationDetector - INFO - 检测到模块顺序违反: at line 24
2026-03-22 22:51:46 - DetectorRegistry - INFO - 检测完成，共找到 1 个Smell，耗时 6.46ms
2026-03-22 22:51:46 - DetectorRegistry - INFO - 开始检测Pipeline: D:\PipeSmell\dataset\example_33_circular_dependency_b.py
2026-03-22 22:51:46 - DetectorRegistry - INFO - 使用 18 个检测器
2026-03-22 22:51:46 - CircularDependencyDetector - INFO - 检测到循环依赖: D:\PipeSmell\dataset\example_33_circular_dependency_b.py:12
2026-03-22 22:51:46 - DetectorRegistry - INFO - 检测完成，共找到 1 个Smell，耗时 8.59ms
2026-03-22 22:51:46 - DetectorRegistry - INFO - 开始检测Pipeline: D:\PipeSmell\dataset\example_34_improper_module_cohesion_b.py
2026-03-22 22:51:46 - DetectorRegistry - INFO - 使用 18 个检测器
2026-03-22 22:51:46 - ImproperModuleCohesionDetector - INFO - 检测到模块内聚不当: 7 types at line 1
2026-03-22 22:51:46 - DetectorRegistry - INFO - 检测完成，共找到 1 个Smell，耗时 34.21ms
2026-03-22 22:51:46 - DetectorRegistry - INFO - 开始检测Pipeline: D:\PipeSmell\dataset\example_35_pipeline_fragmentation_b.py
2026-03-22 22:51:46 - DetectorRegistry - INFO - 使用 18 个检测器
2026-03-22 22:51:46 - PipelineFragmentationDetector - INFO - 检测到Pipeline碎片化: 12 fragments at line 12
2026-03-22 22:51:46 - DetectorRegistry - INFO - 检测完成，共找到 1 个Smell，耗时 5.33ms
2026-03-22 22:51:46 - DetectorRegistry - INFO - 开始检测Pipeline: D:\PipeSmell\dataset\example_36_unnecessary_materialization_b.py
2026-03-22 22:51:46 - DetectorRegistry - INFO - 使用 18 个检测器
2026-03-22 22:51:46 - UnnecessaryMaterializationDetector - INFO - 检测到不必要物化: at line 18
2026-03-22 22:51:46 - PipelineFragmentationDetector - INFO - 检测到Pipeline碎片化: 11 fragments at line 13
2026-03-22 22:51:46 - DetectorRegistry - INFO - 检测完成，共找到 2 个Smell，耗时 5.91ms
2026-03-22 22:51:46 - DetectorRegistry - INFO - 开始检测Pipeline: D:\PipeSmell\dataset\example_37_large_dataframe_operation_b.py
2026-03-22 22:51:46 - DetectorRegistry - INFO - 使用 18 个检测器
2026-03-22 22:51:46 - LargeDataFrameOperationDetector - INFO - 检测到大DataFrame操作: at line 17
2026-03-22 22:51:46 - DetectorRegistry - INFO - 检测完成，共找到 1 个Smell，耗时 4.40ms
2026-03-22 22:51:46 - DetectorRegistry - INFO - 开始检测Pipeline: D:\PipeSmell\dataset\example_38_lack_version_control_b.py
2026-03-22 22:51:46 - DetectorRegistry - INFO - 使用 18 个检测器
2026-03-22 22:51:46 - LackOfVersionControlDetector - INFO - 检测到缺少版本控制: at line 1
2026-03-22 22:51:46 - DetectorRegistry - INFO - 检测完成，共找到 1 个Smell，耗时 7.75ms
2026-03-22 22:51:46 - DetectorRegistry - INFO - 开始检测Pipeline: D:\PipeSmell\dataset\example_39_clean_pipeline_b.py
2026-03-22 22:51:46 - DetectorRegistry - INFO - 使用 18 个检测器
2026-03-22 22:51:46 - DetectorRegistry - INFO - 检测完成，共找到 0 个Smell，耗时 3.99ms
2026-03-22 22:52:07 - DataLeakageDetector - INFO - DataLeakageDetector初始化完成
2026-03-22 22:52:07 - DetectorRegistry - INFO - 已注册检测器: DATA_LEAKAGE
2026-03-22 22:52:07 - MissingEvaluationDetector - INFO - MissingEvaluationDetector初始化完成
2026-03-22 22:52:07 - DetectorRegistry - INFO - 已注册检测器: MISSING_EVALUATION
2026-03-22 22:52:07 - ModuleOrderViolationDetector - INFO - ModuleOrderViolationDetector初始化完成
2026-03-22 22:52:07 - DetectorRegistry - INFO - 已注册检测器: MODULE_ORDER_VIOLATION
2026-03-22 22:52:07 - RepeatedTransformDetector - INFO - RepeatedTransformDetector初始化完成
2026-03-22 22:52:07 - DetectorRegistry - INFO - 已注册检测器: REPEATED_TRANSFORM
2026-03-22 22:52:07 - ExcessiveCopyDetector - INFO - ExcessiveCopyDetector初始化完成
2026-03-22 22:52:07 - DetectorRegistry - INFO - 已注册检测器: EXCESSIVE_COPY
2026-03-22 22:52:07 - RedundantOperationDetector - INFO - RedundantOperationDetector初始化完成
2026-03-22 22:52:07 - DetectorRegistry - INFO - 已注册检测器: REDUNDANT_OPERATION
2026-03-22 22:52:07 - MissingRandomSeedDetector - INFO - MissingRandomSeedDetector初始化完成
2026-03-22 22:52:07 - DetectorRegistry - INFO - 已注册检测器: MISSING_RANDOM_SEED
2026-03-22 22:52:07 - MissingValidationDetector - INFO - MissingValidationDetector初始化完成
2026-03-22 22:52:07 - DetectorRegistry - INFO - 已注册检测器: MISSING_VALIDATION
2026-03-22 22:52:07 - MissingDataProfilingDetector - INFO - MissingDataProfilingDetector初始化完成
2026-03-22 22:52:07 - DetectorRegistry - INFO - 已注册检测器: MISSING_DATA_PROFILING
2026-03-22 22:52:07 - InefficientAggregationDetector - INFO - InefficientAggregationDetector初始化完成
2026-03-22 22:52:07 - DetectorRegistry - INFO - 已注册检测器: INEFFICIENT_AGGREGATION
2026-03-22 22:52:07 - UnnecessaryMaterializationDetector - INFO - UnnecessaryMaterializationDetector初始化完成
2026-03-22 22:52:07 - DetectorRegistry - INFO - 已注册检测器: UNNECESSARY_MATERIALIZATION
2026-03-22 22:52:07 - LargeDataFrameOperationDetector - INFO - LargeDataFrameOperationDetector初始化完成
2026-03-22 22:52:07 - DetectorRegistry - INFO - 已注册检测器: LARGE_DATA_FRAME_OPERATION
2026-03-22 22:52:07 - CircularDependencyDetector - INFO - CircularDependencyDetector初始化完成
2026-03-22 22:52:07 - DetectorRegistry - INFO - 已注册检测器: CIRCULAR_DEPENDENCY
2026-03-22 22:52:07 - ImproperModuleCohesionDetector - INFO - ImproperModuleCohesionDetector初始化完成
2026-03-22 22:52:07 - DetectorRegistry - INFO - 已注册检测器: IMPROPER_MODULE_COHESION
2026-03-22 22:52:07 - PipelineFragmentationDetector - INFO - PipelineFragmentationDetector初始化完成
2026-03-22 22:52:07 - DetectorRegistry - INFO - 已注册检测器: PIPELINE_FRAGMENTATION
2026-03-22 22:52:07 - HardcodedParametersDetector - INFO - HardcodedParametersDetector初始化完成
2026-03-22 22:52:07 - DetectorRegistry - INFO - 已注册检测器: HARDCODED_PARAMETERS
2026-03-22 22:52:07 - LackOfVersionControlDetector - INFO - LackOfVersionControlDetector初始化完成
2026-03-22 22:52:07 - DetectorRegistry - INFO - 已注册检测器: LACK_OF_VERSION_CONTROL
2026-03-22 22:52:07 - NonDeterministicOrderDetector - INFO - NonDeterministicOrderDetector初始化完成
2026-03-22 22:52:07 - DetectorRegistry - INFO - 已注册检测器: NON_DETERMINISTIC_ORDER
2026-03-22 22:52:07 - DetectorRegistry - INFO - 开始检测Pipeline: D:\PipeSmell\dataset\example_16_unnecessary_materialization.py
2026-03-22 22:52:07 - DetectorRegistry - INFO - 使用 18 个检测器
2026-03-22 22:52:07 - UnnecessaryMaterializationDetector - INFO - 检测到不必要物化: at line 20
2026-03-22 22:52:07 - DetectorRegistry - INFO - 检测完成，共找到 1 个Smell，耗时 3.09ms
2026-03-22 22:52:08 - DataLeakageDetector - INFO - DataLeakageDetector初始化完成
2026-03-22 22:52:08 - DetectorRegistry - INFO - 已注册检测器: DATA_LEAKAGE
2026-03-22 22:52:08 - MissingEvaluationDetector - INFO - MissingEvaluationDetector初始化完成
2026-03-22 22:52:08 - DetectorRegistry - INFO - 已注册检测器: MISSING_EVALUATION
2026-03-22 22:52:08 - ModuleOrderViolationDetector - INFO - ModuleOrderViolationDetector初始化完成
2026-03-22 22:52:08 - DetectorRegistry - INFO - 已注册检测器: MODULE_ORDER_VIOLATION
2026-03-22 22:52:08 - RepeatedTransformDetector - INFO - RepeatedTransformDetector初始化完成
2026-03-22 22:52:08 - DetectorRegistry - INFO - 已注册检测器: REPEATED_TRANSFORM
2026-03-22 22:52:08 - ExcessiveCopyDetector - INFO - ExcessiveCopyDetector初始化完成
2026-03-22 22:52:08 - DetectorRegistry - INFO - 已注册检测器: EXCESSIVE_COPY
2026-03-22 22:52:08 - RedundantOperationDetector - INFO - RedundantOperationDetector初始化完成
2026-03-22 22:52:08 - DetectorRegistry - INFO - 已注册检测器: REDUNDANT_OPERATION
2026-03-22 22:52:08 - MissingRandomSeedDetector - INFO - MissingRandomSeedDetector初始化完成
2026-03-22 22:52:08 - DetectorRegistry - INFO - 已注册检测器: MISSING_RANDOM_SEED
2026-03-22 22:52:08 - MissingValidationDetector - INFO - MissingValidationDetector初始化完成
2026-03-22 22:52:08 - DetectorRegistry - INFO - 已注册检测器: MISSING_VALIDATION
2026-03-22 22:52:08 - MissingDataProfilingDetector - INFO - MissingDataProfilingDetector初始化完成
2026-03-22 22:52:08 - DetectorRegistry - INFO - 已注册检测器: MISSING_DATA_PROFILING
2026-03-22 22:52:08 - InefficientAggregationDetector - INFO - InefficientAggregationDetector初始化完成
2026-03-22 22:52:08 - DetectorRegistry - INFO - 已注册检测器: INEFFICIENT_AGGREGATION
2026-03-22 22:52:08 - UnnecessaryMaterializationDetector - INFO - UnnecessaryMaterializationDetector初始化完成
2026-03-22 22:52:08 - DetectorRegistry - INFO - 已注册检测器: UNNECESSARY_MATERIALIZATION
2026-03-22 22:52:08 - LargeDataFrameOperationDetector - INFO - LargeDataFrameOperationDetector初始化完成
2026-03-22 22:52:08 - DetectorRegistry - INFO - 已注册检测器: LARGE_DATA_FRAME_OPERATION
2026-03-22 22:52:08 - CircularDependencyDetector - INFO - CircularDependencyDetector初始化完成
2026-03-22 22:52:08 - DetectorRegistry - INFO - 已注册检测器: CIRCULAR_DEPENDENCY
2026-03-22 22:52:08 - ImproperModuleCohesionDetector - INFO - ImproperModuleCohesionDetector初始化完成
2026-03-22 22:52:08 - DetectorRegistry - INFO - 已注册检测器: IMPROPER_MODULE_COHESION
2026-03-22 22:52:08 - PipelineFragmentationDetector - INFO - PipelineFragmentationDetector初始化完成
2026-03-22 22:52:08 - DetectorRegistry - INFO - 已注册检测器: PIPELINE_FRAGMENTATION
2026-03-22 22:52:08 - HardcodedParametersDetector - INFO - HardcodedParametersDetector初始化完成
2026-03-22 22:52:08 - DetectorRegistry - INFO - 已注册检测器: HARDCODED_PARAMETERS
2026-03-22 22:52:08 - LackOfVersionControlDetector - INFO - LackOfVersionControlDetector初始化完成
2026-03-22 22:52:08 - DetectorRegistry - INFO - 已注册检测器: LACK_OF_VERSION_CONTROL
2026-03-22 22:52:08 - NonDeterministicOrderDetector - INFO - NonDeterministicOrderDetector初始化完成
2026-03-22 22:52:08 - DetectorRegistry - INFO - 已注册检测器: NON_DETERMINISTIC_ORDER
2026-03-22 22:52:08 - DetectorRegistry - INFO - 开始检测Pipeline: D:\PipeSmell\dataset\example_40_multiple_smells_b.py
2026-03-22 22:52:08 - DetectorRegistry - INFO - 使用 18 个检测器
2026-03-22 22:52:08 - DataLeakageDetector - INFO - 检测到数据泄露: fit_transform at line 18
2026-03-22 22:52:08 - MissingEvaluationDetector - INFO - 检测到缺少评估: at line 31
2026-03-22 22:52:08 - MissingRandomSeedDetector - INFO - 检测到缺少随机种子: train_test_split at line 21
2026-03-22 22:52:08 - HardcodedParametersDetector - INFO - 检测到硬编码参数: 4 params at line 24
2026-03-22 22:52:08 - DetectorRegistry - INFO - 检测完成，共找到 4 个Smell，耗时 7.11ms
2026-03-22 22:52:44 - DataLeakageDetector - INFO - DataLeakageDetector初始化完成
2026-03-22 22:52:44 - DetectorRegistry - INFO - 已注册检测器: DATA_LEAKAGE
2026-03-22 22:52:44 - MissingEvaluationDetector - INFO - MissingEvaluationDetector初始化完成
2026-03-22 22:52:44 - DetectorRegistry - INFO - 已注册检测器: MISSING_EVALUATION
2026-03-22 22:52:44 - ModuleOrderViolationDetector - INFO - ModuleOrderViolationDetector初始化完成
2026-03-22 22:52:44 - DetectorRegistry - INFO - 已注册检测器: MODULE_ORDER_VIOLATION
2026-03-22 22:52:44 - RepeatedTransformDetector - INFO - RepeatedTransformDetector初始化完成
2026-03-22 22:52:44 - DetectorRegistry - INFO - 已注册检测器: REPEATED_TRANSFORM
2026-03-22 22:52:44 - ExcessiveCopyDetector - INFO - ExcessiveCopyDetector初始化完成
2026-03-22 22:52:44 - DetectorRegistry - INFO - 已注册检测器: EXCESSIVE_COPY
2026-03-22 22:52:44 - RedundantOperationDetector - INFO - RedundantOperationDetector初始化完成
2026-03-22 22:52:44 - DetectorRegistry - INFO - 已注册检测器: REDUNDANT_OPERATION
2026-03-22 22:52:44 - MissingRandomSeedDetector - INFO - MissingRandomSeedDetector初始化完成
2026-03-22 22:52:44 - DetectorRegistry - INFO - 已注册检测器: MISSING_RANDOM_SEED
2026-03-22 22:52:44 - MissingValidationDetector - INFO - MissingValidationDetector初始化完成
2026-03-22 22:52:44 - DetectorRegistry - INFO - 已注册检测器: MISSING_VALIDATION
2026-03-22 22:52:44 - MissingDataProfilingDetector - INFO - MissingDataProfilingDetector初始化完成
2026-03-22 22:52:44 - DetectorRegistry - INFO - 已注册检测器: MISSING_DATA_PROFILING
2026-03-22 22:52:44 - InefficientAggregationDetector - INFO - InefficientAggregationDetector初始化完成
2026-03-22 22:52:44 - DetectorRegistry - INFO - 已注册检测器: INEFFICIENT_AGGREGATION
2026-03-22 22:52:44 - UnnecessaryMaterializationDetector - INFO - UnnecessaryMaterializationDetector初始化完成
2026-03-22 22:52:44 - DetectorRegistry - INFO - 已注册检测器: UNNECESSARY_MATERIALIZATION
2026-03-22 22:52:44 - LargeDataFrameOperationDetector - INFO - LargeDataFrameOperationDetector初始化完成
2026-03-22 22:52:44 - DetectorRegistry - INFO - 已注册检测器: LARGE_DATA_FRAME_OPERATION
2026-03-22 22:52:44 - CircularDependencyDetector - INFO - CircularDependencyDetector初始化完成
2026-03-22 22:52:44 - DetectorRegistry - INFO - 已注册检测器: CIRCULAR_DEPENDENCY
2026-03-22 22:52:44 - ImproperModuleCohesionDetector - INFO - ImproperModuleCohesionDetector初始化完成
2026-03-22 22:52:44 - DetectorRegistry - INFO - 已注册检测器: IMPROPER_MODULE_COHESION
2026-03-22 22:52:44 - PipelineFragmentationDetector - INFO - PipelineFragmentationDetector初始化完成
2026-03-22 22:52:44 - DetectorRegistry - INFO - 已注册检测器: PIPELINE_FRAGMENTATION
2026-03-22 22:52:44 - HardcodedParametersDetector - INFO - HardcodedParametersDetector初始化完成
2026-03-22 22:52:44 - DetectorRegistry - INFO - 已注册检测器: HARDCODED_PARAMETERS
2026-03-22 22:52:44 - LackOfVersionControlDetector - INFO - LackOfVersionControlDetector初始化完成
2026-03-22 22:52:44 - DetectorRegistry - INFO - 已注册检测器: LACK_OF_VERSION_CONTROL
2026-03-22 22:52:44 - NonDeterministicOrderDetector - INFO - NonDeterministicOrderDetector初始化完成
2026-03-22 22:52:44 - DetectorRegistry - INFO - 已注册检测器: NON_DETERMINISTIC_ORDER
2026-03-22 22:52:44 - DetectorRegistry - INFO - 开始检测Pipeline: D:\PipeSmell\dataset\example_28_inefficient_aggregation_b.py
2026-03-22 22:52:44 - DetectorRegistry - INFO - 使用 18 个检测器
2026-03-22 22:52:44 - InefficientAggregationDetector - INFO - 检测到低效聚合: iterrows at line 17
2026-03-22 22:52:44 - DetectorRegistry - INFO - 检测完成，共找到 1 个Smell，耗时 3.11ms
2026-03-22 22:52:44 - DataLeakageDetector - INFO - DataLeakageDetector初始化完成
2026-03-22 22:52:44 - DetectorRegistry - INFO - 已注册检测器: DATA_LEAKAGE
2026-03-22 22:52:44 - MissingEvaluationDetector - INFO - MissingEvaluationDetector初始化完成
2026-03-22 22:52:44 - DetectorRegistry - INFO - 已注册检测器: MISSING_EVALUATION
2026-03-22 22:52:44 - ModuleOrderViolationDetector - INFO - ModuleOrderViolationDetector初始化完成
2026-03-22 22:52:44 - DetectorRegistry - INFO - 已注册检测器: MODULE_ORDER_VIOLATION
2026-03-22 22:52:44 - RepeatedTransformDetector - INFO - RepeatedTransformDetector初始化完成
2026-03-22 22:52:44 - DetectorRegistry - INFO - 已注册检测器: REPEATED_TRANSFORM
2026-03-22 22:52:44 - ExcessiveCopyDetector - INFO - ExcessiveCopyDetector初始化完成
2026-03-22 22:52:44 - DetectorRegistry - INFO - 已注册检测器: EXCESSIVE_COPY
2026-03-22 22:52:44 - RedundantOperationDetector - INFO - RedundantOperationDetector初始化完成
2026-03-22 22:52:44 - DetectorRegistry - INFO - 已注册检测器: REDUNDANT_OPERATION
2026-03-22 22:52:44 - MissingRandomSeedDetector - INFO - MissingRandomSeedDetector初始化完成
2026-03-22 22:52:44 - DetectorRegistry - INFO - 已注册检测器: MISSING_RANDOM_SEED
2026-03-22 22:52:44 - MissingValidationDetector - INFO - MissingValidationDetector初始化完成
2026-03-22 22:52:44 - DetectorRegistry - INFO - 已注册检测器: MISSING_VALIDATION
2026-03-22 22:52:44 - MissingDataProfilingDetector - INFO - MissingDataProfilingDetector初始化完成
2026-03-22 22:52:44 - DetectorRegistry - INFO - 已注册检测器: MISSING_DATA_PROFILING
2026-03-22 22:52:44 - InefficientAggregationDetector - INFO - InefficientAggregationDetector初始化完成
2026-03-22 22:52:44 - DetectorRegistry - INFO - 已注册检测器: INEFFICIENT_AGGREGATION
2026-03-22 22:52:44 - UnnecessaryMaterializationDetector - INFO - UnnecessaryMaterializationDetector初始化完成
2026-03-22 22:52:44 - DetectorRegistry - INFO - 已注册检测器: UNNECESSARY_MATERIALIZATION
2026-03-22 22:52:44 - LargeDataFrameOperationDetector - INFO - LargeDataFrameOperationDetector初始化完成
2026-03-22 22:52:44 - DetectorRegistry - INFO - 已注册检测器: LARGE_DATA_FRAME_OPERATION
2026-03-22 22:52:44 - CircularDependencyDetector - INFO - CircularDependencyDetector初始化完成
2026-03-22 22:52:44 - DetectorRegistry - INFO - 已注册检测器: CIRCULAR_DEPENDENCY
2026-03-22 22:52:44 - ImproperModuleCohesionDetector - INFO - ImproperModuleCohesionDetector初始化完成
2026-03-22 22:52:44 - DetectorRegistry - INFO - 已注册检测器: IMPROPER_MODULE_COHESION
2026-03-22 22:52:44 - PipelineFragmentationDetector - INFO - PipelineFragmentationDetector初始化完成
2026-03-22 22:52:44 - DetectorRegistry - INFO - 已注册检测器: PIPELINE_FRAGMENTATION
2026-03-22 22:52:44 - HardcodedParametersDetector - INFO - HardcodedParametersDetector初始化完成
2026-03-22 22:52:44 - DetectorRegistry - INFO - 已注册检测器: HARDCODED_PARAMETERS
2026-03-22 22:52:44 - LackOfVersionControlDetector - INFO - LackOfVersionControlDetector初始化完成
2026-03-22 22:52:44 - DetectorRegistry - INFO - 已注册检测器: LACK_OF_VERSION_CONTROL
2026-03-22 22:52:44 - NonDeterministicOrderDetector - INFO - NonDeterministicOrderDetector初始化完成
2026-03-22 22:52:44 - DetectorRegistry - INFO - 已注册检测器: NON_DETERMINISTIC_ORDER
2026-03-22 22:52:44 - DetectorRegistry - INFO - 开始检测Pipeline: D:\PipeSmell\dataset\example_36_unnecessary_materialization_b.py
2026-03-22 22:52:44 - DetectorRegistry - INFO - 使用 18 个检测器
2026-03-22 22:52:44 - UnnecessaryMaterializationDetector - INFO - 检测到不必要物化: at line 20
2026-03-22 22:52:44 - DetectorRegistry - INFO - 检测完成，共找到 1 个Smell，耗时 5.88ms
2026-03-22 22:55:40 - DataLeakageDetector - INFO - DataLeakageDetector初始化完成
2026-03-22 22:55:40 - DetectorRegistry - INFO - 已注册检测器: DATA_LEAKAGE
2026-03-22 22:55:40 - MissingEvaluationDetector - INFO - MissingEvaluationDetector初始化完成
2026-03-22 22:55:40 - DetectorRegistry - INFO - 已注册检测器: MISSING_EVALUATION
2026-03-22 22:55:40 - ModuleOrderViolationDetector - INFO - ModuleOrderViolationDetector初始化完成
2026-03-22 22:55:40 - DetectorRegistry - INFO - 已注册检测器: MODULE_ORDER_VIOLATION
2026-03-22 22:55:40 - RepeatedTransformDetector - INFO - RepeatedTransformDetector初始化完成
2026-03-22 22:55:40 - DetectorRegistry - INFO - 已注册检测器: REPEATED_TRANSFORM
2026-03-22 22:55:40 - ExcessiveCopyDetector - INFO - ExcessiveCopyDetector初始化完成
2026-03-22 22:55:40 - DetectorRegistry - INFO - 已注册检测器: EXCESSIVE_COPY
2026-03-22 22:55:40 - RedundantOperationDetector - INFO - RedundantOperationDetector初始化完成
2026-03-22 22:55:40 - DetectorRegistry - INFO - 已注册检测器: REDUNDANT_OPERATION
2026-03-22 22:55:40 - MissingRandomSeedDetector - INFO - MissingRandomSeedDetector初始化完成
2026-03-22 22:55:40 - DetectorRegistry - INFO - 已注册检测器: MISSING_RANDOM_SEED
2026-03-22 22:55:40 - MissingValidationDetector - INFO - MissingValidationDetector初始化完成
2026-03-22 22:55:40 - DetectorRegistry - INFO - 已注册检测器: MISSING_VALIDATION
2026-03-22 22:55:40 - MissingDataProfilingDetector - INFO - MissingDataProfilingDetector初始化完成
2026-03-22 22:55:40 - DetectorRegistry - INFO - 已注册检测器: MISSING_DATA_PROFILING
2026-03-22 22:55:40 - InefficientAggregationDetector - INFO - InefficientAggregationDetector初始化完成
2026-03-22 22:55:40 - DetectorRegistry - INFO - 已注册检测器: INEFFICIENT_AGGREGATION
2026-03-22 22:55:40 - UnnecessaryMaterializationDetector - INFO - UnnecessaryMaterializationDetector初始化完成
2026-03-22 22:55:40 - DetectorRegistry - INFO - 已注册检测器: UNNECESSARY_MATERIALIZATION
2026-03-22 22:55:40 - LargeDataFrameOperationDetector - INFO - LargeDataFrameOperationDetector初始化完成
2026-03-22 22:55:40 - DetectorRegistry - INFO - 已注册检测器: LARGE_DATA_FRAME_OPERATION
2026-03-22 22:55:40 - CircularDependencyDetector - INFO - CircularDependencyDetector初始化完成
2026-03-22 22:55:40 - DetectorRegistry - INFO - 已注册检测器: CIRCULAR_DEPENDENCY
2026-03-22 22:55:40 - ImproperModuleCohesionDetector - INFO - ImproperModuleCohesionDetector初始化完成
2026-03-22 22:55:40 - DetectorRegistry - INFO - 已注册检测器: IMPROPER_MODULE_COHESION
2026-03-22 22:55:40 - PipelineFragmentationDetector - INFO - PipelineFragmentationDetector初始化完成
2026-03-22 22:55:40 - DetectorRegistry - INFO - 已注册检测器: PIPELINE_FRAGMENTATION
2026-03-22 22:55:40 - HardcodedParametersDetector - INFO - HardcodedParametersDetector初始化完成
2026-03-22 22:55:40 - DetectorRegistry - INFO - 已注册检测器: HARDCODED_PARAMETERS
2026-03-22 22:55:40 - LackOfVersionControlDetector - INFO - LackOfVersionControlDetector初始化完成
2026-03-22 22:55:40 - DetectorRegistry - INFO - 已注册检测器: LACK_OF_VERSION_CONTROL
2026-03-22 22:55:40 - NonDeterministicOrderDetector - INFO - NonDeterministicOrderDetector初始化完成
2026-03-22 22:55:40 - DetectorRegistry - INFO - 已注册检测器: NON_DETERMINISTIC_ORDER
2026-03-22 22:55:40 - DetectorRegistry - INFO - 开始检测Pipeline: D:\PipeSmell\dataset\example_01_data_leakage.py
2026-03-22 22:55:40 - DetectorRegistry - INFO - 使用 18 个检测器
2026-03-22 22:55:40 - DataLeakageDetector - INFO - 检测到数据泄露: fit_transform at line 20
2026-03-22 22:55:40 - DetectorRegistry - INFO - 检测完成，共找到 1 个Smell，耗时 5.90ms
2026-03-22 22:55:40 - DetectorRegistry - INFO - 开始检测Pipeline: D:\PipeSmell\dataset\example_02_missing_random_seed.py
2026-03-22 22:55:40 - DetectorRegistry - INFO - 使用 18 个检测器
2026-03-22 22:55:40 - MissingRandomSeedDetector - INFO - 检测到缺少随机种子: train_test_split at line 17
2026-03-22 22:55:40 - DetectorRegistry - INFO - 检测完成，共找到 1 个Smell，耗时 3.99ms
2026-03-22 22:55:40 - DetectorRegistry - INFO - 开始检测Pipeline: D:\PipeSmell\dataset\example_03_missing_validation.py
2026-03-22 22:55:40 - DetectorRegistry - INFO - 使用 18 个检测器
2026-03-22 22:55:40 - MissingValidationDetector - INFO - 检测到缺少验证集: at line 17
2026-03-22 22:55:40 - DetectorRegistry - INFO - 检测完成，共找到 1 个Smell，耗时 3.37ms
2026-03-22 22:55:40 - DetectorRegistry - INFO - 开始检测Pipeline: D:\PipeSmell\dataset\example_04_repeated_transform.py
2026-03-22 22:55:40 - DetectorRegistry - INFO - 使用 18 个检测器
2026-03-22 22:55:40 - RepeatedTransformDetector - INFO - 检测到重复转换(多缩放器): at line 24
2026-03-22 22:55:40 - DetectorRegistry - INFO - 检测完成，共找到 1 个Smell，耗时 3.84ms
2026-03-22 22:55:40 - DetectorRegistry - INFO - 开始检测Pipeline: D:\PipeSmell\dataset\example_05_missing_evaluation.py
2026-03-22 22:55:40 - DetectorRegistry - INFO - 使用 18 个检测器
2026-03-22 22:55:40 - MissingEvaluationDetector - INFO - 检测到缺少评估: at line 20
2026-03-22 22:55:40 - DetectorRegistry - INFO - 检测完成，共找到 1 个Smell，耗时 2.11ms
2026-03-22 22:55:40 - DetectorRegistry - INFO - 开始检测Pipeline: D:\PipeSmell\dataset\example_06_hardcoded_parameters.py
2026-03-22 22:55:40 - DetectorRegistry - INFO - 使用 18 个检测器
2026-03-22 22:55:40 - HardcodedParametersDetector - INFO - 检测到硬编码参数: 5 params at line 19
2026-03-22 22:55:40 - DetectorRegistry - INFO - 检测完成，共找到 1 个Smell，耗时 4.22ms
2026-03-22 22:55:40 - DetectorRegistry - INFO - 开始检测Pipeline: D:\PipeSmell\dataset\example_07_nondeterministic_order.py
2026-03-22 22:55:40 - DetectorRegistry - INFO - 使用 18 个检测器
2026-03-22 22:55:40 - NonDeterministicOrderDetector - INFO - 检测到非确定性顺序: 源码扫描 line 16
2026-03-22 22:55:40 - DetectorRegistry - INFO - 检测完成，共找到 1 个Smell，耗时 2.54ms
2026-03-22 22:55:40 - DetectorRegistry - INFO - 开始检测Pipeline: D:\PipeSmell\dataset\example_08_inefficient_aggregation.py
2026-03-22 22:55:40 - DetectorRegistry - INFO - 使用 18 个检测器
2026-03-22 22:55:40 - InefficientAggregationDetector - INFO - 检测到低效聚合: iterrows at line 17
2026-03-22 22:55:40 - DetectorRegistry - INFO - 检测完成，共找到 1 个Smell，耗时 2.33ms
2026-03-22 22:55:40 - DetectorRegistry - INFO - 开始检测Pipeline: D:\PipeSmell\dataset\example_09_missing_data_profiling.py
2026-03-22 22:55:40 - DetectorRegistry - INFO - 使用 18 个检测器
2026-03-22 22:55:40 - MissingDataProfilingDetector - INFO - 检测到缺少数据探索: at line 14
2026-03-22 22:55:40 - DetectorRegistry - INFO - 检测完成，共找到 1 个Smell，耗时 5.17ms
2026-03-22 22:55:40 - DetectorRegistry - INFO - 开始检测Pipeline: D:\PipeSmell\dataset\example_10_redundant_operation.py
2026-03-22 22:55:40 - DetectorRegistry - INFO - 使用 18 个检测器
2026-03-22 22:55:40 - RedundantOperationDetector - INFO - 检测到冗余操作: dropna+fillna at line 16
2026-03-22 22:55:40 - DetectorRegistry - INFO - 检测完成，共找到 1 个Smell，耗时 3.57ms
2026-03-22 22:55:40 - DetectorRegistry - INFO - 开始检测Pipeline: D:\PipeSmell\dataset\example_11_excessive_copy.py
2026-03-22 22:55:40 - DetectorRegistry - INFO - 使用 18 个检测器
2026-03-22 22:55:40 - ExcessiveCopyDetector - INFO - 检测到过度复制: at line 18
2026-03-22 22:55:40 - DetectorRegistry - INFO - 检测完成，共找到 1 个Smell，耗时 3.52ms
2026-03-22 22:55:40 - DetectorRegistry - INFO - 开始检测Pipeline: D:\PipeSmell\dataset\example_12_module_order_violation.py
2026-03-22 22:55:40 - DetectorRegistry - INFO - 使用 18 个检测器
2026-03-22 22:55:40 - ModuleOrderViolationDetector - INFO - 检测到模块顺序违反: at line 26
2026-03-22 22:55:40 - DetectorRegistry - INFO - 检测完成，共找到 1 个Smell，耗时 3.57ms
2026-03-22 22:55:40 - DetectorRegistry - INFO - 开始检测Pipeline: D:\PipeSmell\dataset\example_13_circular_dependency.py
2026-03-22 22:55:40 - DetectorRegistry - INFO - 使用 18 个检测器
2026-03-22 22:55:40 - CircularDependencyDetector - INFO - 检测到循环依赖: D:\PipeSmell\dataset\example_13_circular_dependency.py:12
2026-03-22 22:55:40 - DetectorRegistry - INFO - 检测完成，共找到 1 个Smell，耗时 4.36ms
2026-03-22 22:55:40 - DetectorRegistry - INFO - 开始检测Pipeline: D:\PipeSmell\dataset\example_14_improper_module_cohesion.py
2026-03-22 22:55:40 - DetectorRegistry - INFO - 使用 18 个检测器
2026-03-22 22:55:40 - ImproperModuleCohesionDetector - INFO - 检测到模块内聚不当: 7 types at line 1
2026-03-22 22:55:40 - DetectorRegistry - INFO - 检测完成，共找到 1 个Smell，耗时 6.12ms
2026-03-22 22:55:40 - DetectorRegistry - INFO - 开始检测Pipeline: D:\PipeSmell\dataset\example_15_pipeline_fragmentation.py
2026-03-22 22:55:40 - DetectorRegistry - INFO - 使用 18 个检测器
2026-03-22 22:55:40 - PipelineFragmentationDetector - INFO - 检测到Pipeline碎片化: 11 fragments at line 12
2026-03-22 22:55:40 - DetectorRegistry - INFO - 检测完成，共找到 1 个Smell，耗时 3.37ms
2026-03-22 22:55:40 - DetectorRegistry - INFO - 开始检测Pipeline: D:\PipeSmell\dataset\example_16_unnecessary_materialization.py
2026-03-22 22:55:40 - DetectorRegistry - INFO - 使用 18 个检测器
2026-03-22 22:55:40 - UnnecessaryMaterializationDetector - INFO - 检测到不必要物化: at line 20
2026-03-22 22:55:40 - DetectorRegistry - INFO - 检测完成，共找到 1 个Smell，耗时 3.92ms
2026-03-22 22:55:40 - DetectorRegistry - INFO - 开始检测Pipeline: D:\PipeSmell\dataset\example_17_large_dataframe_operation.py
2026-03-22 22:55:40 - DetectorRegistry - INFO - 使用 18 个检测器
2026-03-22 22:55:40 - LargeDataFrameOperationDetector - INFO - 检测到大DataFrame操作: at line 20
2026-03-22 22:55:40 - DetectorRegistry - INFO - 检测完成，共找到 1 个Smell，耗时 4.47ms
2026-03-22 22:55:40 - DetectorRegistry - INFO - 开始检测Pipeline: D:\PipeSmell\dataset\example_18_lack_version_control.py
2026-03-22 22:55:40 - DetectorRegistry - INFO - 使用 18 个检测器
2026-03-22 22:55:40 - LackOfVersionControlDetector - INFO - 检测到缺少版本控制: at line 1
2026-03-22 22:55:40 - DetectorRegistry - INFO - 检测完成，共找到 1 个Smell，耗时 8.79ms
2026-03-22 22:55:40 - DetectorRegistry - INFO - 开始检测Pipeline: D:\PipeSmell\dataset\example_19_clean_pipeline.py
2026-03-22 22:55:40 - DetectorRegistry - INFO - 使用 18 个检测器
2026-03-22 22:55:40 - DetectorRegistry - INFO - 检测完成，共找到 0 个Smell，耗时 4.99ms
2026-03-22 22:55:40 - DetectorRegistry - INFO - 开始检测Pipeline: D:\PipeSmell\dataset\example_20_multiple_smells.py
2026-03-22 22:55:40 - DetectorRegistry - INFO - 使用 18 个检测器
2026-03-22 22:55:40 - DataLeakageDetector - INFO - 检测到数据泄露: fit_transform at line 18
2026-03-22 22:55:40 - MissingEvaluationDetector - INFO - 检测到缺少评估: at line 31
2026-03-22 22:55:40 - MissingRandomSeedDetector - INFO - 检测到缺少随机种子: train_test_split at line 21
2026-03-22 22:55:40 - HardcodedParametersDetector - INFO - 检测到硬编码参数: 4 params at line 24
2026-03-22 22:55:40 - DetectorRegistry - INFO - 检测完成，共找到 4 个Smell，耗时 9.38ms
2026-03-22 22:55:40 - DetectorRegistry - INFO - 开始检测Pipeline: D:\PipeSmell\dataset\example_21_data_leakage_b.py
2026-03-22 22:55:40 - DetectorRegistry - INFO - 使用 18 个检测器
2026-03-22 22:55:40 - DataLeakageDetector - INFO - 检测到数据泄露: fit_transform at line 20
2026-03-22 22:55:40 - DetectorRegistry - INFO - 检测完成，共找到 1 个Smell，耗时 5.49ms
2026-03-22 22:55:40 - DetectorRegistry - INFO - 开始检测Pipeline: D:\PipeSmell\dataset\example_22_missing_random_seed_b.py
2026-03-22 22:55:40 - DetectorRegistry - INFO - 使用 18 个检测器
2026-03-22 22:55:40 - MissingRandomSeedDetector - INFO - 检测到缺少随机种子: train_test_split at line 17
2026-03-22 22:55:40 - DetectorRegistry - INFO - 检测完成，共找到 1 个Smell，耗时 4.95ms
2026-03-22 22:55:40 - DetectorRegistry - INFO - 开始检测Pipeline: D:\PipeSmell\dataset\example_23_missing_validation_b.py
2026-03-22 22:55:40 - DetectorRegistry - INFO - 使用 18 个检测器
2026-03-22 22:55:40 - MissingValidationDetector - INFO - 检测到缺少验证集: at line 17
2026-03-22 22:55:40 - DetectorRegistry - INFO - 检测完成，共找到 1 个Smell，耗时 4.47ms
2026-03-22 22:55:40 - DetectorRegistry - INFO - 开始检测Pipeline: D:\PipeSmell\dataset\example_24_repeated_transform_b.py
2026-03-22 22:55:40 - DetectorRegistry - INFO - 使用 18 个检测器
2026-03-22 22:55:40 - RepeatedTransformDetector - INFO - 检测到重复转换(多缩放器): at line 24
2026-03-22 22:55:40 - DetectorRegistry - INFO - 检测完成，共找到 1 个Smell，耗时 4.95ms
2026-03-22 22:55:40 - DetectorRegistry - INFO - 开始检测Pipeline: D:\PipeSmell\dataset\example_25_missing_evaluation_b.py
2026-03-22 22:55:40 - DetectorRegistry - INFO - 使用 18 个检测器
2026-03-22 22:55:40 - MissingEvaluationDetector - INFO - 检测到缺少评估: at line 20
2026-03-22 22:55:40 - DetectorRegistry - INFO - 检测完成，共找到 1 个Smell，耗时 4.50ms
2026-03-22 22:55:40 - DetectorRegistry - INFO - 开始检测Pipeline: D:\PipeSmell\dataset\example_26_hardcoded_parameters_b.py
2026-03-22 22:55:40 - DetectorRegistry - INFO - 使用 18 个检测器
2026-03-22 22:55:40 - HardcodedParametersDetector - INFO - 检测到硬编码参数: 5 params at line 19
2026-03-22 22:55:40 - DetectorRegistry - INFO - 检测完成，共找到 1 个Smell，耗时 3.99ms
2026-03-22 22:55:40 - DetectorRegistry - INFO - 开始检测Pipeline: D:\PipeSmell\dataset\example_27_nondeterministic_order_b.py
2026-03-22 22:55:40 - DetectorRegistry - INFO - 使用 18 个检测器
2026-03-22 22:55:40 - NonDeterministicOrderDetector - INFO - 检测到非确定性顺序: 源码扫描 line 16
2026-03-22 22:55:40 - DetectorRegistry - INFO - 检测完成，共找到 1 个Smell，耗时 3.32ms
2026-03-22 22:55:40 - DetectorRegistry - INFO - 开始检测Pipeline: D:\PipeSmell\dataset\example_28_inefficient_aggregation_b.py
2026-03-22 22:55:40 - DetectorRegistry - INFO - 使用 18 个检测器
2026-03-22 22:55:40 - InefficientAggregationDetector - INFO - 检测到低效聚合: iterrows at line 17
2026-03-22 22:55:40 - DetectorRegistry - INFO - 检测完成，共找到 1 个Smell，耗时 6.09ms
2026-03-22 22:55:40 - DetectorRegistry - INFO - 开始检测Pipeline: D:\PipeSmell\dataset\example_29_missing_data_profiling_b.py
2026-03-22 22:55:40 - DetectorRegistry - INFO - 使用 18 个检测器
2026-03-22 22:55:40 - MissingDataProfilingDetector - INFO - 检测到缺少数据探索: at line 14
2026-03-22 22:55:40 - DetectorRegistry - INFO - 检测完成，共找到 1 个Smell，耗时 4.82ms
2026-03-22 22:55:40 - DetectorRegistry - INFO - 开始检测Pipeline: D:\PipeSmell\dataset\example_30_redundant_operation_b.py
2026-03-22 22:55:40 - DetectorRegistry - INFO - 使用 18 个检测器
2026-03-22 22:55:40 - RedundantOperationDetector - INFO - 检测到冗余操作: dropna+fillna at line 16
2026-03-22 22:55:40 - DetectorRegistry - INFO - 检测完成，共找到 1 个Smell，耗时 6.91ms
2026-03-22 22:55:40 - DetectorRegistry - INFO - 开始检测Pipeline: D:\PipeSmell\dataset\example_31_excessive_copy_b.py
2026-03-22 22:55:40 - DetectorRegistry - INFO - 使用 18 个检测器
2026-03-22 22:55:40 - ExcessiveCopyDetector - INFO - 检测到过度复制: at line 18
2026-03-22 22:55:40 - DetectorRegistry - INFO - 检测完成，共找到 1 个Smell，耗时 4.61ms
2026-03-22 22:55:40 - DetectorRegistry - INFO - 开始检测Pipeline: D:\PipeSmell\dataset\example_32_module_order_violation_b.py
2026-03-22 22:55:40 - DetectorRegistry - INFO - 使用 18 个检测器
2026-03-22 22:55:40 - ModuleOrderViolationDetector - INFO - 检测到模块顺序违反: at line 24
2026-03-22 22:55:40 - DetectorRegistry - INFO - 检测完成，共找到 1 个Smell，耗时 3.54ms
2026-03-22 22:55:40 - DetectorRegistry - INFO - 开始检测Pipeline: D:\PipeSmell\dataset\example_33_circular_dependency_b.py
2026-03-22 22:55:40 - DetectorRegistry - INFO - 使用 18 个检测器
2026-03-22 22:55:40 - CircularDependencyDetector - INFO - 检测到循环依赖: D:\PipeSmell\dataset\example_33_circular_dependency_b.py:12
2026-03-22 22:55:40 - DetectorRegistry - INFO - 检测完成，共找到 1 个Smell，耗时 3.47ms
2026-03-22 22:55:40 - DetectorRegistry - INFO - 开始检测Pipeline: D:\PipeSmell\dataset\example_34_improper_module_cohesion_b.py
2026-03-22 22:55:40 - DetectorRegistry - INFO - 使用 18 个检测器
2026-03-22 22:55:40 - ImproperModuleCohesionDetector - INFO - 检测到模块内聚不当: 7 types at line 1
2026-03-22 22:55:40 - DetectorRegistry - INFO - 检测完成，共找到 1 个Smell，耗时 4.76ms
2026-03-22 22:55:40 - DetectorRegistry - INFO - 开始检测Pipeline: D:\PipeSmell\dataset\example_35_pipeline_fragmentation_b.py
2026-03-22 22:55:40 - DetectorRegistry - INFO - 使用 18 个检测器
2026-03-22 22:55:40 - PipelineFragmentationDetector - INFO - 检测到Pipeline碎片化: 12 fragments at line 12
2026-03-22 22:55:40 - DetectorRegistry - INFO - 检测完成，共找到 1 个Smell，耗时 5.50ms
2026-03-22 22:55:40 - DetectorRegistry - INFO - 开始检测Pipeline: D:\PipeSmell\dataset\example_36_unnecessary_materialization_b.py
2026-03-22 22:55:40 - DetectorRegistry - INFO - 使用 18 个检测器
2026-03-22 22:55:40 - UnnecessaryMaterializationDetector - INFO - 检测到不必要物化: at line 20
2026-03-22 22:55:40 - DetectorRegistry - INFO - 检测完成，共找到 1 个Smell，耗时 3.76ms
2026-03-22 22:55:40 - DetectorRegistry - INFO - 开始检测Pipeline: D:\PipeSmell\dataset\example_37_large_dataframe_operation_b.py
2026-03-22 22:55:40 - DetectorRegistry - INFO - 使用 18 个检测器
2026-03-22 22:55:40 - LargeDataFrameOperationDetector - INFO - 检测到大DataFrame操作: at line 17
2026-03-22 22:55:40 - DetectorRegistry - INFO - 检测完成，共找到 1 个Smell，耗时 4.08ms
2026-03-22 22:55:40 - DetectorRegistry - INFO - 开始检测Pipeline: D:\PipeSmell\dataset\example_38_lack_version_control_b.py
2026-03-22 22:55:40 - DetectorRegistry - INFO - 使用 18 个检测器
2026-03-22 22:55:40 - LackOfVersionControlDetector - INFO - 检测到缺少版本控制: at line 1
2026-03-22 22:55:40 - DetectorRegistry - INFO - 检测完成，共找到 1 个Smell，耗时 5.56ms
2026-03-22 22:55:40 - DetectorRegistry - INFO - 开始检测Pipeline: D:\PipeSmell\dataset\example_39_clean_pipeline_b.py
2026-03-22 22:55:40 - DetectorRegistry - INFO - 使用 18 个检测器
2026-03-22 22:55:40 - DetectorRegistry - INFO - 检测完成，共找到 0 个Smell，耗时 3.93ms
2026-03-22 22:55:40 - DetectorRegistry - INFO - 开始检测Pipeline: D:\PipeSmell\dataset\example_40_multiple_smells_b.py
2026-03-22 22:55:40 - DetectorRegistry - INFO - 使用 18 个检测器
2026-03-22 22:55:40 - DataLeakageDetector - INFO - 检测到数据泄露: fit_transform at line 18
2026-03-22 22:55:40 - MissingEvaluationDetector - INFO - 检测到缺少评估: at line 31
2026-03-22 22:55:40 - MissingRandomSeedDetector - INFO - 检测到缺少随机种子: train_test_split at line 21
2026-03-22 22:55:40 - HardcodedParametersDetector - INFO - 检测到硬编码参数: 4 params at line 24
2026-03-22 22:55:40 - DetectorRegistry - INFO - 检测完成，共找到 4 个Smell，耗时 3.08ms
2026-03-22 23:05:13 - DataLeakageDetector - INFO - DataLeakageDetector初始化完成
2026-03-22 23:05:13 - DetectorRegistry - INFO - 已注册检测器: DATA_LEAKAGE
2026-03-22 23:05:13 - MissingEvaluationDetector - INFO - MissingEvaluationDetector初始化完成
2026-03-22 23:05:13 - DetectorRegistry - INFO - 已注册检测器: MISSING_EVALUATION
2026-03-22 23:05:13 - ModuleOrderViolationDetector - INFO - ModuleOrderViolationDetector初始化完成
2026-03-22 23:05:13 - DetectorRegistry - INFO - 已注册检测器: MODULE_ORDER_VIOLATION
2026-03-22 23:05:13 - RepeatedTransformDetector - INFO - RepeatedTransformDetector初始化完成
2026-03-22 23:05:13 - DetectorRegistry - INFO - 已注册检测器: REPEATED_TRANSFORM
2026-03-22 23:05:13 - ExcessiveCopyDetector - INFO - ExcessiveCopyDetector初始化完成
2026-03-22 23:05:13 - DetectorRegistry - INFO - 已注册检测器: EXCESSIVE_COPY
2026-03-22 23:05:13 - RedundantOperationDetector - INFO - RedundantOperationDetector初始化完成
2026-03-22 23:05:13 - DetectorRegistry - INFO - 已注册检测器: REDUNDANT_OPERATION
2026-03-22 23:05:13 - MissingRandomSeedDetector - INFO - MissingRandomSeedDetector初始化完成
2026-03-22 23:05:13 - DetectorRegistry - INFO - 已注册检测器: MISSING_RANDOM_SEED
2026-03-22 23:05:13 - MissingValidationDetector - INFO - MissingValidationDetector初始化完成
2026-03-22 23:05:13 - DetectorRegistry - INFO - 已注册检测器: MISSING_VALIDATION
2026-03-22 23:05:13 - MissingDataProfilingDetector - INFO - MissingDataProfilingDetector初始化完成
2026-03-22 23:05:13 - DetectorRegistry - INFO - 已注册检测器: MISSING_DATA_PROFILING
2026-03-22 23:05:13 - InefficientAggregationDetector - INFO - InefficientAggregationDetector初始化完成
2026-03-22 23:05:13 - DetectorRegistry - INFO - 已注册检测器: INEFFICIENT_AGGREGATION
2026-03-22 23:05:13 - UnnecessaryMaterializationDetector - INFO - UnnecessaryMaterializationDetector初始化完成
2026-03-22 23:05:13 - DetectorRegistry - INFO - 已注册检测器: UNNECESSARY_MATERIALIZATION
2026-03-22 23:05:13 - LargeDataFrameOperationDetector - INFO - LargeDataFrameOperationDetector初始化完成
2026-03-22 23:05:13 - DetectorRegistry - INFO - 已注册检测器: LARGE_DATA_FRAME_OPERATION
2026-03-22 23:05:13 - CircularDependencyDetector - INFO - CircularDependencyDetector初始化完成
2026-03-22 23:05:13 - DetectorRegistry - INFO - 已注册检测器: CIRCULAR_DEPENDENCY
2026-03-22 23:05:13 - ImproperModuleCohesionDetector - INFO - ImproperModuleCohesionDetector初始化完成
2026-03-22 23:05:13 - DetectorRegistry - INFO - 已注册检测器: IMPROPER_MODULE_COHESION
2026-03-22 23:05:13 - PipelineFragmentationDetector - INFO - PipelineFragmentationDetector初始化完成
2026-03-22 23:05:13 - DetectorRegistry - INFO - 已注册检测器: PIPELINE_FRAGMENTATION
2026-03-22 23:05:13 - HardcodedParametersDetector - INFO - HardcodedParametersDetector初始化完成
2026-03-22 23:05:13 - DetectorRegistry - INFO - 已注册检测器: HARDCODED_PARAMETERS
2026-03-22 23:05:13 - LackOfVersionControlDetector - INFO - LackOfVersionControlDetector初始化完成
2026-03-22 23:05:13 - DetectorRegistry - INFO - 已注册检测器: LACK_OF_VERSION_CONTROL
2026-03-22 23:05:13 - NonDeterministicOrderDetector - INFO - NonDeterministicOrderDetector初始化完成
2026-03-22 23:05:13 - DetectorRegistry - INFO - 已注册检测器: NON_DETERMINISTIC_ORDER
2026-03-22 23:05:13 - DetectorRegistry - INFO - 开始检测Pipeline: D:\PipeSmell\dataset\example_01_data_leakage.py
2026-03-22 23:05:13 - DetectorRegistry - INFO - 使用 18 个检测器
2026-03-22 23:05:13 - DataLeakageDetector - INFO - 检测到数据泄露: fit_transform at line 20
2026-03-22 23:05:13 - DetectorRegistry - INFO - 检测完成，共找到 1 个Smell，耗时 2.33ms
2026-03-22 23:05:13 - DetectorRegistry - INFO - 开始检测Pipeline: D:\PipeSmell\dataset\example_02_missing_random_seed.py
2026-03-22 23:05:13 - DetectorRegistry - INFO - 使用 18 个检测器
2026-03-22 23:05:13 - MissingRandomSeedDetector - INFO - 检测到缺少随机种子: train_test_split at line 17
2026-03-22 23:05:13 - DetectorRegistry - INFO - 检测完成，共找到 1 个Smell，耗时 4.47ms
2026-03-22 23:05:13 - DetectorRegistry - INFO - 开始检测Pipeline: D:\PipeSmell\dataset\example_03_missing_validation.py
2026-03-22 23:05:13 - DetectorRegistry - INFO - 使用 18 个检测器
2026-03-22 23:05:13 - MissingValidationDetector - INFO - 检测到缺少验证集: at line 17
2026-03-22 23:05:13 - DetectorRegistry - INFO - 检测完成，共找到 1 个Smell，耗时 4.12ms
2026-03-22 23:05:13 - DetectorRegistry - INFO - 开始检测Pipeline: D:\PipeSmell\dataset\example_04_repeated_transform.py
2026-03-22 23:05:13 - DetectorRegistry - INFO - 使用 18 个检测器
2026-03-22 23:05:13 - RepeatedTransformDetector - INFO - 检测到重复转换(多缩放器): at line 24
2026-03-22 23:05:13 - DetectorRegistry - INFO - 检测完成，共找到 1 个Smell，耗时 5.17ms
2026-03-22 23:05:13 - DetectorRegistry - INFO - 开始检测Pipeline: D:\PipeSmell\dataset\example_05_missing_evaluation.py
2026-03-22 23:05:13 - DetectorRegistry - INFO - 使用 18 个检测器
2026-03-22 23:05:13 - MissingEvaluationDetector - INFO - 检测到缺少评估: at line 20
2026-03-22 23:05:13 - DetectorRegistry - INFO - 检测完成，共找到 1 个Smell，耗时 3.03ms
2026-03-22 23:05:13 - DetectorRegistry - INFO - 开始检测Pipeline: D:\PipeSmell\dataset\example_06_hardcoded_parameters.py
2026-03-22 23:05:13 - DetectorRegistry - INFO - 使用 18 个检测器
2026-03-22 23:05:13 - HardcodedParametersDetector - INFO - 检测到硬编码参数: 5 params at line 19
2026-03-22 23:05:13 - DetectorRegistry - INFO - 检测完成，共找到 1 个Smell，耗时 3.03ms
2026-03-22 23:05:13 - DetectorRegistry - INFO - 开始检测Pipeline: D:\PipeSmell\dataset\example_07_nondeterministic_order.py
2026-03-22 23:05:13 - DetectorRegistry - INFO - 使用 18 个检测器
2026-03-22 23:05:13 - NonDeterministicOrderDetector - INFO - 检测到非确定性顺序: 源码扫描 line 16
2026-03-22 23:05:13 - DetectorRegistry - INFO - 检测完成，共找到 1 个Smell，耗时 4.27ms
2026-03-22 23:05:13 - DetectorRegistry - INFO - 开始检测Pipeline: D:\PipeSmell\dataset\example_08_inefficient_aggregation.py
2026-03-22 23:05:13 - DetectorRegistry - INFO - 使用 18 个检测器
2026-03-22 23:05:13 - InefficientAggregationDetector - INFO - 检测到低效聚合: iterrows at line 17
2026-03-22 23:05:13 - DetectorRegistry - INFO - 检测完成，共找到 1 个Smell，耗时 3.06ms
2026-03-22 23:05:13 - DetectorRegistry - INFO - 开始检测Pipeline: D:\PipeSmell\dataset\example_09_missing_data_profiling.py
2026-03-22 23:05:13 - DetectorRegistry - INFO - 使用 18 个检测器
2026-03-22 23:05:13 - MissingDataProfilingDetector - INFO - 检测到缺少数据探索: at line 14
2026-03-22 23:05:13 - DetectorRegistry - INFO - 检测完成，共找到 1 个Smell，耗时 3.03ms
2026-03-22 23:05:13 - DetectorRegistry - INFO - 开始检测Pipeline: D:\PipeSmell\dataset\example_10_redundant_operation.py
2026-03-22 23:05:13 - DetectorRegistry - INFO - 使用 18 个检测器
2026-03-22 23:05:13 - RedundantOperationDetector - INFO - 检测到冗余操作: dropna+fillna at line 16
2026-03-22 23:05:13 - DetectorRegistry - INFO - 检测完成，共找到 1 个Smell，耗时 5.84ms
2026-03-22 23:05:13 - DetectorRegistry - INFO - 开始检测Pipeline: D:\PipeSmell\dataset\example_11_excessive_copy.py
2026-03-22 23:05:13 - DetectorRegistry - INFO - 使用 18 个检测器
2026-03-22 23:05:13 - ExcessiveCopyDetector - INFO - 检测到过度复制: at line 18
2026-03-22 23:05:13 - DetectorRegistry - INFO - 检测完成，共找到 1 个Smell，耗时 3.14ms
2026-03-22 23:05:13 - DetectorRegistry - INFO - 开始检测Pipeline: D:\PipeSmell\dataset\example_12_module_order_violation.py
2026-03-22 23:05:13 - DetectorRegistry - INFO - 使用 18 个检测器
2026-03-22 23:05:14 - ModuleOrderViolationDetector - INFO - 检测到模块顺序违反: at line 26
2026-03-22 23:05:14 - DetectorRegistry - INFO - 检测完成，共找到 1 个Smell，耗时 7.49ms
2026-03-22 23:05:14 - DetectorRegistry - INFO - 开始检测Pipeline: D:\PipeSmell\dataset\example_13_circular_dependency.py
2026-03-22 23:05:14 - DetectorRegistry - INFO - 使用 18 个检测器
2026-03-22 23:05:14 - CircularDependencyDetector - INFO - 检测到循环依赖: D:\PipeSmell\dataset\example_13_circular_dependency.py:12
2026-03-22 23:05:14 - DetectorRegistry - INFO - 检测完成，共找到 1 个Smell，耗时 4.17ms
2026-03-22 23:05:14 - DetectorRegistry - INFO - 开始检测Pipeline: D:\PipeSmell\dataset\example_14_improper_module_cohesion.py
2026-03-22 23:05:14 - DetectorRegistry - INFO - 使用 18 个检测器
2026-03-22 23:05:14 - ImproperModuleCohesionDetector - INFO - 检测到模块内聚不当: 7 types at line 1
2026-03-22 23:05:14 - DetectorRegistry - INFO - 检测完成，共找到 1 个Smell，耗时 4.47ms
2026-03-22 23:05:14 - DetectorRegistry - INFO - 开始检测Pipeline: D:\PipeSmell\dataset\example_15_pipeline_fragmentation.py
2026-03-22 23:05:14 - DetectorRegistry - INFO - 使用 18 个检测器
2026-03-22 23:05:14 - PipelineFragmentationDetector - INFO - 检测到Pipeline碎片化: 11 fragments at line 12
2026-03-22 23:05:14 - DetectorRegistry - INFO - 检测完成，共找到 1 个Smell，耗时 5.98ms
2026-03-22 23:05:14 - DetectorRegistry - INFO - 开始检测Pipeline: D:\PipeSmell\dataset\example_16_unnecessary_materialization.py
2026-03-22 23:05:14 - DetectorRegistry - INFO - 使用 18 个检测器
2026-03-22 23:05:14 - UnnecessaryMaterializationDetector - INFO - 检测到不必要物化: at line 20
2026-03-22 23:05:14 - DetectorRegistry - INFO - 检测完成，共找到 1 个Smell，耗时 3.34ms
2026-03-22 23:05:14 - DetectorRegistry - INFO - 开始检测Pipeline: D:\PipeSmell\dataset\example_17_large_dataframe_operation.py
2026-03-22 23:05:14 - DetectorRegistry - INFO - 使用 18 个检测器
2026-03-22 23:05:14 - LargeDataFrameOperationDetector - INFO - 检测到大DataFrame操作: at line 20
2026-03-22 23:05:14 - DetectorRegistry - INFO - 检测完成，共找到 1 个Smell，耗时 3.42ms
2026-03-22 23:05:14 - DetectorRegistry - INFO - 开始检测Pipeline: D:\PipeSmell\dataset\example_18_lack_version_control.py
2026-03-22 23:05:14 - DetectorRegistry - INFO - 使用 18 个检测器
2026-03-22 23:05:14 - LackOfVersionControlDetector - INFO - 检测到缺少版本控制: at line 1
2026-03-22 23:05:14 - DetectorRegistry - INFO - 检测完成，共找到 1 个Smell，耗时 6.38ms
2026-03-22 23:05:14 - DetectorRegistry - INFO - 开始检测Pipeline: D:\PipeSmell\dataset\example_19_clean_pipeline.py
2026-03-22 23:05:14 - DetectorRegistry - INFO - 使用 18 个检测器
2026-03-22 23:05:14 - DetectorRegistry - INFO - 检测完成，共找到 0 个Smell，耗时 4.26ms
2026-03-22 23:05:14 - DetectorRegistry - INFO - 开始检测Pipeline: D:\PipeSmell\dataset\example_20_multiple_smells.py
2026-03-22 23:05:14 - DetectorRegistry - INFO - 使用 18 个检测器
2026-03-22 23:05:14 - DataLeakageDetector - INFO - 检测到数据泄露: fit_transform at line 18
2026-03-22 23:05:14 - MissingEvaluationDetector - INFO - 检测到缺少评估: at line 31
2026-03-22 23:05:14 - MissingRandomSeedDetector - INFO - 检测到缺少随机种子: train_test_split at line 21
2026-03-22 23:05:14 - HardcodedParametersDetector - INFO - 检测到硬编码参数: 4 params at line 24
2026-03-22 23:05:14 - DetectorRegistry - INFO - 检测完成，共找到 4 个Smell，耗时 3.32ms
2026-03-22 23:05:14 - DetectorRegistry - INFO - 开始检测Pipeline: D:\PipeSmell\dataset\example_21_data_leakage_b.py
2026-03-22 23:05:14 - DetectorRegistry - INFO - 使用 18 个检测器
2026-03-22 23:05:14 - DataLeakageDetector - INFO - 检测到数据泄露: fit_transform at line 20
2026-03-22 23:05:14 - DetectorRegistry - INFO - 检测完成，共找到 1 个Smell，耗时 4.46ms
2026-03-22 23:05:14 - DetectorRegistry - INFO - 开始检测Pipeline: D:\PipeSmell\dataset\example_22_missing_random_seed_b.py
2026-03-22 23:05:14 - DetectorRegistry - INFO - 使用 18 个检测器
2026-03-22 23:05:14 - MissingRandomSeedDetector - INFO - 检测到缺少随机种子: train_test_split at line 17
2026-03-22 23:05:14 - DetectorRegistry - INFO - 检测完成，共找到 1 个Smell，耗时 3.98ms
2026-03-22 23:05:14 - DetectorRegistry - INFO - 开始检测Pipeline: D:\PipeSmell\dataset\example_23_missing_validation_b.py
2026-03-22 23:05:14 - DetectorRegistry - INFO - 使用 18 个检测器
2026-03-22 23:05:14 - MissingValidationDetector - INFO - 检测到缺少验证集: at line 17
2026-03-22 23:05:14 - DetectorRegistry - INFO - 检测完成，共找到 1 个Smell，耗时 2.78ms
2026-03-22 23:05:14 - DetectorRegistry - INFO - 开始检测Pipeline: D:\PipeSmell\dataset\example_24_repeated_transform_b.py
2026-03-22 23:05:14 - DetectorRegistry - INFO - 使用 18 个检测器
2026-03-22 23:05:14 - RepeatedTransformDetector - INFO - 检测到重复转换(多缩放器): at line 24
2026-03-22 23:05:14 - DetectorRegistry - INFO - 检测完成，共找到 1 个Smell，耗时 3.28ms
2026-03-22 23:05:14 - DetectorRegistry - INFO - 开始检测Pipeline: D:\PipeSmell\dataset\example_25_missing_evaluation_b.py
2026-03-22 23:05:14 - DetectorRegistry - INFO - 使用 18 个检测器
2026-03-22 23:05:14 - MissingEvaluationDetector - INFO - 检测到缺少评估: at line 20
2026-03-22 23:05:14 - DetectorRegistry - INFO - 检测完成，共找到 1 个Smell，耗时 4.25ms
2026-03-22 23:05:14 - DetectorRegistry - INFO - 开始检测Pipeline: D:\PipeSmell\dataset\example_26_hardcoded_parameters_b.py
2026-03-22 23:05:14 - DetectorRegistry - INFO - 使用 18 个检测器
2026-03-22 23:05:14 - HardcodedParametersDetector - INFO - 检测到硬编码参数: 5 params at line 19
2026-03-22 23:05:14 - DetectorRegistry - INFO - 检测完成，共找到 1 个Smell，耗时 3.14ms
2026-03-22 23:05:14 - DetectorRegistry - INFO - 开始检测Pipeline: D:\PipeSmell\dataset\example_27_nondeterministic_order_b.py
2026-03-22 23:05:14 - DetectorRegistry - INFO - 使用 18 个检测器
2026-03-22 23:05:14 - NonDeterministicOrderDetector - INFO - 检测到非确定性顺序: 源码扫描 line 16
2026-03-22 23:05:14 - DetectorRegistry - INFO - 检测完成，共找到 1 个Smell，耗时 3.11ms
2026-03-22 23:05:14 - DetectorRegistry - INFO - 开始检测Pipeline: D:\PipeSmell\dataset\example_28_inefficient_aggregation_b.py
2026-03-22 23:05:14 - DetectorRegistry - INFO - 使用 18 个检测器
2026-03-22 23:05:14 - InefficientAggregationDetector - INFO - 检测到低效聚合: iterrows at line 17
2026-03-22 23:05:14 - DetectorRegistry - INFO - 检测完成，共找到 1 个Smell，耗时 3.10ms
2026-03-22 23:05:14 - DetectorRegistry - INFO - 开始检测Pipeline: D:\PipeSmell\dataset\example_29_missing_data_profiling_b.py
2026-03-22 23:05:14 - DetectorRegistry - INFO - 使用 18 个检测器
2026-03-22 23:05:14 - MissingDataProfilingDetector - INFO - 检测到缺少数据探索: at line 14
2026-03-22 23:05:14 - DetectorRegistry - INFO - 检测完成，共找到 1 个Smell，耗时 3.70ms
2026-03-22 23:05:14 - DetectorRegistry - INFO - 开始检测Pipeline: D:\PipeSmell\dataset\example_30_redundant_operation_b.py
2026-03-22 23:05:14 - DetectorRegistry - INFO - 使用 18 个检测器
2026-03-22 23:05:14 - RedundantOperationDetector - INFO - 检测到冗余操作: dropna+fillna at line 16
2026-03-22 23:05:14 - DetectorRegistry - INFO - 检测完成，共找到 1 个Smell，耗时 3.09ms
2026-03-22 23:05:14 - DetectorRegistry - INFO - 开始检测Pipeline: D:\PipeSmell\dataset\example_31_excessive_copy_b.py
2026-03-22 23:05:14 - DetectorRegistry - INFO - 使用 18 个检测器
2026-03-22 23:05:14 - ExcessiveCopyDetector - INFO - 检测到过度复制: at line 18
2026-03-22 23:05:14 - DetectorRegistry - INFO - 检测完成，共找到 1 个Smell，耗时 3.59ms
2026-03-22 23:05:14 - DetectorRegistry - INFO - 开始检测Pipeline: D:\PipeSmell\dataset\example_32_module_order_violation_b.py
2026-03-22 23:05:14 - DetectorRegistry - INFO - 使用 18 个检测器
2026-03-22 23:05:14 - ModuleOrderViolationDetector - INFO - 检测到模块顺序违反: at line 24
2026-03-22 23:05:14 - DetectorRegistry - INFO - 检测完成，共找到 1 个Smell，耗时 4.15ms
2026-03-22 23:05:14 - DetectorRegistry - INFO - 开始检测Pipeline: D:\PipeSmell\dataset\example_33_circular_dependency_b.py
2026-03-22 23:05:14 - DetectorRegistry - INFO - 使用 18 个检测器
2026-03-22 23:05:14 - CircularDependencyDetector - INFO - 检测到循环依赖: D:\PipeSmell\dataset\example_33_circular_dependency_b.py:12
2026-03-22 23:05:14 - DetectorRegistry - INFO - 检测完成，共找到 1 个Smell，耗时 3.31ms
2026-03-22 23:05:14 - DetectorRegistry - INFO - 开始检测Pipeline: D:\PipeSmell\dataset\example_34_improper_module_cohesion_b.py
2026-03-22 23:05:14 - DetectorRegistry - INFO - 使用 18 个检测器
2026-03-22 23:05:14 - ImproperModuleCohesionDetector - INFO - 检测到模块内聚不当: 7 types at line 1
2026-03-22 23:05:14 - DetectorRegistry - INFO - 检测完成，共找到 1 个Smell，耗时 3.98ms
2026-03-22 23:05:14 - DetectorRegistry - INFO - 开始检测Pipeline: D:\PipeSmell\dataset\example_35_pipeline_fragmentation_b.py
2026-03-22 23:05:14 - DetectorRegistry - INFO - 使用 18 个检测器
2026-03-22 23:05:14 - PipelineFragmentationDetector - INFO - 检测到Pipeline碎片化: 12 fragments at line 12
2026-03-22 23:05:14 - DetectorRegistry - INFO - 检测完成，共找到 1 个Smell，耗时 6.83ms
2026-03-22 23:05:14 - DetectorRegistry - INFO - 开始检测Pipeline: D:\PipeSmell\dataset\example_36_unnecessary_materialization_b.py
2026-03-22 23:05:14 - DetectorRegistry - INFO - 使用 18 个检测器
2026-03-22 23:05:14 - UnnecessaryMaterializationDetector - INFO - 检测到不必要物化: at line 20
2026-03-22 23:05:14 - DetectorRegistry - INFO - 检测完成，共找到 1 个Smell，耗时 5.19ms
2026-03-22 23:05:14 - DetectorRegistry - INFO - 开始检测Pipeline: D:\PipeSmell\dataset\example_37_large_dataframe_operation_b.py
2026-03-22 23:05:14 - DetectorRegistry - INFO - 使用 18 个检测器
2026-03-22 23:05:14 - LargeDataFrameOperationDetector - INFO - 检测到大DataFrame操作: at line 17
2026-03-22 23:05:14 - DetectorRegistry - INFO - 检测完成，共找到 1 个Smell，耗时 2.99ms
2026-03-22 23:05:14 - DetectorRegistry - INFO - 开始检测Pipeline: D:\PipeSmell\dataset\example_38_lack_version_control_b.py
2026-03-22 23:05:14 - DetectorRegistry - INFO - 使用 18 个检测器
2026-03-22 23:05:14 - LackOfVersionControlDetector - INFO - 检测到缺少版本控制: at line 1
2026-03-22 23:05:14 - DetectorRegistry - INFO - 检测完成，共找到 1 个Smell，耗时 4.24ms
2026-03-22 23:05:14 - DetectorRegistry - INFO - 开始检测Pipeline: D:\PipeSmell\dataset\example_39_clean_pipeline_b.py
2026-03-22 23:05:14 - DetectorRegistry - INFO - 使用 18 个检测器
2026-03-22 23:05:14 - DetectorRegistry - INFO - 检测完成，共找到 0 个Smell，耗时 4.06ms
2026-03-22 23:05:14 - DetectorRegistry - INFO - 开始检测Pipeline: D:\PipeSmell\dataset\example_40_multiple_smells_b.py
2026-03-22 23:05:14 - DetectorRegistry - INFO - 使用 18 个检测器
2026-03-22 23:05:14 - DataLeakageDetector - INFO - 检测到数据泄露: fit_transform at line 18
2026-03-22 23:05:14 - MissingEvaluationDetector - INFO - 检测到缺少评估: at line 31
2026-03-22 23:05:14 - MissingRandomSeedDetector - INFO - 检测到缺少随机种子: train_test_split at line 21
2026-03-22 23:05:14 - HardcodedParametersDetector - INFO - 检测到硬编码参数: 4 params at line 24
2026-03-22 23:05:14 - DetectorRegistry - INFO - 检测完成，共找到 4 个Smell，耗时 5.54ms
2026-03-22 23:12:50 - DataLeakageDetector - INFO - DataLeakageDetector初始化完成
2026-03-22 23:12:50 - DetectorRegistry - INFO - 已注册检测器: DATA_LEAKAGE
2026-03-22 23:12:50 - MissingEvaluationDetector - INFO - MissingEvaluationDetector初始化完成
2026-03-22 23:12:50 - DetectorRegistry - INFO - 已注册检测器: MISSING_EVALUATION
2026-03-22 23:12:50 - ModuleOrderViolationDetector - INFO - ModuleOrderViolationDetector初始化完成
2026-03-22 23:12:50 - DetectorRegistry - INFO - 已注册检测器: MODULE_ORDER_VIOLATION
2026-03-22 23:12:50 - RepeatedTransformDetector - INFO - RepeatedTransformDetector初始化完成
2026-03-22 23:12:50 - DetectorRegistry - INFO - 已注册检测器: REPEATED_TRANSFORM
2026-03-22 23:12:50 - ExcessiveCopyDetector - INFO - ExcessiveCopyDetector初始化完成
2026-03-22 23:12:50 - DetectorRegistry - INFO - 已注册检测器: EXCESSIVE_COPY
2026-03-22 23:12:50 - RedundantOperationDetector - INFO - RedundantOperationDetector初始化完成
2026-03-22 23:12:50 - DetectorRegistry - INFO - 已注册检测器: REDUNDANT_OPERATION
2026-03-22 23:12:50 - MissingRandomSeedDetector - INFO - MissingRandomSeedDetector初始化完成
2026-03-22 23:12:50 - DetectorRegistry - INFO - 已注册检测器: MISSING_RANDOM_SEED
2026-03-22 23:12:50 - MissingValidationDetector - INFO - MissingValidationDetector初始化完成
2026-03-22 23:12:50 - DetectorRegistry - INFO - 已注册检测器: MISSING_VALIDATION
2026-03-22 23:12:50 - MissingDataProfilingDetector - INFO - MissingDataProfilingDetector初始化完成
2026-03-22 23:12:50 - DetectorRegistry - INFO - 已注册检测器: MISSING_DATA_PROFILING
2026-03-22 23:12:50 - InefficientAggregationDetector - INFO - InefficientAggregationDetector初始化完成
2026-03-22 23:12:50 - DetectorRegistry - INFO - 已注册检测器: INEFFICIENT_AGGREGATION
2026-03-22 23:12:50 - UnnecessaryMaterializationDetector - INFO - UnnecessaryMaterializationDetector初始化完成
2026-03-22 23:12:50 - DetectorRegistry - INFO - 已注册检测器: UNNECESSARY_MATERIALIZATION
2026-03-22 23:12:50 - LargeDataFrameOperationDetector - INFO - LargeDataFrameOperationDetector初始化完成
2026-03-22 23:12:50 - DetectorRegistry - INFO - 已注册检测器: LARGE_DATA_FRAME_OPERATION
2026-03-22 23:12:50 - CircularDependencyDetector - INFO - CircularDependencyDetector初始化完成
2026-03-22 23:12:50 - DetectorRegistry - INFO - 已注册检测器: CIRCULAR_DEPENDENCY
2026-03-22 23:12:50 - ImproperModuleCohesionDetector - INFO - ImproperModuleCohesionDetector初始化完成
2026-03-22 23:12:50 - DetectorRegistry - INFO - 已注册检测器: IMPROPER_MODULE_COHESION
2026-03-22 23:12:50 - PipelineFragmentationDetector - INFO - PipelineFragmentationDetector初始化完成
2026-03-22 23:12:50 - DetectorRegistry - INFO - 已注册检测器: PIPELINE_FRAGMENTATION
2026-03-22 23:12:50 - HardcodedParametersDetector - INFO - HardcodedParametersDetector初始化完成
2026-03-22 23:12:50 - DetectorRegistry - INFO - 已注册检测器: HARDCODED_PARAMETERS
2026-03-22 23:12:50 - LackOfVersionControlDetector - INFO - LackOfVersionControlDetector初始化完成
2026-03-22 23:12:50 - DetectorRegistry - INFO - 已注册检测器: LACK_OF_VERSION_CONTROL
2026-03-22 23:12:50 - NonDeterministicOrderDetector - INFO - NonDeterministicOrderDetector初始化完成
2026-03-22 23:12:50 - DetectorRegistry - INFO - 已注册检测器: NON_DETERMINISTIC_ORDER
2026-03-22 23:12:50 - DetectorRegistry - INFO - 开始检测Pipeline: D:\PipeSmell\dataset\example_01_data_leakage.py
2026-03-22 23:12:50 - DetectorRegistry - INFO - 使用 18 个检测器
2026-03-22 23:12:50 - DataLeakageDetector - INFO - 检测到数据泄露: fit_transform at line 20
2026-03-22 23:12:50 - DetectorRegistry - INFO - 检测完成，共找到 1 个Smell，耗时 6.27ms
2026-03-22 23:12:50 - DetectorRegistry - INFO - 开始检测Pipeline: D:\PipeSmell\dataset\example_02_missing_random_seed.py
2026-03-22 23:12:50 - DetectorRegistry - INFO - 使用 18 个检测器
2026-03-22 23:12:50 - MissingRandomSeedDetector - INFO - 检测到缺少随机种子: train_test_split at line 17
2026-03-22 23:12:50 - DetectorRegistry - INFO - 检测完成，共找到 1 个Smell，耗时 4.50ms
2026-03-22 23:12:50 - DetectorRegistry - INFO - 开始检测Pipeline: D:\PipeSmell\dataset\example_03_missing_validation.py
2026-03-22 23:12:50 - DetectorRegistry - INFO - 使用 18 个检测器
2026-03-22 23:12:50 - MissingValidationDetector - INFO - 检测到缺少验证集: at line 17
2026-03-22 23:12:50 - DetectorRegistry - INFO - 检测完成，共找到 1 个Smell，耗时 2.33ms
2026-03-22 23:12:50 - DetectorRegistry - INFO - 开始检测Pipeline: D:\PipeSmell\dataset\example_04_repeated_transform.py
2026-03-22 23:12:50 - DetectorRegistry - INFO - 使用 18 个检测器
2026-03-22 23:12:50 - RepeatedTransformDetector - INFO - 检测到重复转换(多缩放器): at line 24
2026-03-22 23:12:50 - DetectorRegistry - INFO - 检测完成，共找到 1 个Smell，耗时 5.10ms
2026-03-22 23:12:50 - DetectorRegistry - INFO - 开始检测Pipeline: D:\PipeSmell\dataset\example_05_missing_evaluation.py
2026-03-22 23:12:50 - DetectorRegistry - INFO - 使用 18 个检测器
2026-03-22 23:12:50 - MissingEvaluationDetector - INFO - 检测到缺少评估: at line 20
2026-03-22 23:12:50 - DetectorRegistry - INFO - 检测完成，共找到 1 个Smell，耗时 5.95ms
2026-03-22 23:12:50 - DetectorRegistry - INFO - 开始检测Pipeline: D:\PipeSmell\dataset\example_06_hardcoded_parameters.py
2026-03-22 23:12:50 - DetectorRegistry - INFO - 使用 18 个检测器
2026-03-22 23:12:50 - HardcodedParametersDetector - INFO - 检测到硬编码参数: 5 params at line 19
2026-03-22 23:12:50 - DetectorRegistry - INFO - 检测完成，共找到 1 个Smell，耗时 6.53ms
2026-03-22 23:12:50 - DetectorRegistry - INFO - 开始检测Pipeline: D:\PipeSmell\dataset\example_07_nondeterministic_order.py
2026-03-22 23:12:50 - DetectorRegistry - INFO - 使用 18 个检测器
2026-03-22 23:12:50 - NonDeterministicOrderDetector - INFO - 检测到非确定性顺序: 源码扫描 line 16
2026-03-22 23:12:50 - DetectorRegistry - INFO - 检测完成，共找到 1 个Smell，耗时 5.26ms
2026-03-22 23:12:50 - DetectorRegistry - INFO - 开始检测Pipeline: D:\PipeSmell\dataset\example_08_inefficient_aggregation.py
2026-03-22 23:12:50 - DetectorRegistry - INFO - 使用 18 个检测器
2026-03-22 23:12:50 - InefficientAggregationDetector - INFO - 检测到低效聚合: iterrows at line 17
2026-03-22 23:12:50 - DetectorRegistry - INFO - 检测完成，共找到 1 个Smell，耗时 3.68ms
2026-03-22 23:12:50 - DetectorRegistry - INFO - 开始检测Pipeline: D:\PipeSmell\dataset\example_09_missing_data_profiling.py
2026-03-22 23:12:50 - DetectorRegistry - INFO - 使用 18 个检测器
2026-03-22 23:12:50 - MissingDataProfilingDetector - INFO - 检测到缺少数据探索: at line 14
2026-03-22 23:12:50 - DetectorRegistry - INFO - 检测完成，共找到 1 个Smell，耗时 5.98ms
2026-03-22 23:12:50 - DetectorRegistry - INFO - 开始检测Pipeline: D:\PipeSmell\dataset\example_10_redundant_operation.py
2026-03-22 23:12:50 - DetectorRegistry - INFO - 使用 18 个检测器
2026-03-22 23:12:50 - RedundantOperationDetector - INFO - 检测到冗余操作: dropna+fillna at line 16
2026-03-22 23:12:50 - DetectorRegistry - INFO - 检测完成，共找到 1 个Smell，耗时 5.98ms
2026-03-22 23:12:50 - DetectorRegistry - INFO - 开始检测Pipeline: D:\PipeSmell\dataset\example_11_excessive_copy.py
2026-03-22 23:12:50 - DetectorRegistry - INFO - 使用 18 个检测器
2026-03-22 23:12:50 - ExcessiveCopyDetector - INFO - 检测到过度复制: at line 18
2026-03-22 23:12:50 - DetectorRegistry - INFO - 检测完成，共找到 1 个Smell，耗时 7.28ms
2026-03-22 23:12:50 - DetectorRegistry - INFO - 开始检测Pipeline: D:\PipeSmell\dataset\example_12_module_order_violation.py
2026-03-22 23:12:50 - DetectorRegistry - INFO - 使用 18 个检测器
2026-03-22 23:12:50 - ModuleOrderViolationDetector - INFO - 检测到模块顺序违反: at line 26
2026-03-22 23:12:50 - DetectorRegistry - INFO - 检测完成，共找到 1 个Smell，耗时 5.88ms
2026-03-22 23:12:50 - DetectorRegistry - INFO - 开始检测Pipeline: D:\PipeSmell\dataset\example_13_circular_dependency.py
2026-03-22 23:12:50 - DetectorRegistry - INFO - 使用 18 个检测器
2026-03-22 23:12:50 - CircularDependencyDetector - INFO - 检测到循环依赖: D:\PipeSmell\dataset\example_13_circular_dependency.py:12
2026-03-22 23:12:50 - DetectorRegistry - INFO - 检测完成，共找到 1 个Smell，耗时 4.68ms
2026-03-22 23:12:50 - DetectorRegistry - INFO - 开始检测Pipeline: D:\PipeSmell\dataset\example_14_improper_module_cohesion.py
2026-03-22 23:12:50 - DetectorRegistry - INFO - 使用 18 个检测器
2026-03-22 23:12:50 - ImproperModuleCohesionDetector - INFO - 检测到模块内聚不当: 7 types at line 1
2026-03-22 23:12:50 - DetectorRegistry - INFO - 检测完成，共找到 1 个Smell，耗时 10.90ms
2026-03-22 23:12:50 - DetectorRegistry - INFO - 开始检测Pipeline: D:\PipeSmell\dataset\example_15_pipeline_fragmentation.py
2026-03-22 23:12:50 - DetectorRegistry - INFO - 使用 18 个检测器
2026-03-22 23:12:50 - PipelineFragmentationDetector - INFO - 检测到Pipeline碎片化: 11 fragments at line 12
2026-03-22 23:12:50 - DetectorRegistry - INFO - 检测完成，共找到 1 个Smell，耗时 8.84ms
2026-03-22 23:12:50 - DetectorRegistry - INFO - 开始检测Pipeline: D:\PipeSmell\dataset\example_16_unnecessary_materialization.py
2026-03-22 23:12:50 - DetectorRegistry - INFO - 使用 18 个检测器
2026-03-22 23:12:50 - UnnecessaryMaterializationDetector - INFO - 检测到不必要物化: at line 20
2026-03-22 23:12:50 - DetectorRegistry - INFO - 检测完成，共找到 1 个Smell，耗时 10.10ms
2026-03-22 23:12:50 - DetectorRegistry - INFO - 开始检测Pipeline: D:\PipeSmell\dataset\example_17_large_dataframe_operation.py
2026-03-22 23:12:50 - DetectorRegistry - INFO - 使用 18 个检测器
2026-03-22 23:12:50 - LargeDataFrameOperationDetector - INFO - 检测到大DataFrame操作: at line 20
2026-03-22 23:12:50 - DetectorRegistry - INFO - 检测完成，共找到 1 个Smell，耗时 4.98ms
2026-03-22 23:12:50 - DetectorRegistry - INFO - 开始检测Pipeline: D:\PipeSmell\dataset\example_18_lack_version_control.py
2026-03-22 23:12:50 - DetectorRegistry - INFO - 使用 18 个检测器
2026-03-22 23:12:50 - LackOfVersionControlDetector - INFO - 检测到缺少版本控制: at line 1
2026-03-22 23:12:50 - DetectorRegistry - INFO - 检测完成，共找到 1 个Smell，耗时 6.48ms
2026-03-22 23:12:50 - DetectorRegistry - INFO - 开始检测Pipeline: D:\PipeSmell\dataset\example_19_clean_pipeline.py
2026-03-22 23:12:50 - DetectorRegistry - INFO - 使用 18 个检测器
2026-03-22 23:12:50 - DetectorRegistry - INFO - 检测完成，共找到 0 个Smell，耗时 5.73ms
2026-03-22 23:12:50 - DetectorRegistry - INFO - 开始检测Pipeline: D:\PipeSmell\dataset\example_20_multiple_smells.py
2026-03-22 23:12:50 - DetectorRegistry - INFO - 使用 18 个检测器
2026-03-22 23:12:50 - DataLeakageDetector - INFO - 检测到数据泄露: fit_transform at line 18
2026-03-22 23:12:50 - MissingEvaluationDetector - INFO - 检测到缺少评估: at line 31
2026-03-22 23:12:50 - MissingRandomSeedDetector - INFO - 检测到缺少随机种子: train_test_split at line 21
2026-03-22 23:12:50 - HardcodedParametersDetector - INFO - 检测到硬编码参数: 4 params at line 24
2026-03-22 23:12:50 - DetectorRegistry - INFO - 检测完成，共找到 4 个Smell，耗时 6.30ms
2026-03-22 23:12:50 - DetectorRegistry - INFO - 开始检测Pipeline: D:\PipeSmell\dataset\example_21_data_leakage_b.py
2026-03-22 23:12:50 - DetectorRegistry - INFO - 使用 18 个检测器
2026-03-22 23:12:50 - DataLeakageDetector - INFO - 检测到数据泄露: fit_transform at line 20
2026-03-22 23:12:50 - DetectorRegistry - INFO - 检测完成，共找到 1 个Smell，耗时 6.01ms
2026-03-22 23:12:50 - DetectorRegistry - INFO - 开始检测Pipeline: D:\PipeSmell\dataset\example_22_missing_random_seed_b.py
2026-03-22 23:12:50 - DetectorRegistry - INFO - 使用 18 个检测器
2026-03-22 23:12:50 - MissingRandomSeedDetector - INFO - 检测到缺少随机种子: train_test_split at line 17
2026-03-22 23:12:50 - DetectorRegistry - INFO - 检测完成，共找到 1 个Smell，耗时 4.98ms
2026-03-22 23:12:50 - DetectorRegistry - INFO - 开始检测Pipeline: D:\PipeSmell\dataset\example_23_missing_validation_b.py
2026-03-22 23:12:50 - DetectorRegistry - INFO - 使用 18 个检测器
2026-03-22 23:12:50 - MissingValidationDetector - INFO - 检测到缺少验证集: at line 17
2026-03-22 23:12:50 - DetectorRegistry - INFO - 检测完成，共找到 1 个Smell，耗时 4.40ms
2026-03-22 23:12:50 - DetectorRegistry - INFO - 开始检测Pipeline: D:\PipeSmell\dataset\example_24_repeated_transform_b.py
2026-03-22 23:12:50 - DetectorRegistry - INFO - 使用 18 个检测器
2026-03-22 23:12:50 - RepeatedTransformDetector - INFO - 检测到重复转换(多缩放器): at line 24
2026-03-22 23:12:50 - DetectorRegistry - INFO - 检测完成，共找到 1 个Smell，耗时 4.49ms
2026-03-22 23:12:50 - DetectorRegistry - INFO - 开始检测Pipeline: D:\PipeSmell\dataset\example_25_missing_evaluation_b.py
2026-03-22 23:12:50 - DetectorRegistry - INFO - 使用 18 个检测器
2026-03-22 23:12:50 - MissingEvaluationDetector - INFO - 检测到缺少评估: at line 20
2026-03-22 23:12:50 - DetectorRegistry - INFO - 检测完成，共找到 1 个Smell，耗时 6.32ms
2026-03-22 23:12:50 - DetectorRegistry - INFO - 开始检测Pipeline: D:\PipeSmell\dataset\example_26_hardcoded_parameters_b.py
2026-03-22 23:12:50 - DetectorRegistry - INFO - 使用 18 个检测器
2026-03-22 23:12:50 - HardcodedParametersDetector - INFO - 检测到硬编码参数: 5 params at line 19
2026-03-22 23:12:50 - DetectorRegistry - INFO - 检测完成，共找到 1 个Smell，耗时 2.99ms
2026-03-22 23:12:50 - DetectorRegistry - INFO - 开始检测Pipeline: D:\PipeSmell\dataset\example_27_nondeterministic_order_b.py
2026-03-22 23:12:50 - DetectorRegistry - INFO - 使用 18 个检测器
2026-03-22 23:12:50 - NonDeterministicOrderDetector - INFO - 检测到非确定性顺序: 源码扫描 line 16
2026-03-22 23:12:50 - DetectorRegistry - INFO - 检测完成，共找到 1 个Smell，耗时 5.87ms
2026-03-22 23:12:50 - DetectorRegistry - INFO - 开始检测Pipeline: D:\PipeSmell\dataset\example_28_inefficient_aggregation_b.py
2026-03-22 23:12:50 - DetectorRegistry - INFO - 使用 18 个检测器
2026-03-22 23:12:50 - InefficientAggregationDetector - INFO - 检测到低效聚合: iterrows at line 17
2026-03-22 23:12:50 - DetectorRegistry - INFO - 检测完成，共找到 1 个Smell，耗时 4.30ms
2026-03-22 23:12:50 - DetectorRegistry - INFO - 开始检测Pipeline: D:\PipeSmell\dataset\example_29_missing_data_profiling_b.py
2026-03-22 23:12:50 - DetectorRegistry - INFO - 使用 18 个检测器
2026-03-22 23:12:50 - MissingDataProfilingDetector - INFO - 检测到缺少数据探索: at line 14
2026-03-22 23:12:50 - DetectorRegistry - INFO - 检测完成，共找到 1 个Smell，耗时 4.38ms
2026-03-22 23:12:50 - DetectorRegistry - INFO - 开始检测Pipeline: D:\PipeSmell\dataset\example_30_redundant_operation_b.py
2026-03-22 23:12:50 - DetectorRegistry - INFO - 使用 18 个检测器
2026-03-22 23:12:50 - RedundantOperationDetector - INFO - 检测到冗余操作: dropna+fillna at line 16
2026-03-22 23:12:50 - DetectorRegistry - INFO - 检测完成，共找到 1 个Smell，耗时 3.49ms
2026-03-22 23:12:50 - DetectorRegistry - INFO - 开始检测Pipeline: D:\PipeSmell\dataset\example_31_excessive_copy_b.py
2026-03-22 23:12:50 - DetectorRegistry - INFO - 使用 18 个检测器
2026-03-22 23:12:50 - ExcessiveCopyDetector - INFO - 检测到过度复制: at line 18
2026-03-22 23:12:50 - DetectorRegistry - INFO - 检测完成，共找到 1 个Smell，耗时 3.57ms
2026-03-22 23:12:50 - DetectorRegistry - INFO - 开始检测Pipeline: D:\PipeSmell\dataset\example_32_module_order_violation_b.py
2026-03-22 23:12:50 - DetectorRegistry - INFO - 使用 18 个检测器
2026-03-22 23:12:50 - ModuleOrderViolationDetector - INFO - 检测到模块顺序违反: at line 24
2026-03-22 23:12:50 - DetectorRegistry - INFO - 检测完成，共找到 1 个Smell，耗时 5.82ms
2026-03-22 23:12:50 - DetectorRegistry - INFO - 开始检测Pipeline: D:\PipeSmell\dataset\example_33_circular_dependency_b.py
2026-03-22 23:12:50 - DetectorRegistry - INFO - 使用 18 个检测器
2026-03-22 23:12:50 - CircularDependencyDetector - INFO - 检测到循环依赖: D:\PipeSmell\dataset\example_33_circular_dependency_b.py:12
2026-03-22 23:12:50 - DetectorRegistry - INFO - 检测完成，共找到 1 个Smell，耗时 5.44ms
2026-03-22 23:12:50 - DetectorRegistry - INFO - 开始检测Pipeline: D:\PipeSmell\dataset\example_34_improper_module_cohesion_b.py
2026-03-22 23:12:50 - DetectorRegistry - INFO - 使用 18 个检测器
2026-03-22 23:12:50 - ImproperModuleCohesionDetector - INFO - 检测到模块内聚不当: 7 types at line 1
2026-03-22 23:12:50 - DetectorRegistry - INFO - 检测完成，共找到 1 个Smell，耗时 8.98ms
2026-03-22 23:12:50 - DetectorRegistry - INFO - 开始检测Pipeline: D:\PipeSmell\dataset\example_35_pipeline_fragmentation_b.py
2026-03-22 23:12:50 - DetectorRegistry - INFO - 使用 18 个检测器
2026-03-22 23:12:50 - PipelineFragmentationDetector - INFO - 检测到Pipeline碎片化: 12 fragments at line 12
2026-03-22 23:12:50 - DetectorRegistry - INFO - 检测完成，共找到 1 个Smell，耗时 8.90ms
2026-03-22 23:12:50 - DetectorRegistry - INFO - 开始检测Pipeline: D:\PipeSmell\dataset\example_36_unnecessary_materialization_b.py
2026-03-22 23:12:50 - DetectorRegistry - INFO - 使用 18 个检测器
2026-03-22 23:12:50 - UnnecessaryMaterializationDetector - INFO - 检测到不必要物化: at line 20
2026-03-22 23:12:50 - DetectorRegistry - INFO - 检测完成，共找到 1 个Smell，耗时 3.41ms
2026-03-22 23:12:50 - DetectorRegistry - INFO - 开始检测Pipeline: D:\PipeSmell\dataset\example_37_large_dataframe_operation_b.py
2026-03-22 23:12:50 - DetectorRegistry - INFO - 使用 18 个检测器
2026-03-22 23:12:50 - LargeDataFrameOperationDetector - INFO - 检测到大DataFrame操作: at line 17
2026-03-22 23:12:50 - DetectorRegistry - INFO - 检测完成，共找到 1 个Smell，耗时 5.27ms
2026-03-22 23:12:50 - DetectorRegistry - INFO - 开始检测Pipeline: D:\PipeSmell\dataset\example_38_lack_version_control_b.py
2026-03-22 23:12:50 - DetectorRegistry - INFO - 使用 18 个检测器
2026-03-22 23:12:50 - LackOfVersionControlDetector - INFO - 检测到缺少版本控制: at line 1
2026-03-22 23:12:50 - DetectorRegistry - INFO - 检测完成，共找到 1 个Smell，耗时 6.55ms
2026-03-22 23:12:50 - DetectorRegistry - INFO - 开始检测Pipeline: D:\PipeSmell\dataset\example_39_clean_pipeline_b.py
2026-03-22 23:12:50 - DetectorRegistry - INFO - 使用 18 个检测器
2026-03-22 23:12:50 - DetectorRegistry - INFO - 检测完成，共找到 0 个Smell，耗时 4.60ms
2026-03-22 23:12:50 - DetectorRegistry - INFO - 开始检测Pipeline: D:\PipeSmell\dataset\example_40_multiple_smells_b.py
2026-03-22 23:12:50 - DetectorRegistry - INFO - 使用 18 个检测器
2026-03-22 23:12:50 - DataLeakageDetector - INFO - 检测到数据泄露: fit_transform at line 18
2026-03-22 23:12:50 - MissingEvaluationDetector - INFO - 检测到缺少评估: at line 31
2026-03-22 23:12:50 - MissingRandomSeedDetector - INFO - 检测到缺少随机种子: train_test_split at line 21
2026-03-22 23:12:50 - HardcodedParametersDetector - INFO - 检测到硬编码参数: 4 params at line 24
2026-03-22 23:12:50 - DetectorRegistry - INFO - 检测完成，共找到 4 个Smell，耗时 5.98ms
2026-03-22 23:12:54 - DataLeakageDetector - INFO - DataLeakageDetector初始化完成
2026-03-22 23:12:54 - DetectorRegistry - INFO - 已注册检测器: DATA_LEAKAGE
2026-03-22 23:12:54 - MissingEvaluationDetector - INFO - MissingEvaluationDetector初始化完成
2026-03-22 23:12:54 - DetectorRegistry - INFO - 已注册检测器: MISSING_EVALUATION
2026-03-22 23:12:54 - ModuleOrderViolationDetector - INFO - ModuleOrderViolationDetector初始化完成
2026-03-22 23:12:54 - DetectorRegistry - INFO - 已注册检测器: MODULE_ORDER_VIOLATION
2026-03-22 23:12:54 - RepeatedTransformDetector - INFO - RepeatedTransformDetector初始化完成
2026-03-22 23:12:54 - DetectorRegistry - INFO - 已注册检测器: REPEATED_TRANSFORM
2026-03-22 23:12:54 - ExcessiveCopyDetector - INFO - ExcessiveCopyDetector初始化完成
2026-03-22 23:12:54 - DetectorRegistry - INFO - 已注册检测器: EXCESSIVE_COPY
2026-03-22 23:12:54 - RedundantOperationDetector - INFO - RedundantOperationDetector初始化完成
2026-03-22 23:12:54 - DetectorRegistry - INFO - 已注册检测器: REDUNDANT_OPERATION
2026-03-22 23:12:54 - MissingRandomSeedDetector - INFO - MissingRandomSeedDetector初始化完成
2026-03-22 23:12:54 - DetectorRegistry - INFO - 已注册检测器: MISSING_RANDOM_SEED
2026-03-22 23:12:54 - MissingValidationDetector - INFO - MissingValidationDetector初始化完成
2026-03-22 23:12:54 - DetectorRegistry - INFO - 已注册检测器: MISSING_VALIDATION
2026-03-22 23:12:54 - MissingDataProfilingDetector - INFO - MissingDataProfilingDetector初始化完成
2026-03-22 23:12:54 - DetectorRegistry - INFO - 已注册检测器: MISSING_DATA_PROFILING
2026-03-22 23:12:54 - InefficientAggregationDetector - INFO - InefficientAggregationDetector初始化完成
2026-03-22 23:12:54 - DetectorRegistry - INFO - 已注册检测器: INEFFICIENT_AGGREGATION
2026-03-22 23:12:54 - UnnecessaryMaterializationDetector - INFO - UnnecessaryMaterializationDetector初始化完成
2026-03-22 23:12:54 - DetectorRegistry - INFO - 已注册检测器: UNNECESSARY_MATERIALIZATION
2026-03-22 23:12:54 - LargeDataFrameOperationDetector - INFO - LargeDataFrameOperationDetector初始化完成
2026-03-22 23:12:54 - DetectorRegistry - INFO - 已注册检测器: LARGE_DATA_FRAME_OPERATION
2026-03-22 23:12:54 - CircularDependencyDetector - INFO - CircularDependencyDetector初始化完成
2026-03-22 23:12:54 - DetectorRegistry - INFO - 已注册检测器: CIRCULAR_DEPENDENCY
2026-03-22 23:12:54 - ImproperModuleCohesionDetector - INFO - ImproperModuleCohesionDetector初始化完成
2026-03-22 23:12:54 - DetectorRegistry - INFO - 已注册检测器: IMPROPER_MODULE_COHESION
2026-03-22 23:12:54 - PipelineFragmentationDetector - INFO - PipelineFragmentationDetector初始化完成
2026-03-22 23:12:54 - DetectorRegistry - INFO - 已注册检测器: PIPELINE_FRAGMENTATION
2026-03-22 23:12:54 - HardcodedParametersDetector - INFO - HardcodedParametersDetector初始化完成
2026-03-22 23:12:54 - DetectorRegistry - INFO - 已注册检测器: HARDCODED_PARAMETERS
2026-03-22 23:12:54 - LackOfVersionControlDetector - INFO - LackOfVersionControlDetector初始化完成
2026-03-22 23:12:54 - DetectorRegistry - INFO - 已注册检测器: LACK_OF_VERSION_CONTROL
2026-03-22 23:12:54 - NonDeterministicOrderDetector - INFO - NonDeterministicOrderDetector初始化完成
2026-03-22 23:12:54 - DetectorRegistry - INFO - 已注册检测器: NON_DETERMINISTIC_ORDER
