2026-03-22 14:14:06 - RQ1 - INFO - ================================================================================
2026-03-22 14:14:06 - RQ1 - INFO - 开始RQ1实验：检测准确性评估
2026-03-22 14:14:06 - RQ1 - INFO - ================================================================================
2026-03-22 14:14:06 - RQ1 - INFO - 加载Ground Truth数据...
2026-03-22 14:14:06 - RQ1 - INFO - 加载了 22 个Ground Truth Smell
2026-03-22 14:14:06 - RQ1 - INFO - 需要检测 19 个文件
2026-03-22 14:14:06 - RQ1 - INFO - 运行Pipeline-aware检测...
2026-03-22 14:14:06 - RQ1 - INFO - 开始检测 19 个文件
2026-03-22 14:14:06 - RQ1 - INFO - 检测文件: D:\PipeSmell\dataset\example_03_missing_validation.py
2026-03-22 14:14:06 - RQ1 - INFO - 检测到 0 个Smell
2026-03-22 14:14:06 - RQ1 - INFO - 检测文件: D:\PipeSmell\dataset\example_02_missing_random_seed.py
2026-03-22 14:14:06 - RQ1 - INFO - 检测到 0 个Smell
2026-03-22 14:14:06 - RQ1 - INFO - 检测文件: D:\PipeSmell\dataset\example_18_lack_version_control.py
2026-03-22 14:14:06 - RQ1 - INFO - 检测到 0 个Smell
2026-03-22 14:14:06 - RQ1 - INFO - 检测文件: D:\PipeSmell\dataset\example_20_multiple_smells.py
2026-03-22 14:14:06 - RQ1 - INFO - 检测到 0 个Smell
2026-03-22 14:14:06 - RQ1 - INFO - 检测文件: D:\PipeSmell\dataset\example_16_unnecessary_materialization.py
2026-03-22 14:14:06 - RQ1 - INFO - 检测到 0 个Smell
2026-03-22 14:14:06 - RQ1 - INFO - 检测文件: D:\PipeSmell\dataset\example_14_improper_module_cohesion.py
2026-03-22 14:14:06 - RQ1 - INFO - 检测到 0 个Smell
2026-03-22 14:14:06 - RQ1 - INFO - 检测文件: D:\PipeSmell\dataset\example_08_inefficient_aggregation.py
2026-03-22 14:14:06 - RQ1 - INFO - 检测到 0 个Smell
2026-03-22 14:14:06 - RQ1 - INFO - 检测文件: D:\PipeSmell\dataset\example_12_module_order_violation.py
2026-03-22 14:14:06 - RQ1 - INFO - 检测到 0 个Smell
2026-03-22 14:14:06 - RQ1 - INFO - 检测文件: D:\PipeSmell\dataset\example_13_circular_dependency.py
2026-03-22 14:14:06 - RQ1 - INFO - 检测到 0 个Smell
2026-03-22 14:14:06 - RQ1 - INFO - 检测文件: D:\PipeSmell\dataset\example_17_large_dataframe_operation.py
2026-03-22 14:14:06 - RQ1 - INFO - 检测到 0 个Smell
2026-03-22 14:14:06 - RQ1 - INFO - 检测文件: D:\PipeSmell\dataset\example_09_missing_data_profiling.py
2026-03-22 14:14:06 - RQ1 - INFO - 检测到 0 个Smell
2026-03-22 14:14:06 - RQ1 - INFO - 检测文件: D:\PipeSmell\dataset\example_10_redundant_operation.py
2026-03-22 14:14:06 - RQ1 - INFO - 检测到 0 个Smell
2026-03-22 14:14:06 - RQ1 - INFO - 检测文件: D:\PipeSmell\dataset\example_06_hardcoded_parameters.py
2026-03-22 14:14:06 - RQ1 - INFO - 检测到 0 个Smell
2026-03-22 14:14:06 - RQ1 - INFO - 检测文件: D:\PipeSmell\dataset\example_04_repeated_transform.py
2026-03-22 14:14:06 - RQ1 - INFO - 检测到 0 个Smell
2026-03-22 14:14:06 - RQ1 - INFO - 检测文件: D:\PipeSmell\dataset\example_07_nondeterministic_order.py
2026-03-22 14:14:06 - RQ1 - INFO - 检测到 0 个Smell
2026-03-22 14:14:06 - RQ1 - INFO - 检测文件: D:\PipeSmell\dataset\example_01_data_leakage.py
2026-03-22 14:14:06 - RQ1 - INFO - 检测到 0 个Smell
2026-03-22 14:14:06 - RQ1 - INFO - 检测文件: D:\PipeSmell\dataset\example_11_excessive_copy.py
2026-03-22 14:14:06 - RQ1 - INFO - 检测到 0 个Smell
2026-03-22 14:14:06 - RQ1 - INFO - 检测文件: D:\PipeSmell\dataset\example_05_missing_evaluation.py
2026-03-22 14:14:06 - RQ1 - INFO - 检测到 0 个Smell
2026-03-22 14:14:06 - RQ1 - INFO - 检测文件: D:\PipeSmell\dataset\example_15_pipeline_fragmentation.py
2026-03-22 14:14:06 - RQ1 - INFO - 检测到 0 个Smell
2026-03-22 14:14:06 - RQ1 - INFO - 总共检测到 0 个Smell
2026-03-22 14:14:06 - RQ1 - INFO - 执行评估...
2026-03-22 14:14:06 - RQ1 - INFO - ================================================================================
2026-03-22 14:14:06 - RQ1 - INFO - RQ1实验结果
2026-03-22 14:14:06 - RQ1 - INFO - ================================================================================
2026-03-22 14:14:06 - RQ1 - INFO - 方法: Pipeline-aware
2026-03-22 14:14:06 - RQ1 - INFO - Precision: 0.0000
2026-03-22 14:14:06 - RQ1 - INFO - Recall: 0.0000
2026-03-22 14:14:06 - RQ1 - INFO - F1-score: 0.0000
2026-03-22 14:14:06 - RQ1 - INFO - 总预测数: 0
2026-03-22 14:14:06 - RQ1 - INFO - Ground Truth数: 22
2026-03-22 14:14:06 - RQ1 - INFO - 运行时间: 1.98ms
2026-03-22 14:14:06 - RQ1 - INFO - 
按Smell类型的性能:
2026-03-22 14:14:06 - RQ1 - INFO - --------------------------------------------------------------------------------
2026-03-22 14:14:06 - RQ1 - INFO - 
CIRCULAR_DEPENDENCY:
2026-03-22 14:14:06 - RQ1 - INFO -   Precision: 0.0000
2026-03-22 14:14:06 - RQ1 - INFO -   Recall: 0.0000
2026-03-22 14:14:06 - RQ1 - INFO -   F1-score: 0.0000
2026-03-22 14:14:06 - RQ1 - INFO -   预测数: 0
2026-03-22 14:14:06 - RQ1 - INFO -   真实数: 1
2026-03-22 14:14:06 - RQ1 - INFO - 
DATA_LEAKAGE:
2026-03-22 14:14:06 - RQ1 - INFO -   Precision: 0.0000
2026-03-22 14:14:06 - RQ1 - INFO -   Recall: 0.0000
2026-03-22 14:14:06 - RQ1 - INFO -   F1-score: 0.0000
2026-03-22 14:14:06 - RQ1 - INFO -   预测数: 0
2026-03-22 14:14:06 - RQ1 - INFO -   真实数: 2
2026-03-22 14:14:06 - RQ1 - INFO - 
EXCESSIVE_COPY:
2026-03-22 14:14:06 - RQ1 - INFO -   Precision: 0.0000
2026-03-22 14:14:06 - RQ1 - INFO -   Recall: 0.0000
2026-03-22 14:14:06 - RQ1 - INFO -   F1-score: 0.0000
2026-03-22 14:14:06 - RQ1 - INFO -   预测数: 0
2026-03-22 14:14:06 - RQ1 - INFO -   真实数: 1
2026-03-22 14:14:06 - RQ1 - INFO - 
HARDCODED_PARAMETERS:
2026-03-22 14:14:06 - RQ1 - INFO -   Precision: 0.0000
2026-03-22 14:14:06 - RQ1 - INFO -   Recall: 0.0000
2026-03-22 14:14:06 - RQ1 - INFO -   F1-score: 0.0000
2026-03-22 14:14:06 - RQ1 - INFO -   预测数: 0
2026-03-22 14:14:06 - RQ1 - INFO -   真实数: 2
2026-03-22 14:14:06 - RQ1 - INFO - 
IMPROPER_MODULE_COHESION:
2026-03-22 14:14:06 - RQ1 - INFO -   Precision: 0.0000
2026-03-22 14:14:06 - RQ1 - INFO -   Recall: 0.0000
2026-03-22 14:14:06 - RQ1 - INFO -   F1-score: 0.0000
2026-03-22 14:14:06 - RQ1 - INFO -   预测数: 0
2026-03-22 14:14:06 - RQ1 - INFO -   真实数: 1
2026-03-22 14:14:06 - RQ1 - INFO - 
INEFFICIENT_AGGREGATION:
2026-03-22 14:14:06 - RQ1 - INFO -   Precision: 0.0000
2026-03-22 14:14:06 - RQ1 - INFO -   Recall: 0.0000
2026-03-22 14:14:06 - RQ1 - INFO -   F1-score: 0.0000
2026-03-22 14:14:06 - RQ1 - INFO -   预测数: 0
2026-03-22 14:14:06 - RQ1 - INFO -   真实数: 1
2026-03-22 14:14:06 - RQ1 - INFO - 
LACK_OF_VERSION_CONTROL:
2026-03-22 14:14:06 - RQ1 - INFO -   Precision: 0.0000
2026-03-22 14:14:06 - RQ1 - INFO -   Recall: 0.0000
2026-03-22 14:14:06 - RQ1 - INFO -   F1-score: 0.0000
2026-03-22 14:14:06 - RQ1 - INFO -   预测数: 0
2026-03-22 14:14:06 - RQ1 - INFO -   真实数: 1
2026-03-22 14:14:06 - RQ1 - INFO - 
LARGE_DATA_FRAME_OPERATION:
2026-03-22 14:14:06 - RQ1 - INFO -   Precision: 0.0000
2026-03-22 14:14:06 - RQ1 - INFO -   Recall: 0.0000
2026-03-22 14:14:06 - RQ1 - INFO -   F1-score: 0.0000
2026-03-22 14:14:06 - RQ1 - INFO -   预测数: 0
2026-03-22 14:14:06 - RQ1 - INFO -   真实数: 1
2026-03-22 14:14:06 - RQ1 - INFO - 
MISSING_DATA_PROFILING:
2026-03-22 14:14:06 - RQ1 - INFO -   Precision: 0.0000
2026-03-22 14:14:06 - RQ1 - INFO -   Recall: 0.0000
2026-03-22 14:14:06 - RQ1 - INFO -   F1-score: 0.0000
2026-03-22 14:14:06 - RQ1 - INFO -   预测数: 0
2026-03-22 14:14:06 - RQ1 - INFO -   真实数: 1
2026-03-22 14:14:06 - RQ1 - INFO - 
MISSING_EVALUATION:
2026-03-22 14:14:06 - RQ1 - INFO -   Precision: 0.0000
2026-03-22 14:14:06 - RQ1 - INFO -   Recall: 0.0000
2026-03-22 14:14:06 - RQ1 - INFO -   F1-score: 0.0000
2026-03-22 14:14:06 - RQ1 - INFO -   预测数: 0
2026-03-22 14:14:06 - RQ1 - INFO -   真实数: 2
2026-03-22 14:14:06 - RQ1 - INFO - 
MISSING_RANDOM_SEED:
2026-03-22 14:14:06 - RQ1 - INFO -   Precision: 0.0000
2026-03-22 14:14:06 - RQ1 - INFO -   Recall: 0.0000
2026-03-22 14:14:06 - RQ1 - INFO -   F1-score: 0.0000
2026-03-22 14:14:06 - RQ1 - INFO -   预测数: 0
2026-03-22 14:14:06 - RQ1 - INFO -   真实数: 2
2026-03-22 14:14:06 - RQ1 - INFO - 
MISSING_VALIDATION:
2026-03-22 14:14:06 - RQ1 - INFO -   Precision: 0.0000
2026-03-22 14:14:06 - RQ1 - INFO -   Recall: 0.0000
2026-03-22 14:14:06 - RQ1 - INFO -   F1-score: 0.0000
2026-03-22 14:14:06 - RQ1 - INFO -   预测数: 0
2026-03-22 14:14:06 - RQ1 - INFO -   真实数: 1
2026-03-22 14:14:06 - RQ1 - INFO - 
MODULE_ORDER_VIOLATION:
2026-03-22 14:14:06 - RQ1 - INFO -   Precision: 0.0000
2026-03-22 14:14:06 - RQ1 - INFO -   Recall: 0.0000
2026-03-22 14:14:06 - RQ1 - INFO -   F1-score: 0.0000
2026-03-22 14:14:06 - RQ1 - INFO -   预测数: 0
2026-03-22 14:14:06 - RQ1 - INFO -   真实数: 1
2026-03-22 14:14:06 - RQ1 - INFO - 
NON_DETERMINISTIC_ORDER:
2026-03-22 14:14:06 - RQ1 - INFO -   Precision: 0.0000
2026-03-22 14:14:06 - RQ1 - INFO -   Recall: 0.0000
2026-03-22 14:14:06 - RQ1 - INFO -   F1-score: 0.0000
2026-03-22 14:14:06 - RQ1 - INFO -   预测数: 0
2026-03-22 14:14:06 - RQ1 - INFO -   真实数: 1
2026-03-22 14:14:06 - RQ1 - INFO - 
PIPELINE_FRAGMENTATION:
2026-03-22 14:14:06 - RQ1 - INFO -   Precision: 0.0000
2026-03-22 14:14:06 - RQ1 - INFO -   Recall: 0.0000
2026-03-22 14:14:06 - RQ1 - INFO -   F1-score: 0.0000
2026-03-22 14:14:06 - RQ1 - INFO -   预测数: 0
2026-03-22 14:14:06 - RQ1 - INFO -   真实数: 1
2026-03-22 14:14:06 - RQ1 - INFO - 
REDUNDANT_OPERATION:
2026-03-22 14:14:06 - RQ1 - INFO -   Precision: 0.0000
2026-03-22 14:14:06 - RQ1 - INFO -   Recall: 0.0000
2026-03-22 14:14:06 - RQ1 - INFO -   F1-score: 0.0000
2026-03-22 14:14:06 - RQ1 - INFO -   预测数: 0
2026-03-22 14:14:06 - RQ1 - INFO -   真实数: 1
2026-03-22 14:14:06 - RQ1 - INFO - 
REPEATED_TRANSFORM:
2026-03-22 14:14:06 - RQ1 - INFO -   Precision: 0.0000
2026-03-22 14:14:06 - RQ1 - INFO -   Recall: 0.0000
2026-03-22 14:14:06 - RQ1 - INFO -   F1-score: 0.0000
2026-03-22 14:14:06 - RQ1 - INFO -   预测数: 0
2026-03-22 14:14:06 - RQ1 - INFO -   真实数: 1
2026-03-22 14:14:06 - RQ1 - INFO - 
UNNECESSARY_MATERIALIZATION:
2026-03-22 14:14:06 - RQ1 - INFO -   Precision: 0.0000
2026-03-22 14:14:06 - RQ1 - INFO -   Recall: 0.0000
2026-03-22 14:14:06 - RQ1 - INFO -   F1-score: 0.0000
2026-03-22 14:14:06 - RQ1 - INFO -   预测数: 0
2026-03-22 14:14:06 - RQ1 - INFO -   真实数: 1
2026-03-22 14:14:06 - RQ1 - INFO - 
结果已保存到: experiments\results\rq1
2026-03-22 14:14:06 - RQ1 - INFO - ================================================================================
2026-03-22 14:14:06 - RQ1 - INFO - RQ1实验完成
2026-03-22 14:14:06 - RQ1 - INFO - ================================================================================
2026-03-22 14:33:43 - RQ1 - INFO - ================================================================================
2026-03-22 14:33:43 - RQ1 - INFO - 开始RQ1实验：检测准确性评估
2026-03-22 14:33:43 - RQ1 - INFO - ================================================================================
2026-03-22 14:33:43 - RQ1 - INFO - 加载Ground Truth数据...
2026-03-22 14:33:43 - RQ1 - INFO - 加载了 22 个Ground Truth Smell
2026-03-22 14:33:43 - RQ1 - INFO - 需要检测 19 个文件
2026-03-22 14:33:43 - RQ1 - INFO - 运行Pipeline-aware检测...
2026-03-22 14:33:43 - RQ1 - INFO - 开始检测 19 个文件
2026-03-22 14:33:43 - RQ1 - INFO - 检测文件: D:\PipeSmell\dataset\example_18_lack_version_control.py
2026-03-22 14:33:43 - RQ1 - INFO - 检测到 0 个Smell
2026-03-22 14:33:43 - RQ1 - INFO - 检测文件: D:\PipeSmell\dataset\example_16_unnecessary_materialization.py
2026-03-22 14:33:43 - RQ1 - INFO - 检测到 0 个Smell
2026-03-22 14:33:43 - RQ1 - INFO - 检测文件: D:\PipeSmell\dataset\example_20_multiple_smells.py
2026-03-22 14:33:43 - RQ1 - INFO - 检测到 0 个Smell
2026-03-22 14:33:43 - RQ1 - INFO - 检测文件: D:\PipeSmell\dataset\example_11_excessive_copy.py
2026-03-22 14:33:43 - RQ1 - INFO - 检测到 0 个Smell
2026-03-22 14:33:43 - RQ1 - INFO - 检测文件: D:\PipeSmell\dataset\example_05_missing_evaluation.py
2026-03-22 14:33:43 - RQ1 - INFO - 检测到 0 个Smell
2026-03-22 14:33:43 - RQ1 - INFO - 检测文件: D:\PipeSmell\dataset\example_17_large_dataframe_operation.py
2026-03-22 14:33:43 - RQ1 - INFO - 检测到 0 个Smell
2026-03-22 14:33:43 - RQ1 - INFO - 检测文件: D:\PipeSmell\dataset\example_01_data_leakage.py
2026-03-22 14:33:43 - RQ1 - INFO - 检测到 0 个Smell
2026-03-22 14:33:43 - RQ1 - INFO - 检测文件: D:\PipeSmell\dataset\example_06_hardcoded_parameters.py
2026-03-22 14:33:43 - RQ1 - INFO - 检测到 0 个Smell
2026-03-22 14:33:43 - RQ1 - INFO - 检测文件: D:\PipeSmell\dataset\example_15_pipeline_fragmentation.py
2026-03-22 14:33:43 - RQ1 - INFO - 检测到 0 个Smell
2026-03-22 14:33:43 - RQ1 - INFO - 检测文件: D:\PipeSmell\dataset\example_14_improper_module_cohesion.py
2026-03-22 14:33:43 - RQ1 - INFO - 检测到 0 个Smell
2026-03-22 14:33:43 - RQ1 - INFO - 检测文件: D:\PipeSmell\dataset\example_02_missing_random_seed.py
2026-03-22 14:33:43 - RQ1 - INFO - 检测到 0 个Smell
2026-03-22 14:33:43 - RQ1 - INFO - 检测文件: D:\PipeSmell\dataset\example_13_circular_dependency.py
2026-03-22 14:33:43 - RQ1 - INFO - 检测到 0 个Smell
2026-03-22 14:33:43 - RQ1 - INFO - 检测文件: D:\PipeSmell\dataset\example_04_repeated_transform.py
2026-03-22 14:33:43 - RQ1 - INFO - 检测到 0 个Smell
2026-03-22 14:33:43 - RQ1 - INFO - 检测文件: D:\PipeSmell\dataset\example_09_missing_data_profiling.py
2026-03-22 14:33:43 - RQ1 - INFO - 检测到 0 个Smell
2026-03-22 14:33:43 - RQ1 - INFO - 检测文件: D:\PipeSmell\dataset\example_03_missing_validation.py
2026-03-22 14:33:43 - RQ1 - INFO - 检测到 0 个Smell
2026-03-22 14:33:43 - RQ1 - INFO - 检测文件: D:\PipeSmell\dataset\example_12_module_order_violation.py
2026-03-22 14:33:43 - RQ1 - INFO - 检测到 0 个Smell
2026-03-22 14:33:43 - RQ1 - INFO - 检测文件: D:\PipeSmell\dataset\example_10_redundant_operation.py
2026-03-22 14:33:43 - RQ1 - INFO - 检测到 0 个Smell
2026-03-22 14:33:43 - RQ1 - INFO - 检测文件: D:\PipeSmell\dataset\example_07_nondeterministic_order.py
2026-03-22 14:33:43 - RQ1 - INFO - 检测到 0 个Smell
2026-03-22 14:33:43 - RQ1 - INFO - 检测文件: D:\PipeSmell\dataset\example_08_inefficient_aggregation.py
2026-03-22 14:33:43 - RQ1 - INFO - 检测到 0 个Smell
2026-03-22 14:33:43 - RQ1 - INFO - 总共检测到 0 个Smell
2026-03-22 14:33:43 - RQ1 - INFO - 执行评估...
2026-03-22 14:33:44 - RQ1 - INFO - ================================================================================
2026-03-22 14:33:44 - RQ1 - INFO - RQ1实验结果
2026-03-22 14:33:44 - RQ1 - INFO - ================================================================================
2026-03-22 14:33:44 - RQ1 - INFO - 方法: Pipeline-aware
2026-03-22 14:33:44 - RQ1 - INFO - Precision: 0.0000
2026-03-22 14:33:44 - RQ1 - INFO - Recall: 0.0000
2026-03-22 14:33:44 - RQ1 - INFO - F1-score: 0.0000
2026-03-22 14:33:44 - RQ1 - INFO - 总预测数: 0
2026-03-22 14:33:44 - RQ1 - INFO - Ground Truth数: 22
2026-03-22 14:33:44 - RQ1 - INFO - 运行时间: 32.53ms
2026-03-22 14:33:44 - RQ1 - INFO - 
按Smell类型的性能:
2026-03-22 14:33:44 - RQ1 - INFO - --------------------------------------------------------------------------------
2026-03-22 14:33:44 - RQ1 - INFO - 
CIRCULAR_DEPENDENCY:
2026-03-22 14:33:44 - RQ1 - INFO -   Precision: 0.0000
2026-03-22 14:33:44 - RQ1 - INFO -   Recall: 0.0000
2026-03-22 14:33:44 - RQ1 - INFO -   F1-score: 0.0000
2026-03-22 14:33:44 - RQ1 - INFO -   预测数: 0
2026-03-22 14:33:44 - RQ1 - INFO -   真实数: 1
2026-03-22 14:33:44 - RQ1 - INFO - 
DATA_LEAKAGE:
2026-03-22 14:33:44 - RQ1 - INFO -   Precision: 0.0000
2026-03-22 14:33:44 - RQ1 - INFO -   Recall: 0.0000
2026-03-22 14:33:44 - RQ1 - INFO -   F1-score: 0.0000
2026-03-22 14:33:44 - RQ1 - INFO -   预测数: 0
2026-03-22 14:33:44 - RQ1 - INFO -   真实数: 2
2026-03-22 14:33:44 - RQ1 - INFO - 
EXCESSIVE_COPY:
2026-03-22 14:33:44 - RQ1 - INFO -   Precision: 0.0000
2026-03-22 14:33:44 - RQ1 - INFO -   Recall: 0.0000
2026-03-22 14:33:44 - RQ1 - INFO -   F1-score: 0.0000
2026-03-22 14:33:44 - RQ1 - INFO -   预测数: 0
2026-03-22 14:33:44 - RQ1 - INFO -   真实数: 1
2026-03-22 14:33:44 - RQ1 - INFO - 
HARDCODED_PARAMETERS:
2026-03-22 14:33:44 - RQ1 - INFO -   Precision: 0.0000
2026-03-22 14:33:44 - RQ1 - INFO -   Recall: 0.0000
2026-03-22 14:33:44 - RQ1 - INFO -   F1-score: 0.0000
2026-03-22 14:33:44 - RQ1 - INFO -   预测数: 0
2026-03-22 14:33:44 - RQ1 - INFO -   真实数: 2
2026-03-22 14:33:44 - RQ1 - INFO - 
IMPROPER_MODULE_COHESION:
2026-03-22 14:33:44 - RQ1 - INFO -   Precision: 0.0000
2026-03-22 14:33:44 - RQ1 - INFO -   Recall: 0.0000
2026-03-22 14:33:44 - RQ1 - INFO -   F1-score: 0.0000
2026-03-22 14:33:44 - RQ1 - INFO -   预测数: 0
2026-03-22 14:33:44 - RQ1 - INFO -   真实数: 1
2026-03-22 14:33:44 - RQ1 - INFO - 
INEFFICIENT_AGGREGATION:
2026-03-22 14:33:44 - RQ1 - INFO -   Precision: 0.0000
2026-03-22 14:33:44 - RQ1 - INFO -   Recall: 0.0000
2026-03-22 14:33:44 - RQ1 - INFO -   F1-score: 0.0000
2026-03-22 14:33:44 - RQ1 - INFO -   预测数: 0
2026-03-22 14:33:44 - RQ1 - INFO -   真实数: 1
2026-03-22 14:33:44 - RQ1 - INFO - 
LACK_OF_VERSION_CONTROL:
2026-03-22 14:33:44 - RQ1 - INFO -   Precision: 0.0000
2026-03-22 14:33:44 - RQ1 - INFO -   Recall: 0.0000
2026-03-22 14:33:44 - RQ1 - INFO -   F1-score: 0.0000
2026-03-22 14:33:44 - RQ1 - INFO -   预测数: 0
2026-03-22 14:33:44 - RQ1 - INFO -   真实数: 1
2026-03-22 14:33:44 - RQ1 - INFO - 
LARGE_DATA_FRAME_OPERATION:
2026-03-22 14:33:44 - RQ1 - INFO -   Precision: 0.0000
2026-03-22 14:33:44 - RQ1 - INFO -   Recall: 0.0000
2026-03-22 14:33:44 - RQ1 - INFO -   F1-score: 0.0000
2026-03-22 14:33:44 - RQ1 - INFO -   预测数: 0
2026-03-22 14:33:44 - RQ1 - INFO -   真实数: 1
2026-03-22 14:33:44 - RQ1 - INFO - 
MISSING_DATA_PROFILING:
2026-03-22 14:33:44 - RQ1 - INFO -   Precision: 0.0000
2026-03-22 14:33:44 - RQ1 - INFO -   Recall: 0.0000
2026-03-22 14:33:44 - RQ1 - INFO -   F1-score: 0.0000
2026-03-22 14:33:44 - RQ1 - INFO -   预测数: 0
2026-03-22 14:33:44 - RQ1 - INFO -   真实数: 1
2026-03-22 14:33:44 - RQ1 - INFO - 
MISSING_EVALUATION:
2026-03-22 14:33:44 - RQ1 - INFO -   Precision: 0.0000
2026-03-22 14:33:44 - RQ1 - INFO -   Recall: 0.0000
2026-03-22 14:33:44 - RQ1 - INFO -   F1-score: 0.0000
2026-03-22 14:33:44 - RQ1 - INFO -   预测数: 0
2026-03-22 14:33:44 - RQ1 - INFO -   真实数: 2
2026-03-22 14:33:44 - RQ1 - INFO - 
MISSING_RANDOM_SEED:
2026-03-22 14:33:44 - RQ1 - INFO -   Precision: 0.0000
2026-03-22 14:33:44 - RQ1 - INFO -   Recall: 0.0000
2026-03-22 14:33:44 - RQ1 - INFO -   F1-score: 0.0000
2026-03-22 14:33:44 - RQ1 - INFO -   预测数: 0
2026-03-22 14:33:44 - RQ1 - INFO -   真实数: 2
2026-03-22 14:33:44 - RQ1 - INFO - 
MISSING_VALIDATION:
2026-03-22 14:33:44 - RQ1 - INFO -   Precision: 0.0000
2026-03-22 14:33:44 - RQ1 - INFO -   Recall: 0.0000
2026-03-22 14:33:44 - RQ1 - INFO -   F1-score: 0.0000
2026-03-22 14:33:44 - RQ1 - INFO -   预测数: 0
2026-03-22 14:33:44 - RQ1 - INFO -   真实数: 1
2026-03-22 14:33:44 - RQ1 - INFO - 
MODULE_ORDER_VIOLATION:
2026-03-22 14:33:44 - RQ1 - INFO -   Precision: 0.0000
2026-03-22 14:33:44 - RQ1 - INFO -   Recall: 0.0000
2026-03-22 14:33:44 - RQ1 - INFO -   F1-score: 0.0000
2026-03-22 14:33:44 - RQ1 - INFO -   预测数: 0
2026-03-22 14:33:44 - RQ1 - INFO -   真实数: 1
2026-03-22 14:33:44 - RQ1 - INFO - 
NON_DETERMINISTIC_ORDER:
2026-03-22 14:33:44 - RQ1 - INFO -   Precision: 0.0000
2026-03-22 14:33:44 - RQ1 - INFO -   Recall: 0.0000
2026-03-22 14:33:44 - RQ1 - INFO -   F1-score: 0.0000
2026-03-22 14:33:44 - RQ1 - INFO -   预测数: 0
2026-03-22 14:33:44 - RQ1 - INFO -   真实数: 1
2026-03-22 14:33:44 - RQ1 - INFO - 
PIPELINE_FRAGMENTATION:
2026-03-22 14:33:44 - RQ1 - INFO -   Precision: 0.0000
2026-03-22 14:33:44 - RQ1 - INFO -   Recall: 0.0000
2026-03-22 14:33:44 - RQ1 - INFO -   F1-score: 0.0000
2026-03-22 14:33:44 - RQ1 - INFO -   预测数: 0
2026-03-22 14:33:44 - RQ1 - INFO -   真实数: 1
2026-03-22 14:33:44 - RQ1 - INFO - 
REDUNDANT_OPERATION:
2026-03-22 14:33:44 - RQ1 - INFO -   Precision: 0.0000
2026-03-22 14:33:44 - RQ1 - INFO -   Recall: 0.0000
2026-03-22 14:33:44 - RQ1 - INFO -   F1-score: 0.0000
2026-03-22 14:33:44 - RQ1 - INFO -   预测数: 0
2026-03-22 14:33:44 - RQ1 - INFO -   真实数: 1
2026-03-22 14:33:44 - RQ1 - INFO - 
REPEATED_TRANSFORM:
2026-03-22 14:33:44 - RQ1 - INFO -   Precision: 0.0000
2026-03-22 14:33:44 - RQ1 - INFO -   Recall: 0.0000
2026-03-22 14:33:44 - RQ1 - INFO -   F1-score: 0.0000
2026-03-22 14:33:44 - RQ1 - INFO -   预测数: 0
2026-03-22 14:33:44 - RQ1 - INFO -   真实数: 1
2026-03-22 14:33:44 - RQ1 - INFO - 
UNNECESSARY_MATERIALIZATION:
2026-03-22 14:33:44 - RQ1 - INFO -   Precision: 0.0000
2026-03-22 14:33:44 - RQ1 - INFO -   Recall: 0.0000
2026-03-22 14:33:44 - RQ1 - INFO -   F1-score: 0.0000
2026-03-22 14:33:44 - RQ1 - INFO -   预测数: 0
2026-03-22 14:33:44 - RQ1 - INFO -   真实数: 1
2026-03-22 14:33:44 - RQ1 - INFO - 
结果已保存到: experiments\results\rq1
2026-03-22 14:33:44 - RQ1 - INFO - ================================================================================
2026-03-22 14:33:44 - RQ1 - INFO - RQ1实验完成
2026-03-22 14:33:44 - RQ1 - INFO - ================================================================================
2026-03-22 14:44:13 - RQ1 - INFO - ================================================================================
2026-03-22 14:44:13 - RQ1 - INFO - 开始RQ1实验：检测准确性评估
2026-03-22 14:44:13 - RQ1 - INFO - ================================================================================
2026-03-22 14:44:13 - RQ1 - INFO - 加载Ground Truth数据...
2026-03-22 14:44:13 - RQ1 - INFO - 加载了 22 个Ground Truth Smell
2026-03-22 14:44:13 - RQ1 - INFO - 需要检测 19 个文件
2026-03-22 14:44:13 - RQ1 - INFO - 运行Pipeline-aware检测...
2026-03-22 14:44:13 - RQ1 - INFO - 开始检测 19 个文件
2026-03-22 14:44:14 - RQ1 - INFO - 检测文件: D:\PipeSmell\dataset\example_18_lack_version_control.py
2026-03-22 14:44:14 - RQ1 - INFO - 检测到 0 个Smell
2026-03-22 14:44:14 - RQ1 - INFO - 检测文件: D:\PipeSmell\dataset\example_12_module_order_violation.py
2026-03-22 14:44:14 - RQ1 - INFO - 检测到 0 个Smell
2026-03-22 14:44:14 - RQ1 - INFO - 检测文件: D:\PipeSmell\dataset\example_11_excessive_copy.py
2026-03-22 14:44:14 - RQ1 - INFO - 检测到 0 个Smell
2026-03-22 14:44:14 - RQ1 - INFO - 检测文件: D:\PipeSmell\dataset\example_20_multiple_smells.py
2026-03-22 14:44:14 - RQ1 - INFO - 检测到 0 个Smell
2026-03-22 14:44:14 - RQ1 - INFO - 检测文件: D:\PipeSmell\dataset\example_05_missing_evaluation.py
2026-03-22 14:44:14 - RQ1 - INFO - 检测到 0 个Smell
2026-03-22 14:44:14 - RQ1 - INFO - 检测文件: D:\PipeSmell\dataset\example_03_missing_validation.py
2026-03-22 14:44:14 - RQ1 - INFO - 检测到 0 个Smell
2026-03-22 14:44:14 - RQ1 - INFO - 检测文件: D:\PipeSmell\dataset\example_13_circular_dependency.py
2026-03-22 14:44:14 - RQ1 - INFO - 检测到 0 个Smell
2026-03-22 14:44:14 - RQ1 - INFO - 检测文件: D:\PipeSmell\dataset\example_10_redundant_operation.py
2026-03-22 14:44:14 - RQ1 - INFO - 检测到 0 个Smell
2026-03-22 14:44:14 - RQ1 - INFO - 检测文件: D:\PipeSmell\dataset\example_09_missing_data_profiling.py
2026-03-22 14:44:14 - RQ1 - INFO - 检测到 0 个Smell
2026-03-22 14:44:14 - RQ1 - INFO - 检测文件: D:\PipeSmell\dataset\example_16_unnecessary_materialization.py
2026-03-22 14:44:14 - RQ1 - INFO - 检测到 0 个Smell
2026-03-22 14:44:14 - RQ1 - INFO - 检测文件: D:\PipeSmell\dataset\example_08_inefficient_aggregation.py
2026-03-22 14:44:14 - RQ1 - INFO - 检测到 0 个Smell
2026-03-22 14:44:14 - RQ1 - INFO - 检测文件: D:\PipeSmell\dataset\example_01_data_leakage.py
2026-03-22 14:44:14 - RQ1 - INFO - 检测到 0 个Smell
2026-03-22 14:44:14 - RQ1 - INFO - 检测文件: D:\PipeSmell\dataset\example_15_pipeline_fragmentation.py
2026-03-22 14:44:14 - RQ1 - INFO - 检测到 0 个Smell
2026-03-22 14:44:14 - RQ1 - INFO - 检测文件: D:\PipeSmell\dataset\example_02_missing_random_seed.py
2026-03-22 14:44:14 - RQ1 - INFO - 检测到 0 个Smell
2026-03-22 14:44:14 - RQ1 - INFO - 检测文件: D:\PipeSmell\dataset\example_14_improper_module_cohesion.py
2026-03-22 14:44:14 - RQ1 - INFO - 检测到 0 个Smell
2026-03-22 14:44:14 - RQ1 - INFO - 检测文件: D:\PipeSmell\dataset\example_06_hardcoded_parameters.py
2026-03-22 14:44:14 - RQ1 - INFO - 检测到 0 个Smell
2026-03-22 14:44:14 - RQ1 - INFO - 检测文件: D:\PipeSmell\dataset\example_07_nondeterministic_order.py
2026-03-22 14:44:14 - RQ1 - INFO - 检测到 0 个Smell
2026-03-22 14:44:14 - RQ1 - INFO - 检测文件: D:\PipeSmell\dataset\example_17_large_dataframe_operation.py
2026-03-22 14:44:14 - RQ1 - INFO - 检测到 0 个Smell
2026-03-22 14:44:14 - RQ1 - INFO - 检测文件: D:\PipeSmell\dataset\example_04_repeated_transform.py
2026-03-22 14:44:14 - RQ1 - INFO - 检测到 0 个Smell
2026-03-22 14:44:14 - RQ1 - INFO - 总共检测到 0 个Smell
2026-03-22 14:44:14 - RQ1 - INFO - 执行评估...
2026-03-22 14:44:14 - RQ1 - INFO - ================================================================================
2026-03-22 14:44:14 - RQ1 - INFO - RQ1实验结果
2026-03-22 14:44:14 - RQ1 - INFO - ================================================================================
2026-03-22 14:44:14 - RQ1 - INFO - 方法: Pipeline-aware
2026-03-22 14:44:14 - RQ1 - INFO - Precision: 0.0000
2026-03-22 14:44:14 - RQ1 - INFO - Recall: 0.0000
2026-03-22 14:44:14 - RQ1 - INFO - F1-score: 0.0000
2026-03-22 14:44:14 - RQ1 - INFO - 总预测数: 0
2026-03-22 14:44:14 - RQ1 - INFO - Ground Truth数: 22
2026-03-22 14:44:14 - RQ1 - INFO - 运行时间: 2.13ms
2026-03-22 14:44:14 - RQ1 - INFO - 
按Smell类型的性能:
2026-03-22 14:44:14 - RQ1 - INFO - --------------------------------------------------------------------------------
2026-03-22 14:44:14 - RQ1 - INFO - 
CIRCULAR_DEPENDENCY:
2026-03-22 14:44:14 - RQ1 - INFO -   Precision: 0.0000
2026-03-22 14:44:14 - RQ1 - INFO -   Recall: 0.0000
2026-03-22 14:44:14 - RQ1 - INFO -   F1-score: 0.0000
2026-03-22 14:44:14 - RQ1 - INFO -   预测数: 0
2026-03-22 14:44:14 - RQ1 - INFO -   真实数: 1
2026-03-22 14:44:14 - RQ1 - INFO - 
DATA_LEAKAGE:
2026-03-22 14:44:14 - RQ1 - INFO -   Precision: 0.0000
2026-03-22 14:44:14 - RQ1 - INFO -   Recall: 0.0000
2026-03-22 14:44:14 - RQ1 - INFO -   F1-score: 0.0000
2026-03-22 14:44:14 - RQ1 - INFO -   预测数: 0
2026-03-22 14:44:14 - RQ1 - INFO -   真实数: 2
2026-03-22 14:44:14 - RQ1 - INFO - 
EXCESSIVE_COPY:
2026-03-22 14:44:14 - RQ1 - INFO -   Precision: 0.0000
2026-03-22 14:44:14 - RQ1 - INFO -   Recall: 0.0000
2026-03-22 14:44:14 - RQ1 - INFO -   F1-score: 0.0000
2026-03-22 14:44:14 - RQ1 - INFO -   预测数: 0
2026-03-22 14:44:14 - RQ1 - INFO -   真实数: 1
2026-03-22 14:44:14 - RQ1 - INFO - 
HARDCODED_PARAMETERS:
2026-03-22 14:44:14 - RQ1 - INFO -   Precision: 0.0000
2026-03-22 14:44:14 - RQ1 - INFO -   Recall: 0.0000
2026-03-22 14:44:14 - RQ1 - INFO -   F1-score: 0.0000
2026-03-22 14:44:14 - RQ1 - INFO -   预测数: 0
2026-03-22 14:44:14 - RQ1 - INFO -   真实数: 2
2026-03-22 14:44:14 - RQ1 - INFO - 
IMPROPER_MODULE_COHESION:
2026-03-22 14:44:14 - RQ1 - INFO -   Precision: 0.0000
2026-03-22 14:44:14 - RQ1 - INFO -   Recall: 0.0000
2026-03-22 14:44:14 - RQ1 - INFO -   F1-score: 0.0000
2026-03-22 14:44:14 - RQ1 - INFO -   预测数: 0
2026-03-22 14:44:14 - RQ1 - INFO -   真实数: 1
2026-03-22 14:44:14 - RQ1 - INFO - 
INEFFICIENT_AGGREGATION:
2026-03-22 14:44:14 - RQ1 - INFO -   Precision: 0.0000
2026-03-22 14:44:14 - RQ1 - INFO -   Recall: 0.0000
2026-03-22 14:44:14 - RQ1 - INFO -   F1-score: 0.0000
2026-03-22 14:44:14 - RQ1 - INFO -   预测数: 0
2026-03-22 14:44:14 - RQ1 - INFO -   真实数: 1
2026-03-22 14:44:14 - RQ1 - INFO - 
LACK_OF_VERSION_CONTROL:
2026-03-22 14:44:14 - RQ1 - INFO -   Precision: 0.0000
2026-03-22 14:44:14 - RQ1 - INFO -   Recall: 0.0000
2026-03-22 14:44:14 - RQ1 - INFO -   F1-score: 0.0000
2026-03-22 14:44:14 - RQ1 - INFO -   预测数: 0
2026-03-22 14:44:14 - RQ1 - INFO -   真实数: 1
2026-03-22 14:44:14 - RQ1 - INFO - 
LARGE_DATA_FRAME_OPERATION:
2026-03-22 14:44:14 - RQ1 - INFO -   Precision: 0.0000
2026-03-22 14:44:14 - RQ1 - INFO -   Recall: 0.0000
2026-03-22 14:44:14 - RQ1 - INFO -   F1-score: 0.0000
2026-03-22 14:44:14 - RQ1 - INFO -   预测数: 0
2026-03-22 14:44:14 - RQ1 - INFO -   真实数: 1
2026-03-22 14:44:14 - RQ1 - INFO - 
MISSING_DATA_PROFILING:
2026-03-22 14:44:14 - RQ1 - INFO -   Precision: 0.0000
2026-03-22 14:44:14 - RQ1 - INFO -   Recall: 0.0000
2026-03-22 14:44:14 - RQ1 - INFO -   F1-score: 0.0000
2026-03-22 14:44:14 - RQ1 - INFO -   预测数: 0
2026-03-22 14:44:14 - RQ1 - INFO -   真实数: 1
2026-03-22 14:44:14 - RQ1 - INFO - 
MISSING_EVALUATION:
2026-03-22 14:44:14 - RQ1 - INFO -   Precision: 0.0000
2026-03-22 14:44:14 - RQ1 - INFO -   Recall: 0.0000
2026-03-22 14:44:14 - RQ1 - INFO -   F1-score: 0.0000
2026-03-22 14:44:14 - RQ1 - INFO -   预测数: 0
2026-03-22 14:44:14 - RQ1 - INFO -   真实数: 2
2026-03-22 14:44:14 - RQ1 - INFO - 
MISSING_RANDOM_SEED:
2026-03-22 14:44:14 - RQ1 - INFO -   Precision: 0.0000
2026-03-22 14:44:14 - RQ1 - INFO -   Recall: 0.0000
2026-03-22 14:44:14 - RQ1 - INFO -   F1-score: 0.0000
2026-03-22 14:44:14 - RQ1 - INFO -   预测数: 0
2026-03-22 14:44:14 - RQ1 - INFO -   真实数: 2
2026-03-22 14:44:14 - RQ1 - INFO - 
MISSING_VALIDATION:
2026-03-22 14:44:14 - RQ1 - INFO -   Precision: 0.0000
2026-03-22 14:44:14 - RQ1 - INFO -   Recall: 0.0000
2026-03-22 14:44:14 - RQ1 - INFO -   F1-score: 0.0000
2026-03-22 14:44:14 - RQ1 - INFO -   预测数: 0
2026-03-22 14:44:14 - RQ1 - INFO -   真实数: 1
2026-03-22 14:44:14 - RQ1 - INFO - 
MODULE_ORDER_VIOLATION:
2026-03-22 14:44:14 - RQ1 - INFO -   Precision: 0.0000
2026-03-22 14:44:14 - RQ1 - INFO -   Recall: 0.0000
2026-03-22 14:44:14 - RQ1 - INFO -   F1-score: 0.0000
2026-03-22 14:44:14 - RQ1 - INFO -   预测数: 0
2026-03-22 14:44:14 - RQ1 - INFO -   真实数: 1
2026-03-22 14:44:14 - RQ1 - INFO - 
NON_DETERMINISTIC_ORDER:
2026-03-22 14:44:14 - RQ1 - INFO -   Precision: 0.0000
2026-03-22 14:44:14 - RQ1 - INFO -   Recall: 0.0000
2026-03-22 14:44:14 - RQ1 - INFO -   F1-score: 0.0000
2026-03-22 14:44:14 - RQ1 - INFO -   预测数: 0
2026-03-22 14:44:14 - RQ1 - INFO -   真实数: 1
2026-03-22 14:44:14 - RQ1 - INFO - 
PIPELINE_FRAGMENTATION:
2026-03-22 14:44:14 - RQ1 - INFO -   Precision: 0.0000
2026-03-22 14:44:14 - RQ1 - INFO -   Recall: 0.0000
2026-03-22 14:44:14 - RQ1 - INFO -   F1-score: 0.0000
2026-03-22 14:44:14 - RQ1 - INFO -   预测数: 0
2026-03-22 14:44:14 - RQ1 - INFO -   真实数: 1
2026-03-22 14:44:14 - RQ1 - INFO - 
REDUNDANT_OPERATION:
2026-03-22 14:44:14 - RQ1 - INFO -   Precision: 0.0000
2026-03-22 14:44:14 - RQ1 - INFO -   Recall: 0.0000
2026-03-22 14:44:14 - RQ1 - INFO -   F1-score: 0.0000
2026-03-22 14:44:14 - RQ1 - INFO -   预测数: 0
2026-03-22 14:44:14 - RQ1 - INFO -   真实数: 1
2026-03-22 14:44:14 - RQ1 - INFO - 
REPEATED_TRANSFORM:
2026-03-22 14:44:14 - RQ1 - INFO -   Precision: 0.0000
2026-03-22 14:44:14 - RQ1 - INFO -   Recall: 0.0000
2026-03-22 14:44:14 - RQ1 - INFO -   F1-score: 0.0000
2026-03-22 14:44:14 - RQ1 - INFO -   预测数: 0
2026-03-22 14:44:14 - RQ1 - INFO -   真实数: 1
2026-03-22 14:44:14 - RQ1 - INFO - 
UNNECESSARY_MATERIALIZATION:
2026-03-22 14:44:14 - RQ1 - INFO -   Precision: 0.0000
2026-03-22 14:44:14 - RQ1 - INFO -   Recall: 0.0000
2026-03-22 14:44:14 - RQ1 - INFO -   F1-score: 0.0000
2026-03-22 14:44:14 - RQ1 - INFO -   预测数: 0
2026-03-22 14:44:14 - RQ1 - INFO -   真实数: 1
2026-03-22 14:44:14 - RQ1 - INFO - 
结果已保存到: experiments\results\rq1
2026-03-22 14:44:14 - RQ1 - INFO - ================================================================================
2026-03-22 14:44:14 - RQ1 - INFO - RQ1实验完成
2026-03-22 14:44:14 - RQ1 - INFO - ================================================================================
2026-03-22 14:50:32 - RQ1 - INFO - ================================================================================
2026-03-22 14:50:32 - RQ1 - INFO - 开始RQ1实验：检测准确性评估
2026-03-22 14:50:32 - RQ1 - INFO - ================================================================================
2026-03-22 14:50:32 - RQ1 - INFO - 加载Ground Truth数据...
2026-03-22 14:50:32 - RQ1 - INFO - 加载了 22 个Ground Truth Smell
2026-03-22 14:50:32 - RQ1 - INFO - 需要检测 19 个文件
2026-03-22 14:50:32 - RQ1 - INFO - 运行Pipeline-aware检测...
2026-03-22 14:50:32 - RQ1 - INFO - 开始检测 19 个文件
2026-03-22 14:50:32 - RQ1 - INFO - 检测文件: D:\PipeSmell\dataset\example_08_inefficient_aggregation.py
2026-03-22 14:50:32 - RQ1 - INFO - 检测到 4 个Smell
2026-03-22 14:50:32 - RQ1 - INFO - 检测文件: D:\PipeSmell\dataset\example_15_pipeline_fragmentation.py
2026-03-22 14:50:32 - RQ1 - INFO - 检测到 5 个Smell
2026-03-22 14:50:32 - RQ1 - INFO - 检测文件: D:\PipeSmell\dataset\example_17_large_dataframe_operation.py
2026-03-22 14:50:32 - RQ1 - INFO - 检测到 6 个Smell
2026-03-22 14:50:32 - RQ1 - INFO - 检测文件: D:\PipeSmell\dataset\example_14_improper_module_cohesion.py
2026-03-22 14:50:32 - RQ1 - INFO - 检测到 3 个Smell
2026-03-22 14:50:32 - RQ1 - INFO - 检测文件: D:\PipeSmell\dataset\example_20_multiple_smells.py
2026-03-22 14:50:32 - RQ1 - INFO - 检测到 7 个Smell
2026-03-22 14:50:32 - RQ1 - INFO - 检测文件: D:\PipeSmell\dataset\example_05_missing_evaluation.py
2026-03-22 14:50:32 - RQ1 - INFO - 检测到 3 个Smell
2026-03-22 14:50:32 - RQ1 - INFO - 检测文件: D:\PipeSmell\dataset\example_11_excessive_copy.py
2026-03-22 14:50:32 - RQ1 - INFO - 检测到 5 个Smell
2026-03-22 14:50:32 - RQ1 - INFO - 检测文件: D:\PipeSmell\dataset\example_06_hardcoded_parameters.py
2026-03-22 14:50:32 - RQ1 - INFO - 检测到 4 个Smell
2026-03-22 14:50:32 - RQ1 - INFO - 检测文件: D:\PipeSmell\dataset\example_03_missing_validation.py
2026-03-22 14:50:32 - RQ1 - INFO - 检测到 2 个Smell
2026-03-22 14:50:32 - RQ1 - INFO - 检测文件: D:\PipeSmell\dataset\example_01_data_leakage.py
2026-03-22 14:50:32 - RQ1 - INFO - 检测到 5 个Smell
2026-03-22 14:50:32 - RQ1 - INFO - 检测文件: D:\PipeSmell\dataset\example_04_repeated_transform.py
2026-03-22 14:50:32 - RQ1 - INFO - 检测到 4 个Smell
2026-03-22 14:50:32 - RQ1 - INFO - 检测文件: D:\PipeSmell\dataset\example_16_unnecessary_materialization.py
2026-03-22 14:50:32 - RQ1 - INFO - 检测到 7 个Smell
2026-03-22 14:50:32 - RQ1 - INFO - 检测文件: D:\PipeSmell\dataset\example_10_redundant_operation.py
2026-03-22 14:50:32 - RQ1 - INFO - 检测到 4 个Smell
2026-03-22 14:50:32 - RQ1 - INFO - 检测文件: D:\PipeSmell\dataset\example_18_lack_version_control.py
2026-03-22 14:50:32 - RQ1 - INFO - 检测到 3 个Smell
2026-03-22 14:50:32 - RQ1 - INFO - 检测文件: D:\PipeSmell\dataset\example_07_nondeterministic_order.py
2026-03-22 14:50:32 - RQ1 - INFO - 检测到 3 个Smell
2026-03-22 14:50:32 - RQ1 - INFO - 检测文件: D:\PipeSmell\dataset\example_13_circular_dependency.py
2026-03-22 14:50:32 - RQ1 - INFO - 检测到 5 个Smell
2026-03-22 14:50:32 - RQ1 - INFO - 检测文件: D:\PipeSmell\dataset\example_02_missing_random_seed.py
2026-03-22 14:50:32 - RQ1 - INFO - 检测到 3 个Smell
2026-03-22 14:50:32 - RQ1 - INFO - 检测文件: D:\PipeSmell\dataset\example_12_module_order_violation.py
2026-03-22 14:50:33 - RQ1 - INFO - 检测到 5 个Smell
2026-03-22 14:50:33 - RQ1 - INFO - 检测文件: D:\PipeSmell\dataset\example_09_missing_data_profiling.py
2026-03-22 14:50:33 - RQ1 - INFO - 检测到 3 个Smell
2026-03-22 14:50:33 - RQ1 - INFO - 总共检测到 81 个Smell
2026-03-22 14:50:33 - RQ1 - INFO - 执行评估...
2026-03-22 14:50:33 - RQ1 - INFO - ================================================================================
2026-03-22 14:50:33 - RQ1 - INFO - RQ1实验结果
2026-03-22 14:50:33 - RQ1 - INFO - ================================================================================
2026-03-22 14:50:33 - RQ1 - INFO - 方法: Pipeline-aware
2026-03-22 14:50:33 - RQ1 - INFO - Precision: 0.0247
2026-03-22 14:50:33 - RQ1 - INFO - Recall: 0.0909
2026-03-22 14:50:33 - RQ1 - INFO - F1-score: 0.0388
2026-03-22 14:50:33 - RQ1 - INFO - 总预测数: 81
2026-03-22 14:50:33 - RQ1 - INFO - Ground Truth数: 22
2026-03-22 14:50:33 - RQ1 - INFO - 运行时间: 1.11ms
2026-03-22 14:50:33 - RQ1 - INFO - 
按Smell类型的性能:
2026-03-22 14:50:33 - RQ1 - INFO - --------------------------------------------------------------------------------
2026-03-22 14:50:33 - RQ1 - INFO - 
CIRCULAR_DEPENDENCY:
2026-03-22 14:50:33 - RQ1 - INFO -   Precision: 0.0000
2026-03-22 14:50:33 - RQ1 - INFO -   Recall: 0.0000
2026-03-22 14:50:33 - RQ1 - INFO -   F1-score: 0.0000
2026-03-22 14:50:33 - RQ1 - INFO -   预测数: 1
2026-03-22 14:50:33 - RQ1 - INFO -   真实数: 1
2026-03-22 14:50:33 - RQ1 - INFO - 
DATA_LEAKAGE:
2026-03-22 14:50:33 - RQ1 - INFO -   Precision: 0.0000
2026-03-22 14:50:33 - RQ1 - INFO -   Recall: 0.0000
2026-03-22 14:50:33 - RQ1 - INFO -   F1-score: 0.0000
2026-03-22 14:50:33 - RQ1 - INFO -   预测数: 3
2026-03-22 14:50:33 - RQ1 - INFO -   真实数: 2
2026-03-22 14:50:33 - RQ1 - INFO - 
EXCESSIVE_COPY:
2026-03-22 14:50:33 - RQ1 - INFO -   Precision: 0.0000
2026-03-22 14:50:33 - RQ1 - INFO -   Recall: 0.0000
2026-03-22 14:50:33 - RQ1 - INFO -   F1-score: 0.0000
2026-03-22 14:50:33 - RQ1 - INFO -   预测数: 1
2026-03-22 14:50:33 - RQ1 - INFO -   真实数: 1
2026-03-22 14:50:33 - RQ1 - INFO - 
HARDCODED_PARAMETERS:
2026-03-22 14:50:33 - RQ1 - INFO -   Precision: 0.0000
2026-03-22 14:50:33 - RQ1 - INFO -   Recall: 0.0000
2026-03-22 14:50:33 - RQ1 - INFO -   F1-score: 0.0000
2026-03-22 14:50:33 - RQ1 - INFO -   预测数: 2
2026-03-22 14:50:33 - RQ1 - INFO -   真实数: 2
2026-03-22 14:50:33 - RQ1 - INFO - 
IMPROPER_MODULE_COHESION:
2026-03-22 14:50:33 - RQ1 - INFO -   Precision: 0.0000
2026-03-22 14:50:33 - RQ1 - INFO -   Recall: 0.0000
2026-03-22 14:50:33 - RQ1 - INFO -   F1-score: 0.0000
2026-03-22 14:50:33 - RQ1 - INFO -   预测数: 13
2026-03-22 14:50:33 - RQ1 - INFO -   真实数: 1
2026-03-22 14:50:33 - RQ1 - INFO - 
INEFFICIENT_AGGREGATION:
2026-03-22 14:50:33 - RQ1 - INFO -   Precision: 0.0000
2026-03-22 14:50:33 - RQ1 - INFO -   Recall: 0.0000
2026-03-22 14:50:33 - RQ1 - INFO -   F1-score: 0.0000
2026-03-22 14:50:33 - RQ1 - INFO -   预测数: 2
2026-03-22 14:50:33 - RQ1 - INFO -   真实数: 1
2026-03-22 14:50:33 - RQ1 - INFO - 
LACK_OF_VERSION_CONTROL:
2026-03-22 14:50:33 - RQ1 - INFO -   Precision: 0.0000
2026-03-22 14:50:33 - RQ1 - INFO -   Recall: 0.0000
2026-03-22 14:50:33 - RQ1 - INFO -   F1-score: 0.0000
2026-03-22 14:50:33 - RQ1 - INFO -   预测数: 17
2026-03-22 14:50:33 - RQ1 - INFO -   真实数: 1
2026-03-22 14:50:33 - RQ1 - INFO - 
LARGE_DATA_FRAME_OPERATION:
2026-03-22 14:50:33 - RQ1 - INFO -   Precision: 0.0000
2026-03-22 14:50:33 - RQ1 - INFO -   Recall: 0.0000
2026-03-22 14:50:33 - RQ1 - INFO -   F1-score: 0.0000
2026-03-22 14:50:33 - RQ1 - INFO -   预测数: 1
2026-03-22 14:50:33 - RQ1 - INFO -   真实数: 1
2026-03-22 14:50:33 - RQ1 - INFO - 
MISSING_DATA_PROFILING:
2026-03-22 14:50:33 - RQ1 - INFO -   Precision: 0.0000
2026-03-22 14:50:33 - RQ1 - INFO -   Recall: 0.0000
2026-03-22 14:50:33 - RQ1 - INFO -   F1-score: 0.0000
2026-03-22 14:50:33 - RQ1 - INFO -   预测数: 19
2026-03-22 14:50:33 - RQ1 - INFO -   真实数: 1
2026-03-22 14:50:33 - RQ1 - INFO - 
MISSING_EVALUATION:
2026-03-22 14:50:33 - RQ1 - INFO -   Precision: 0.0833
2026-03-22 14:50:33 - RQ1 - INFO -   Recall: 0.5000
2026-03-22 14:50:33 - RQ1 - INFO -   F1-score: 0.1429
2026-03-22 14:50:33 - RQ1 - INFO -   预测数: 12
2026-03-22 14:50:33 - RQ1 - INFO -   真实数: 2
2026-03-22 14:50:33 - RQ1 - INFO - 
MISSING_RANDOM_SEED:
2026-03-22 14:50:33 - RQ1 - INFO -   Precision: 0.0000
2026-03-22 14:50:33 - RQ1 - INFO -   Recall: 0.0000
2026-03-22 14:50:33 - RQ1 - INFO -   F1-score: 0.0000
2026-03-22 14:50:33 - RQ1 - INFO -   预测数: 3
2026-03-22 14:50:33 - RQ1 - INFO -   真实数: 2
2026-03-22 14:50:33 - RQ1 - INFO - 
MISSING_VALIDATION:
2026-03-22 14:50:33 - RQ1 - INFO -   Precision: 0.0000
2026-03-22 14:50:33 - RQ1 - INFO -   Recall: 0.0000
2026-03-22 14:50:33 - RQ1 - INFO -   F1-score: 0.0000
2026-03-22 14:50:33 - RQ1 - INFO -   预测数: 1
2026-03-22 14:50:33 - RQ1 - INFO -   真实数: 1
2026-03-22 14:50:33 - RQ1 - INFO - 
MODULE_ORDER_VIOLATION:
2026-03-22 14:50:33 - RQ1 - INFO -   Precision: 0.0000
2026-03-22 14:50:33 - RQ1 - INFO -   Recall: 0.0000
2026-03-22 14:50:33 - RQ1 - INFO -   F1-score: 0.0000
2026-03-22 14:50:33 - RQ1 - INFO -   预测数: 1
2026-03-22 14:50:33 - RQ1 - INFO -   真实数: 1
2026-03-22 14:50:33 - RQ1 - INFO - 
NON_DETERMINISTIC_ORDER:
2026-03-22 14:50:33 - RQ1 - INFO -   Precision: 0.0000
2026-03-22 14:50:33 - RQ1 - INFO -   Recall: 0.0000
2026-03-22 14:50:33 - RQ1 - INFO -   F1-score: 0.0000
2026-03-22 14:50:33 - RQ1 - INFO -   预测数: 0
2026-03-22 14:50:33 - RQ1 - INFO -   真实数: 1
2026-03-22 14:50:33 - RQ1 - INFO - 
PIPELINE_FRAGMENTATION:
2026-03-22 14:50:33 - RQ1 - INFO -   Precision: 1.0000
2026-03-22 14:50:33 - RQ1 - INFO -   Recall: 1.0000
2026-03-22 14:50:33 - RQ1 - INFO -   F1-score: 1.0000
2026-03-22 14:50:33 - RQ1 - INFO -   预测数: 1
2026-03-22 14:50:33 - RQ1 - INFO -   真实数: 1
2026-03-22 14:50:33 - RQ1 - INFO - 
REDUNDANT_OPERATION:
2026-03-22 14:50:33 - RQ1 - INFO -   Precision: 0.0000
2026-03-22 14:50:33 - RQ1 - INFO -   Recall: 0.0000
2026-03-22 14:50:33 - RQ1 - INFO -   F1-score: 0.0000
2026-03-22 14:50:33 - RQ1 - INFO -   预测数: 1
2026-03-22 14:50:33 - RQ1 - INFO -   真实数: 1
2026-03-22 14:50:33 - RQ1 - INFO - 
REPEATED_TRANSFORM:
2026-03-22 14:50:33 - RQ1 - INFO -   Precision: 0.0000
2026-03-22 14:50:33 - RQ1 - INFO -   Recall: 0.0000
2026-03-22 14:50:33 - RQ1 - INFO -   F1-score: 0.0000
2026-03-22 14:50:33 - RQ1 - INFO -   预测数: 0
2026-03-22 14:50:33 - RQ1 - INFO -   真实数: 1
2026-03-22 14:50:33 - RQ1 - INFO - 
UNNECESSARY_MATERIALIZATION:
2026-03-22 14:50:33 - RQ1 - INFO -   Precision: 0.0000
2026-03-22 14:50:33 - RQ1 - INFO -   Recall: 0.0000
2026-03-22 14:50:33 - RQ1 - INFO -   F1-score: 0.0000
2026-03-22 14:50:33 - RQ1 - INFO -   预测数: 3
2026-03-22 14:50:33 - RQ1 - INFO -   真实数: 1
2026-03-22 14:50:33 - RQ1 - INFO - 
结果已保存到: experiments\results\rq1
2026-03-22 14:50:33 - RQ1 - INFO - ================================================================================
2026-03-22 14:50:33 - RQ1 - INFO - RQ1实验完成
2026-03-22 14:50:33 - RQ1 - INFO - ================================================================================
2026-03-22 15:06:14 - RQ1 - INFO - ================================================================================
2026-03-22 15:06:14 - RQ1 - INFO - 开始RQ1实验：检测准确性评估
2026-03-22 15:06:14 - RQ1 - INFO - ================================================================================
2026-03-22 15:06:14 - RQ1 - INFO - 加载Ground Truth数据...
2026-03-22 15:06:14 - RQ1 - INFO - 加载了 22 个Ground Truth Smell
2026-03-22 15:06:14 - RQ1 - INFO - 需要检测 19 个文件
2026-03-22 15:06:14 - RQ1 - INFO - 运行Pipeline-aware检测...
2026-03-22 15:06:14 - RQ1 - INFO - 开始检测 19 个文件
2026-03-22 15:06:15 - RQ1 - INFO - 检测文件: D:\PipeSmell\dataset\example_02_missing_random_seed.py
2026-03-22 15:06:15 - RQ1 - INFO - 检测到 1 个Smell
2026-03-22 15:06:15 - RQ1 - INFO - 检测文件: D:\PipeSmell\dataset\example_20_multiple_smells.py
2026-03-22 15:06:15 - RQ1 - INFO - 检测到 4 个Smell
2026-03-22 15:06:15 - RQ1 - INFO - 检测文件: D:\PipeSmell\dataset\example_10_redundant_operation.py
2026-03-22 15:06:15 - RQ1 - INFO - 检测到 1 个Smell
2026-03-22 15:06:15 - RQ1 - INFO - 检测文件: D:\PipeSmell\dataset\example_13_circular_dependency.py
2026-03-22 15:06:15 - RQ1 - INFO - 检测到 1 个Smell
2026-03-22 15:06:15 - RQ1 - INFO - 检测文件: D:\PipeSmell\dataset\example_08_inefficient_aggregation.py
2026-03-22 15:06:15 - RQ1 - INFO - 检测到 1 个Smell
2026-03-22 15:06:15 - RQ1 - INFO - 检测文件: D:\PipeSmell\dataset\example_15_pipeline_fragmentation.py
2026-03-22 15:06:15 - RQ1 - INFO - 检测到 1 个Smell
2026-03-22 15:06:15 - RQ1 - INFO - 检测文件: D:\PipeSmell\dataset\example_17_large_dataframe_operation.py
2026-03-22 15:06:15 - RQ1 - INFO - 检测到 2 个Smell
2026-03-22 15:06:15 - RQ1 - INFO - 检测文件: D:\PipeSmell\dataset\example_14_improper_module_cohesion.py
2026-03-22 15:06:15 - RQ1 - INFO - 检测到 1 个Smell
2026-03-22 15:06:15 - RQ1 - INFO - 检测文件: D:\PipeSmell\dataset\example_18_lack_version_control.py
2026-03-22 15:06:15 - RQ1 - INFO - 检测到 1 个Smell
2026-03-22 15:06:15 - RQ1 - INFO - 检测文件: D:\PipeSmell\dataset\example_16_unnecessary_materialization.py
2026-03-22 15:06:15 - RQ1 - INFO - 检测到 3 个Smell
2026-03-22 15:06:15 - RQ1 - INFO - 检测文件: D:\PipeSmell\dataset\example_11_excessive_copy.py
2026-03-22 15:06:15 - RQ1 - INFO - 检测到 1 个Smell
2026-03-22 15:06:15 - RQ1 - INFO - 检测文件: D:\PipeSmell\dataset\example_01_data_leakage.py
2026-03-22 15:06:15 - RQ1 - INFO - 检测到 2 个Smell
2026-03-22 15:06:15 - RQ1 - INFO - 检测文件: D:\PipeSmell\dataset\example_06_hardcoded_parameters.py
2026-03-22 15:06:15 - RQ1 - INFO - 检测到 1 个Smell
2026-03-22 15:06:15 - RQ1 - INFO - 检测文件: D:\PipeSmell\dataset\example_09_missing_data_profiling.py
2026-03-22 15:06:15 - RQ1 - INFO - 检测到 1 个Smell
2026-03-22 15:06:15 - RQ1 - INFO - 检测文件: D:\PipeSmell\dataset\example_03_missing_validation.py
2026-03-22 15:06:15 - RQ1 - INFO - 检测到 1 个Smell
2026-03-22 15:06:15 - RQ1 - INFO - 检测文件: D:\PipeSmell\dataset\example_04_repeated_transform.py
2026-03-22 15:06:15 - RQ1 - INFO - 检测到 1 个Smell
2026-03-22 15:06:15 - RQ1 - INFO - 检测文件: D:\PipeSmell\dataset\example_05_missing_evaluation.py
2026-03-22 15:06:15 - RQ1 - INFO - 检测到 1 个Smell
2026-03-22 15:06:15 - RQ1 - INFO - 检测文件: D:\PipeSmell\dataset\example_12_module_order_violation.py
2026-03-22 15:06:15 - RQ1 - INFO - 检测到 1 个Smell
2026-03-22 15:06:15 - RQ1 - INFO - 检测文件: D:\PipeSmell\dataset\example_07_nondeterministic_order.py
2026-03-22 15:06:15 - RQ1 - INFO - 检测到 1 个Smell
2026-03-22 15:06:15 - RQ1 - INFO - 总共检测到 26 个Smell
2026-03-22 15:06:15 - RQ1 - INFO - 执行评估...
2026-03-22 15:06:15 - RQ1 - INFO - ================================================================================
2026-03-22 15:06:15 - RQ1 - INFO - RQ1实验结果
2026-03-22 15:06:15 - RQ1 - INFO - ================================================================================
2026-03-22 15:06:15 - RQ1 - INFO - 方法: Pipeline-aware
2026-03-22 15:06:15 - RQ1 - INFO - Precision: 0.7692
2026-03-22 15:06:15 - RQ1 - INFO - Recall: 0.9091
2026-03-22 15:06:15 - RQ1 - INFO - F1-score: 0.8333
2026-03-22 15:06:15 - RQ1 - INFO - 总预测数: 26
2026-03-22 15:06:15 - RQ1 - INFO - Ground Truth数: 22
2026-03-22 15:06:15 - RQ1 - INFO - 运行时间: 3.84ms
2026-03-22 15:06:15 - RQ1 - INFO - 
按Smell类型的性能:
2026-03-22 15:06:15 - RQ1 - INFO - --------------------------------------------------------------------------------
2026-03-22 15:06:15 - RQ1 - INFO - 
CIRCULAR_DEPENDENCY:
2026-03-22 15:06:15 - RQ1 - INFO -   Precision: 1.0000
2026-03-22 15:06:15 - RQ1 - INFO -   Recall: 1.0000
2026-03-22 15:06:15 - RQ1 - INFO -   F1-score: 1.0000
2026-03-22 15:06:15 - RQ1 - INFO -   预测数: 1
2026-03-22 15:06:15 - RQ1 - INFO -   真实数: 1
2026-03-22 15:06:15 - RQ1 - INFO - 
DATA_LEAKAGE:
2026-03-22 15:06:15 - RQ1 - INFO -   Precision: 0.6667
2026-03-22 15:06:15 - RQ1 - INFO -   Recall: 1.0000
2026-03-22 15:06:15 - RQ1 - INFO -   F1-score: 0.8000
2026-03-22 15:06:15 - RQ1 - INFO -   预测数: 3
2026-03-22 15:06:15 - RQ1 - INFO -   真实数: 2
2026-03-22 15:06:15 - RQ1 - INFO - 
EXCESSIVE_COPY:
2026-03-22 15:06:15 - RQ1 - INFO -   Precision: 1.0000
2026-03-22 15:06:15 - RQ1 - INFO -   Recall: 1.0000
2026-03-22 15:06:15 - RQ1 - INFO -   F1-score: 1.0000
2026-03-22 15:06:15 - RQ1 - INFO -   预测数: 1
2026-03-22 15:06:15 - RQ1 - INFO -   真实数: 1
2026-03-22 15:06:15 - RQ1 - INFO - 
HARDCODED_PARAMETERS:
2026-03-22 15:06:15 - RQ1 - INFO -   Precision: 1.0000
2026-03-22 15:06:15 - RQ1 - INFO -   Recall: 1.0000
2026-03-22 15:06:15 - RQ1 - INFO -   F1-score: 1.0000
2026-03-22 15:06:15 - RQ1 - INFO -   预测数: 2
2026-03-22 15:06:15 - RQ1 - INFO -   真实数: 2
2026-03-22 15:06:15 - RQ1 - INFO - 
IMPROPER_MODULE_COHESION:
2026-03-22 15:06:15 - RQ1 - INFO -   Precision: 0.0000
2026-03-22 15:06:15 - RQ1 - INFO -   Recall: 0.0000
2026-03-22 15:06:15 - RQ1 - INFO -   F1-score: 0.0000
2026-03-22 15:06:15 - RQ1 - INFO -   预测数: 0
2026-03-22 15:06:15 - RQ1 - INFO -   真实数: 1
2026-03-22 15:06:15 - RQ1 - INFO - 
INEFFICIENT_AGGREGATION:
2026-03-22 15:06:15 - RQ1 - INFO -   Precision: 0.5000
2026-03-22 15:06:15 - RQ1 - INFO -   Recall: 1.0000
2026-03-22 15:06:15 - RQ1 - INFO -   F1-score: 0.6667
2026-03-22 15:06:15 - RQ1 - INFO -   预测数: 2
2026-03-22 15:06:15 - RQ1 - INFO -   真实数: 1
2026-03-22 15:06:15 - RQ1 - INFO - 
LACK_OF_VERSION_CONTROL:
2026-03-22 15:06:15 - RQ1 - INFO -   Precision: 0.0000
2026-03-22 15:06:15 - RQ1 - INFO -   Recall: 0.0000
2026-03-22 15:06:15 - RQ1 - INFO -   F1-score: 0.0000
2026-03-22 15:06:15 - RQ1 - INFO -   预测数: 1
2026-03-22 15:06:15 - RQ1 - INFO -   真实数: 1
2026-03-22 15:06:15 - RQ1 - INFO - 
LARGE_DATA_FRAME_OPERATION:
2026-03-22 15:06:15 - RQ1 - INFO -   Precision: 1.0000
2026-03-22 15:06:15 - RQ1 - INFO -   Recall: 1.0000
2026-03-22 15:06:15 - RQ1 - INFO -   F1-score: 1.0000
2026-03-22 15:06:15 - RQ1 - INFO -   预测数: 1
2026-03-22 15:06:15 - RQ1 - INFO -   真实数: 1
2026-03-22 15:06:15 - RQ1 - INFO - 
MISSING_DATA_PROFILING:
2026-03-22 15:06:15 - RQ1 - INFO -   Precision: 1.0000
2026-03-22 15:06:15 - RQ1 - INFO -   Recall: 1.0000
2026-03-22 15:06:15 - RQ1 - INFO -   F1-score: 1.0000
2026-03-22 15:06:15 - RQ1 - INFO -   预测数: 1
2026-03-22 15:06:15 - RQ1 - INFO -   真实数: 1
2026-03-22 15:06:15 - RQ1 - INFO - 
MISSING_EVALUATION:
2026-03-22 15:06:15 - RQ1 - INFO -   Precision: 1.0000
2026-03-22 15:06:15 - RQ1 - INFO -   Recall: 1.0000
2026-03-22 15:06:15 - RQ1 - INFO -   F1-score: 1.0000
2026-03-22 15:06:15 - RQ1 - INFO -   预测数: 2
2026-03-22 15:06:15 - RQ1 - INFO -   真实数: 2
2026-03-22 15:06:15 - RQ1 - INFO - 
MISSING_RANDOM_SEED:
2026-03-22 15:06:15 - RQ1 - INFO -   Precision: 0.6667
2026-03-22 15:06:15 - RQ1 - INFO -   Recall: 1.0000
2026-03-22 15:06:15 - RQ1 - INFO -   F1-score: 0.8000
2026-03-22 15:06:15 - RQ1 - INFO -   预测数: 3
2026-03-22 15:06:15 - RQ1 - INFO -   真实数: 2
2026-03-22 15:06:15 - RQ1 - INFO - 
MISSING_VALIDATION:
2026-03-22 15:06:15 - RQ1 - INFO -   Precision: 1.0000
2026-03-22 15:06:15 - RQ1 - INFO -   Recall: 1.0000
2026-03-22 15:06:15 - RQ1 - INFO -   F1-score: 1.0000
2026-03-22 15:06:15 - RQ1 - INFO -   预测数: 1
2026-03-22 15:06:15 - RQ1 - INFO -   真实数: 1
2026-03-22 15:06:15 - RQ1 - INFO - 
MODULE_ORDER_VIOLATION:
2026-03-22 15:06:15 - RQ1 - INFO -   Precision: 1.0000
2026-03-22 15:06:15 - RQ1 - INFO -   Recall: 1.0000
2026-03-22 15:06:15 - RQ1 - INFO -   F1-score: 1.0000
2026-03-22 15:06:15 - RQ1 - INFO -   预测数: 1
2026-03-22 15:06:15 - RQ1 - INFO -   真实数: 1
2026-03-22 15:06:15 - RQ1 - INFO - 
NON_DETERMINISTIC_ORDER:
2026-03-22 15:06:15 - RQ1 - INFO -   Precision: 1.0000
2026-03-22 15:06:15 - RQ1 - INFO -   Recall: 1.0000
2026-03-22 15:06:15 - RQ1 - INFO -   F1-score: 1.0000
2026-03-22 15:06:15 - RQ1 - INFO -   预测数: 1
2026-03-22 15:06:15 - RQ1 - INFO -   真实数: 1
2026-03-22 15:06:15 - RQ1 - INFO - 
PIPELINE_FRAGMENTATION:
2026-03-22 15:06:15 - RQ1 - INFO -   Precision: 1.0000
2026-03-22 15:06:15 - RQ1 - INFO -   Recall: 1.0000
2026-03-22 15:06:15 - RQ1 - INFO -   F1-score: 1.0000
2026-03-22 15:06:15 - RQ1 - INFO -   预测数: 1
2026-03-22 15:06:15 - RQ1 - INFO -   真实数: 1
2026-03-22 15:06:15 - RQ1 - INFO - 
REDUNDANT_OPERATION:
2026-03-22 15:06:15 - RQ1 - INFO -   Precision: 1.0000
2026-03-22 15:06:15 - RQ1 - INFO -   Recall: 1.0000
2026-03-22 15:06:15 - RQ1 - INFO -   F1-score: 1.0000
2026-03-22 15:06:15 - RQ1 - INFO -   预测数: 1
2026-03-22 15:06:15 - RQ1 - INFO -   真实数: 1
2026-03-22 15:06:15 - RQ1 - INFO - 
REPEATED_TRANSFORM:
2026-03-22 15:06:15 - RQ1 - INFO -   Precision: 1.0000
2026-03-22 15:06:15 - RQ1 - INFO -   Recall: 1.0000
2026-03-22 15:06:15 - RQ1 - INFO -   F1-score: 1.0000
2026-03-22 15:06:15 - RQ1 - INFO -   预测数: 1
2026-03-22 15:06:15 - RQ1 - INFO -   真实数: 1
2026-03-22 15:06:15 - RQ1 - INFO - 
UNNECESSARY_MATERIALIZATION:
2026-03-22 15:06:15 - RQ1 - INFO -   Precision: 0.3333
2026-03-22 15:06:15 - RQ1 - INFO -   Recall: 1.0000
2026-03-22 15:06:15 - RQ1 - INFO -   F1-score: 0.5000
2026-03-22 15:06:15 - RQ1 - INFO -   预测数: 3
2026-03-22 15:06:15 - RQ1 - INFO -   真实数: 1
2026-03-22 15:06:15 - RQ1 - INFO - 
结果已保存到: experiments\results\rq1
2026-03-22 15:06:15 - RQ1 - INFO - ================================================================================
2026-03-22 15:06:15 - RQ1 - INFO - RQ1实验完成
2026-03-22 15:06:15 - RQ1 - INFO - ================================================================================
2026-03-22 15:08:36 - RQ1 - INFO - ================================================================================
2026-03-22 15:08:36 - RQ1 - INFO - 开始RQ1实验：检测准确性评估
2026-03-22 15:08:36 - RQ1 - INFO - ================================================================================
2026-03-22 15:08:36 - RQ1 - INFO - 加载Ground Truth数据...
2026-03-22 15:08:36 - RQ1 - INFO - 加载了 22 个Ground Truth Smell
2026-03-22 15:08:36 - RQ1 - INFO - 需要检测 19 个文件
2026-03-22 15:08:36 - RQ1 - INFO - 运行Pipeline-aware检测...
2026-03-22 15:08:36 - RQ1 - INFO - 开始检测 19 个文件
2026-03-22 15:08:36 - RQ1 - INFO - 检测文件: D:\PipeSmell\dataset\example_15_pipeline_fragmentation.py
2026-03-22 15:08:36 - RQ1 - INFO - 检测到 1 个Smell
2026-03-22 15:08:36 - RQ1 - INFO - 检测文件: D:\PipeSmell\dataset\example_07_nondeterministic_order.py
2026-03-22 15:08:36 - RQ1 - INFO - 检测到 1 个Smell
2026-03-22 15:08:36 - RQ1 - INFO - 检测文件: D:\PipeSmell\dataset\example_10_redundant_operation.py
2026-03-22 15:08:36 - RQ1 - INFO - 检测到 1 个Smell
2026-03-22 15:08:36 - RQ1 - INFO - 检测文件: D:\PipeSmell\dataset\example_03_missing_validation.py
2026-03-22 15:08:36 - RQ1 - INFO - 检测到 1 个Smell
2026-03-22 15:08:36 - RQ1 - INFO - 检测文件: D:\PipeSmell\dataset\example_20_multiple_smells.py
2026-03-22 15:08:36 - RQ1 - INFO - 检测到 4 个Smell
2026-03-22 15:08:36 - RQ1 - INFO - 检测文件: D:\PipeSmell\dataset\example_04_repeated_transform.py
2026-03-22 15:08:36 - RQ1 - INFO - 检测到 1 个Smell
2026-03-22 15:08:36 - RQ1 - INFO - 检测文件: D:\PipeSmell\dataset\example_08_inefficient_aggregation.py
2026-03-22 15:08:36 - RQ1 - INFO - 检测到 1 个Smell
2026-03-22 15:08:36 - RQ1 - INFO - 检测文件: D:\PipeSmell\dataset\example_05_missing_evaluation.py
2026-03-22 15:08:37 - RQ1 - INFO - 检测到 1 个Smell
2026-03-22 15:08:37 - RQ1 - INFO - 检测文件: D:\PipeSmell\dataset\example_17_large_dataframe_operation.py
2026-03-22 15:08:37 - RQ1 - INFO - 检测到 1 个Smell
2026-03-22 15:08:37 - RQ1 - INFO - 检测文件: D:\PipeSmell\dataset\example_12_module_order_violation.py
2026-03-22 15:08:37 - RQ1 - INFO - 检测到 1 个Smell
2026-03-22 15:08:37 - RQ1 - INFO - 检测文件: D:\PipeSmell\dataset\example_02_missing_random_seed.py
2026-03-22 15:08:37 - RQ1 - INFO - 检测到 1 个Smell
2026-03-22 15:08:37 - RQ1 - INFO - 检测文件: D:\PipeSmell\dataset\example_16_unnecessary_materialization.py
2026-03-22 15:08:37 - RQ1 - INFO - 检测到 1 个Smell
2026-03-22 15:08:37 - RQ1 - INFO - 检测文件: D:\PipeSmell\dataset\example_09_missing_data_profiling.py
2026-03-22 15:08:37 - RQ1 - INFO - 检测到 1 个Smell
2026-03-22 15:08:37 - RQ1 - INFO - 检测文件: D:\PipeSmell\dataset\example_14_improper_module_cohesion.py
2026-03-22 15:08:37 - RQ1 - INFO - 检测到 1 个Smell
2026-03-22 15:08:37 - RQ1 - INFO - 检测文件: D:\PipeSmell\dataset\example_18_lack_version_control.py
2026-03-22 15:08:37 - RQ1 - INFO - 检测到 1 个Smell
2026-03-22 15:08:37 - RQ1 - INFO - 检测文件: D:\PipeSmell\dataset\example_06_hardcoded_parameters.py
2026-03-22 15:08:37 - RQ1 - INFO - 检测到 1 个Smell
2026-03-22 15:08:37 - RQ1 - INFO - 检测文件: D:\PipeSmell\dataset\example_11_excessive_copy.py
2026-03-22 15:08:37 - RQ1 - INFO - 检测到 1 个Smell
2026-03-22 15:08:37 - RQ1 - INFO - 检测文件: D:\PipeSmell\dataset\example_13_circular_dependency.py
2026-03-22 15:08:37 - RQ1 - INFO - 检测到 1 个Smell
2026-03-22 15:08:37 - RQ1 - INFO - 检测文件: D:\PipeSmell\dataset\example_01_data_leakage.py
2026-03-22 15:08:37 - RQ1 - INFO - 检测到 2 个Smell
2026-03-22 15:08:37 - RQ1 - INFO - 总共检测到 23 个Smell
2026-03-22 15:08:37 - RQ1 - INFO - 执行评估...
2026-03-22 15:08:37 - RQ1 - INFO - ================================================================================
2026-03-22 15:08:37 - RQ1 - INFO - RQ1实验结果
2026-03-22 15:08:37 - RQ1 - INFO - ================================================================================
2026-03-22 15:08:37 - RQ1 - INFO - 方法: Pipeline-aware
2026-03-22 15:08:37 - RQ1 - INFO - Precision: 0.9565
2026-03-22 15:08:37 - RQ1 - INFO - Recall: 1.0000
2026-03-22 15:08:37 - RQ1 - INFO - F1-score: 0.9778
2026-03-22 15:08:37 - RQ1 - INFO - 总预测数: 23
2026-03-22 15:08:37 - RQ1 - INFO - Ground Truth数: 22
2026-03-22 15:08:37 - RQ1 - INFO - 运行时间: 1.01ms
2026-03-22 15:08:37 - RQ1 - INFO - 
按Smell类型的性能:
2026-03-22 15:08:37 - RQ1 - INFO - --------------------------------------------------------------------------------
2026-03-22 15:08:37 - RQ1 - INFO - 
CIRCULAR_DEPENDENCY:
2026-03-22 15:08:37 - RQ1 - INFO -   Precision: 1.0000
2026-03-22 15:08:37 - RQ1 - INFO -   Recall: 1.0000
2026-03-22 15:08:37 - RQ1 - INFO -   F1-score: 1.0000
2026-03-22 15:08:37 - RQ1 - INFO -   预测数: 1
2026-03-22 15:08:37 - RQ1 - INFO -   真实数: 1
2026-03-22 15:08:37 - RQ1 - INFO - 
DATA_LEAKAGE:
2026-03-22 15:08:37 - RQ1 - INFO -   Precision: 1.0000
2026-03-22 15:08:37 - RQ1 - INFO -   Recall: 1.0000
2026-03-22 15:08:37 - RQ1 - INFO -   F1-score: 1.0000
2026-03-22 15:08:37 - RQ1 - INFO -   预测数: 2
2026-03-22 15:08:37 - RQ1 - INFO -   真实数: 2
2026-03-22 15:08:37 - RQ1 - INFO - 
EXCESSIVE_COPY:
2026-03-22 15:08:37 - RQ1 - INFO -   Precision: 1.0000
2026-03-22 15:08:37 - RQ1 - INFO -   Recall: 1.0000
2026-03-22 15:08:37 - RQ1 - INFO -   F1-score: 1.0000
2026-03-22 15:08:37 - RQ1 - INFO -   预测数: 1
2026-03-22 15:08:37 - RQ1 - INFO -   真实数: 1
2026-03-22 15:08:37 - RQ1 - INFO - 
HARDCODED_PARAMETERS:
2026-03-22 15:08:37 - RQ1 - INFO -   Precision: 1.0000
2026-03-22 15:08:37 - RQ1 - INFO -   Recall: 1.0000
2026-03-22 15:08:37 - RQ1 - INFO -   F1-score: 1.0000
2026-03-22 15:08:37 - RQ1 - INFO -   预测数: 2
2026-03-22 15:08:37 - RQ1 - INFO -   真实数: 2
2026-03-22 15:08:37 - RQ1 - INFO - 
IMPROPER_MODULE_COHESION:
2026-03-22 15:08:37 - RQ1 - INFO -   Precision: 1.0000
2026-03-22 15:08:37 - RQ1 - INFO -   Recall: 1.0000
2026-03-22 15:08:37 - RQ1 - INFO -   F1-score: 1.0000
2026-03-22 15:08:37 - RQ1 - INFO -   预测数: 1
2026-03-22 15:08:37 - RQ1 - INFO -   真实数: 1
2026-03-22 15:08:37 - RQ1 - INFO - 
INEFFICIENT_AGGREGATION:
2026-03-22 15:08:37 - RQ1 - INFO -   Precision: 1.0000
2026-03-22 15:08:37 - RQ1 - INFO -   Recall: 1.0000
2026-03-22 15:08:37 - RQ1 - INFO -   F1-score: 1.0000
2026-03-22 15:08:37 - RQ1 - INFO -   预测数: 1
2026-03-22 15:08:37 - RQ1 - INFO -   真实数: 1
2026-03-22 15:08:37 - RQ1 - INFO - 
LACK_OF_VERSION_CONTROL:
2026-03-22 15:08:37 - RQ1 - INFO -   Precision: 1.0000
2026-03-22 15:08:37 - RQ1 - INFO -   Recall: 1.0000
2026-03-22 15:08:37 - RQ1 - INFO -   F1-score: 1.0000
2026-03-22 15:08:37 - RQ1 - INFO -   预测数: 1
2026-03-22 15:08:37 - RQ1 - INFO -   真实数: 1
2026-03-22 15:08:37 - RQ1 - INFO - 
LARGE_DATA_FRAME_OPERATION:
2026-03-22 15:08:37 - RQ1 - INFO -   Precision: 1.0000
2026-03-22 15:08:37 - RQ1 - INFO -   Recall: 1.0000
2026-03-22 15:08:37 - RQ1 - INFO -   F1-score: 1.0000
2026-03-22 15:08:37 - RQ1 - INFO -   预测数: 1
2026-03-22 15:08:37 - RQ1 - INFO -   真实数: 1
2026-03-22 15:08:37 - RQ1 - INFO - 
MISSING_DATA_PROFILING:
2026-03-22 15:08:37 - RQ1 - INFO -   Precision: 1.0000
2026-03-22 15:08:37 - RQ1 - INFO -   Recall: 1.0000
2026-03-22 15:08:37 - RQ1 - INFO -   F1-score: 1.0000
2026-03-22 15:08:37 - RQ1 - INFO -   预测数: 1
2026-03-22 15:08:37 - RQ1 - INFO -   真实数: 1
2026-03-22 15:08:37 - RQ1 - INFO - 
MISSING_EVALUATION:
2026-03-22 15:08:37 - RQ1 - INFO -   Precision: 1.0000
2026-03-22 15:08:37 - RQ1 - INFO -   Recall: 1.0000
2026-03-22 15:08:37 - RQ1 - INFO -   F1-score: 1.0000
2026-03-22 15:08:37 - RQ1 - INFO -   预测数: 2
2026-03-22 15:08:37 - RQ1 - INFO -   真实数: 2
2026-03-22 15:08:37 - RQ1 - INFO - 
MISSING_RANDOM_SEED:
2026-03-22 15:08:37 - RQ1 - INFO -   Precision: 0.6667
2026-03-22 15:08:37 - RQ1 - INFO -   Recall: 1.0000
2026-03-22 15:08:37 - RQ1 - INFO -   F1-score: 0.8000
2026-03-22 15:08:37 - RQ1 - INFO -   预测数: 3
2026-03-22 15:08:37 - RQ1 - INFO -   真实数: 2
2026-03-22 15:08:37 - RQ1 - INFO - 
MISSING_VALIDATION:
2026-03-22 15:08:37 - RQ1 - INFO -   Precision: 1.0000
2026-03-22 15:08:37 - RQ1 - INFO -   Recall: 1.0000
2026-03-22 15:08:37 - RQ1 - INFO -   F1-score: 1.0000
2026-03-22 15:08:37 - RQ1 - INFO -   预测数: 1
2026-03-22 15:08:37 - RQ1 - INFO -   真实数: 1
2026-03-22 15:08:37 - RQ1 - INFO - 
MODULE_ORDER_VIOLATION:
2026-03-22 15:08:37 - RQ1 - INFO -   Precision: 1.0000
2026-03-22 15:08:37 - RQ1 - INFO -   Recall: 1.0000
2026-03-22 15:08:37 - RQ1 - INFO -   F1-score: 1.0000
2026-03-22 15:08:37 - RQ1 - INFO -   预测数: 1
2026-03-22 15:08:37 - RQ1 - INFO -   真实数: 1
2026-03-22 15:08:37 - RQ1 - INFO - 
NON_DETERMINISTIC_ORDER:
2026-03-22 15:08:37 - RQ1 - INFO -   Precision: 1.0000
2026-03-22 15:08:37 - RQ1 - INFO -   Recall: 1.0000
2026-03-22 15:08:37 - RQ1 - INFO -   F1-score: 1.0000
2026-03-22 15:08:37 - RQ1 - INFO -   预测数: 1
2026-03-22 15:08:37 - RQ1 - INFO -   真实数: 1
2026-03-22 15:08:37 - RQ1 - INFO - 
PIPELINE_FRAGMENTATION:
2026-03-22 15:08:37 - RQ1 - INFO -   Precision: 1.0000
2026-03-22 15:08:37 - RQ1 - INFO -   Recall: 1.0000
2026-03-22 15:08:37 - RQ1 - INFO -   F1-score: 1.0000
2026-03-22 15:08:37 - RQ1 - INFO -   预测数: 1
2026-03-22 15:08:37 - RQ1 - INFO -   真实数: 1
2026-03-22 15:08:37 - RQ1 - INFO - 
REDUNDANT_OPERATION:
2026-03-22 15:08:37 - RQ1 - INFO -   Precision: 1.0000
2026-03-22 15:08:37 - RQ1 - INFO -   Recall: 1.0000
2026-03-22 15:08:37 - RQ1 - INFO -   F1-score: 1.0000
2026-03-22 15:08:37 - RQ1 - INFO -   预测数: 1
2026-03-22 15:08:37 - RQ1 - INFO -   真实数: 1
2026-03-22 15:08:37 - RQ1 - INFO - 
REPEATED_TRANSFORM:
2026-03-22 15:08:37 - RQ1 - INFO -   Precision: 1.0000
2026-03-22 15:08:37 - RQ1 - INFO -   Recall: 1.0000
2026-03-22 15:08:37 - RQ1 - INFO -   F1-score: 1.0000
2026-03-22 15:08:37 - RQ1 - INFO -   预测数: 1
2026-03-22 15:08:37 - RQ1 - INFO -   真实数: 1
2026-03-22 15:08:37 - RQ1 - INFO - 
UNNECESSARY_MATERIALIZATION:
2026-03-22 15:08:37 - RQ1 - INFO -   Precision: 1.0000
2026-03-22 15:08:37 - RQ1 - INFO -   Recall: 1.0000
2026-03-22 15:08:37 - RQ1 - INFO -   F1-score: 1.0000
2026-03-22 15:08:37 - RQ1 - INFO -   预测数: 1
2026-03-22 15:08:37 - RQ1 - INFO -   真实数: 1
2026-03-22 15:08:37 - RQ1 - INFO - 
结果已保存到: experiments\results\rq1
2026-03-22 15:08:37 - RQ1 - INFO - ================================================================================
2026-03-22 15:08:37 - RQ1 - INFO - RQ1实验完成
2026-03-22 15:08:37 - RQ1 - INFO - ================================================================================
2026-03-22 15:09:37 - RQ1 - INFO - ================================================================================
2026-03-22 15:09:37 - RQ1 - INFO - 开始RQ1实验：检测准确性评估
2026-03-22 15:09:37 - RQ1 - INFO - ================================================================================
2026-03-22 15:09:37 - RQ1 - INFO - 加载Ground Truth数据...
2026-03-22 15:09:37 - RQ1 - INFO - 加载了 22 个Ground Truth Smell
2026-03-22 15:09:37 - RQ1 - INFO - 需要检测 19 个文件
2026-03-22 15:09:37 - RQ1 - INFO - 运行Pipeline-aware检测...
2026-03-22 15:09:37 - RQ1 - INFO - 开始检测 19 个文件
2026-03-22 15:09:37 - RQ1 - INFO - 检测文件: D:\PipeSmell\dataset\example_03_missing_validation.py
2026-03-22 15:09:37 - RQ1 - INFO - 检测到 1 个Smell
2026-03-22 15:09:37 - RQ1 - INFO - 检测文件: D:\PipeSmell\dataset\example_11_excessive_copy.py
2026-03-22 15:09:37 - RQ1 - INFO - 检测到 1 个Smell
2026-03-22 15:09:37 - RQ1 - INFO - 检测文件: D:\PipeSmell\dataset\example_09_missing_data_profiling.py
2026-03-22 15:09:37 - RQ1 - INFO - 检测到 1 个Smell
2026-03-22 15:09:37 - RQ1 - INFO - 检测文件: D:\PipeSmell\dataset\example_08_inefficient_aggregation.py
2026-03-22 15:09:37 - RQ1 - INFO - 检测到 1 个Smell
2026-03-22 15:09:37 - RQ1 - INFO - 检测文件: D:\PipeSmell\dataset\example_13_circular_dependency.py
2026-03-22 15:09:37 - RQ1 - INFO - 检测到 1 个Smell
2026-03-22 15:09:37 - RQ1 - INFO - 检测文件: D:\PipeSmell\dataset\example_17_large_dataframe_operation.py
2026-03-22 15:09:37 - RQ1 - INFO - 检测到 1 个Smell
2026-03-22 15:09:37 - RQ1 - INFO - 检测文件: D:\PipeSmell\dataset\example_14_improper_module_cohesion.py
2026-03-22 15:09:37 - RQ1 - INFO - 检测到 1 个Smell
2026-03-22 15:09:37 - RQ1 - INFO - 检测文件: D:\PipeSmell\dataset\example_05_missing_evaluation.py
2026-03-22 15:09:37 - RQ1 - INFO - 检测到 1 个Smell
2026-03-22 15:09:37 - RQ1 - INFO - 检测文件: D:\PipeSmell\dataset\example_06_hardcoded_parameters.py
2026-03-22 15:09:37 - RQ1 - INFO - 检测到 1 个Smell
2026-03-22 15:09:37 - RQ1 - INFO - 检测文件: D:\PipeSmell\dataset\example_01_data_leakage.py
2026-03-22 15:09:37 - RQ1 - INFO - 检测到 1 个Smell
2026-03-22 15:09:37 - RQ1 - INFO - 检测文件: D:\PipeSmell\dataset\example_10_redundant_operation.py
2026-03-22 15:09:37 - RQ1 - INFO - 检测到 1 个Smell
2026-03-22 15:09:37 - RQ1 - INFO - 检测文件: D:\PipeSmell\dataset\example_04_repeated_transform.py
2026-03-22 15:09:37 - RQ1 - INFO - 检测到 1 个Smell
2026-03-22 15:09:37 - RQ1 - INFO - 检测文件: D:\PipeSmell\dataset\example_02_missing_random_seed.py
2026-03-22 15:09:37 - RQ1 - INFO - 检测到 1 个Smell
2026-03-22 15:09:37 - RQ1 - INFO - 检测文件: D:\PipeSmell\dataset\example_07_nondeterministic_order.py
2026-03-22 15:09:37 - RQ1 - INFO - 检测到 1 个Smell
2026-03-22 15:09:37 - RQ1 - INFO - 检测文件: D:\PipeSmell\dataset\example_18_lack_version_control.py
2026-03-22 15:09:37 - RQ1 - INFO - 检测到 1 个Smell
2026-03-22 15:09:37 - RQ1 - INFO - 检测文件: D:\PipeSmell\dataset\example_16_unnecessary_materialization.py
2026-03-22 15:09:37 - RQ1 - INFO - 检测到 1 个Smell
2026-03-22 15:09:37 - RQ1 - INFO - 检测文件: D:\PipeSmell\dataset\example_12_module_order_violation.py
2026-03-22 15:09:37 - RQ1 - INFO - 检测到 1 个Smell
2026-03-22 15:09:37 - RQ1 - INFO - 检测文件: D:\PipeSmell\dataset\example_15_pipeline_fragmentation.py
2026-03-22 15:09:37 - RQ1 - INFO - 检测到 1 个Smell
2026-03-22 15:09:37 - RQ1 - INFO - 检测文件: D:\PipeSmell\dataset\example_20_multiple_smells.py
2026-03-22 15:09:37 - RQ1 - INFO - 检测到 4 个Smell
2026-03-22 15:09:37 - RQ1 - INFO - 总共检测到 22 个Smell
2026-03-22 15:09:37 - RQ1 - INFO - 执行评估...
2026-03-22 15:09:37 - RQ1 - INFO - ================================================================================
2026-03-22 15:09:37 - RQ1 - INFO - RQ1实验结果
2026-03-22 15:09:37 - RQ1 - INFO - ================================================================================
2026-03-22 15:09:37 - RQ1 - INFO - 方法: Pipeline-aware
2026-03-22 15:09:37 - RQ1 - INFO - Precision: 1.0000
2026-03-22 15:09:37 - RQ1 - INFO - Recall: 1.0000
2026-03-22 15:09:37 - RQ1 - INFO - F1-score: 1.0000
2026-03-22 15:09:37 - RQ1 - INFO - 总预测数: 22
2026-03-22 15:09:37 - RQ1 - INFO - Ground Truth数: 22
2026-03-22 15:09:37 - RQ1 - INFO - 运行时间: 1.33ms
2026-03-22 15:09:37 - RQ1 - INFO - 
按Smell类型的性能:
2026-03-22 15:09:37 - RQ1 - INFO - --------------------------------------------------------------------------------
2026-03-22 15:09:37 - RQ1 - INFO - 
CIRCULAR_DEPENDENCY:
2026-03-22 15:09:37 - RQ1 - INFO -   Precision: 1.0000
2026-03-22 15:09:37 - RQ1 - INFO -   Recall: 1.0000
2026-03-22 15:09:37 - RQ1 - INFO -   F1-score: 1.0000
2026-03-22 15:09:37 - RQ1 - INFO -   预测数: 1
2026-03-22 15:09:37 - RQ1 - INFO -   真实数: 1
2026-03-22 15:09:37 - RQ1 - INFO - 
DATA_LEAKAGE:
2026-03-22 15:09:37 - RQ1 - INFO -   Precision: 1.0000
2026-03-22 15:09:37 - RQ1 - INFO -   Recall: 1.0000
2026-03-22 15:09:37 - RQ1 - INFO -   F1-score: 1.0000
2026-03-22 15:09:37 - RQ1 - INFO -   预测数: 2
2026-03-22 15:09:37 - RQ1 - INFO -   真实数: 2
2026-03-22 15:09:37 - RQ1 - INFO - 
EXCESSIVE_COPY:
2026-03-22 15:09:37 - RQ1 - INFO -   Precision: 1.0000
2026-03-22 15:09:37 - RQ1 - INFO -   Recall: 1.0000
2026-03-22 15:09:37 - RQ1 - INFO -   F1-score: 1.0000
2026-03-22 15:09:37 - RQ1 - INFO -   预测数: 1
2026-03-22 15:09:37 - RQ1 - INFO -   真实数: 1
2026-03-22 15:09:37 - RQ1 - INFO - 
HARDCODED_PARAMETERS:
2026-03-22 15:09:37 - RQ1 - INFO -   Precision: 1.0000
2026-03-22 15:09:37 - RQ1 - INFO -   Recall: 1.0000
2026-03-22 15:09:37 - RQ1 - INFO -   F1-score: 1.0000
2026-03-22 15:09:37 - RQ1 - INFO -   预测数: 2
2026-03-22 15:09:37 - RQ1 - INFO -   真实数: 2
2026-03-22 15:09:37 - RQ1 - INFO - 
IMPROPER_MODULE_COHESION:
2026-03-22 15:09:37 - RQ1 - INFO -   Precision: 1.0000
2026-03-22 15:09:37 - RQ1 - INFO -   Recall: 1.0000
2026-03-22 15:09:37 - RQ1 - INFO -   F1-score: 1.0000
2026-03-22 15:09:37 - RQ1 - INFO -   预测数: 1
2026-03-22 15:09:37 - RQ1 - INFO -   真实数: 1
2026-03-22 15:09:37 - RQ1 - INFO - 
INEFFICIENT_AGGREGATION:
2026-03-22 15:09:37 - RQ1 - INFO -   Precision: 1.0000
2026-03-22 15:09:37 - RQ1 - INFO -   Recall: 1.0000
2026-03-22 15:09:37 - RQ1 - INFO -   F1-score: 1.0000
2026-03-22 15:09:37 - RQ1 - INFO -   预测数: 1
2026-03-22 15:09:37 - RQ1 - INFO -   真实数: 1
2026-03-22 15:09:37 - RQ1 - INFO - 
LACK_OF_VERSION_CONTROL:
2026-03-22 15:09:37 - RQ1 - INFO -   Precision: 1.0000
2026-03-22 15:09:37 - RQ1 - INFO -   Recall: 1.0000
2026-03-22 15:09:37 - RQ1 - INFO -   F1-score: 1.0000
2026-03-22 15:09:37 - RQ1 - INFO -   预测数: 1
2026-03-22 15:09:37 - RQ1 - INFO -   真实数: 1
2026-03-22 15:09:37 - RQ1 - INFO - 
LARGE_DATA_FRAME_OPERATION:
2026-03-22 15:09:37 - RQ1 - INFO -   Precision: 1.0000
2026-03-22 15:09:37 - RQ1 - INFO -   Recall: 1.0000
2026-03-22 15:09:37 - RQ1 - INFO -   F1-score: 1.0000
2026-03-22 15:09:37 - RQ1 - INFO -   预测数: 1
2026-03-22 15:09:37 - RQ1 - INFO -   真实数: 1
2026-03-22 15:09:37 - RQ1 - INFO - 
MISSING_DATA_PROFILING:
2026-03-22 15:09:37 - RQ1 - INFO -   Precision: 1.0000
2026-03-22 15:09:37 - RQ1 - INFO -   Recall: 1.0000
2026-03-22 15:09:37 - RQ1 - INFO -   F1-score: 1.0000
2026-03-22 15:09:37 - RQ1 - INFO -   预测数: 1
2026-03-22 15:09:37 - RQ1 - INFO -   真实数: 1
2026-03-22 15:09:37 - RQ1 - INFO - 
MISSING_EVALUATION:
2026-03-22 15:09:37 - RQ1 - INFO -   Precision: 1.0000
2026-03-22 15:09:37 - RQ1 - INFO -   Recall: 1.0000
2026-03-22 15:09:37 - RQ1 - INFO -   F1-score: 1.0000
2026-03-22 15:09:37 - RQ1 - INFO -   预测数: 2
2026-03-22 15:09:37 - RQ1 - INFO -   真实数: 2
2026-03-22 15:09:37 - RQ1 - INFO - 
MISSING_RANDOM_SEED:
2026-03-22 15:09:37 - RQ1 - INFO -   Precision: 1.0000
2026-03-22 15:09:37 - RQ1 - INFO -   Recall: 1.0000
2026-03-22 15:09:37 - RQ1 - INFO -   F1-score: 1.0000
2026-03-22 15:09:37 - RQ1 - INFO -   预测数: 2
2026-03-22 15:09:37 - RQ1 - INFO -   真实数: 2
2026-03-22 15:09:37 - RQ1 - INFO - 
MISSING_VALIDATION:
2026-03-22 15:09:37 - RQ1 - INFO -   Precision: 1.0000
2026-03-22 15:09:37 - RQ1 - INFO -   Recall: 1.0000
2026-03-22 15:09:37 - RQ1 - INFO -   F1-score: 1.0000
2026-03-22 15:09:37 - RQ1 - INFO -   预测数: 1
2026-03-22 15:09:37 - RQ1 - INFO -   真实数: 1
2026-03-22 15:09:37 - RQ1 - INFO - 
MODULE_ORDER_VIOLATION:
2026-03-22 15:09:37 - RQ1 - INFO -   Precision: 1.0000
2026-03-22 15:09:37 - RQ1 - INFO -   Recall: 1.0000
2026-03-22 15:09:37 - RQ1 - INFO -   F1-score: 1.0000
2026-03-22 15:09:37 - RQ1 - INFO -   预测数: 1
2026-03-22 15:09:37 - RQ1 - INFO -   真实数: 1
2026-03-22 15:09:37 - RQ1 - INFO - 
NON_DETERMINISTIC_ORDER:
2026-03-22 15:09:37 - RQ1 - INFO -   Precision: 1.0000
2026-03-22 15:09:37 - RQ1 - INFO -   Recall: 1.0000
2026-03-22 15:09:37 - RQ1 - INFO -   F1-score: 1.0000
2026-03-22 15:09:37 - RQ1 - INFO -   预测数: 1
2026-03-22 15:09:37 - RQ1 - INFO -   真实数: 1
2026-03-22 15:09:37 - RQ1 - INFO - 
PIPELINE_FRAGMENTATION:
2026-03-22 15:09:37 - RQ1 - INFO -   Precision: 1.0000
2026-03-22 15:09:37 - RQ1 - INFO -   Recall: 1.0000
2026-03-22 15:09:37 - RQ1 - INFO -   F1-score: 1.0000
2026-03-22 15:09:37 - RQ1 - INFO -   预测数: 1
2026-03-22 15:09:37 - RQ1 - INFO -   真实数: 1
2026-03-22 15:09:37 - RQ1 - INFO - 
REDUNDANT_OPERATION:
2026-03-22 15:09:37 - RQ1 - INFO -   Precision: 1.0000
2026-03-22 15:09:37 - RQ1 - INFO -   Recall: 1.0000
2026-03-22 15:09:37 - RQ1 - INFO -   F1-score: 1.0000
2026-03-22 15:09:37 - RQ1 - INFO -   预测数: 1
2026-03-22 15:09:37 - RQ1 - INFO -   真实数: 1
2026-03-22 15:09:37 - RQ1 - INFO - 
REPEATED_TRANSFORM:
2026-03-22 15:09:37 - RQ1 - INFO -   Precision: 1.0000
2026-03-22 15:09:37 - RQ1 - INFO -   Recall: 1.0000
2026-03-22 15:09:37 - RQ1 - INFO -   F1-score: 1.0000
2026-03-22 15:09:37 - RQ1 - INFO -   预测数: 1
2026-03-22 15:09:37 - RQ1 - INFO -   真实数: 1
2026-03-22 15:09:37 - RQ1 - INFO - 
UNNECESSARY_MATERIALIZATION:
2026-03-22 15:09:37 - RQ1 - INFO -   Precision: 1.0000
2026-03-22 15:09:37 - RQ1 - INFO -   Recall: 1.0000
2026-03-22 15:09:37 - RQ1 - INFO -   F1-score: 1.0000
2026-03-22 15:09:37 - RQ1 - INFO -   预测数: 1
2026-03-22 15:09:37 - RQ1 - INFO -   真实数: 1
2026-03-22 15:09:37 - RQ1 - INFO - 
结果已保存到: experiments\results\rq1
2026-03-22 15:09:37 - RQ1 - INFO - ================================================================================
2026-03-22 15:09:37 - RQ1 - INFO - RQ1实验完成
2026-03-22 15:09:37 - RQ1 - INFO - ================================================================================
2026-03-22 15:51:24 - RQ1 - INFO - ================================================================================
2026-03-22 15:51:24 - RQ1 - INFO - 开始RQ1实验：检测准确性评估
2026-03-22 15:51:24 - RQ1 - INFO - ================================================================================
2026-03-22 15:51:24 - RQ1 - INFO - 加载Ground Truth数据...
2026-03-22 15:51:24 - RQ1 - INFO - 加载了 22 个Ground Truth Smell
2026-03-22 15:51:24 - RQ1 - INFO - 需要检测 19 个文件
2026-03-22 15:51:24 - RQ1 - INFO - 运行Pipeline-aware检测...
2026-03-22 15:51:24 - RQ1 - INFO - 开始检测 19 个文件
2026-03-22 15:51:24 - RQ1 - INFO - 检测文件: D:\PipeSmell\dataset\example_01_data_leakage.py
2026-03-22 15:51:24 - RQ1 - INFO - 检测到 1 个Smell
2026-03-22 15:51:24 - RQ1 - INFO - 检测文件: D:\PipeSmell\dataset\example_02_missing_random_seed.py
2026-03-22 15:51:24 - RQ1 - INFO - 检测到 1 个Smell
2026-03-22 15:51:24 - RQ1 - INFO - 检测文件: D:\PipeSmell\dataset\example_03_missing_validation.py
2026-03-22 15:51:24 - RQ1 - INFO - 检测到 1 个Smell
2026-03-22 15:51:24 - RQ1 - INFO - 检测文件: D:\PipeSmell\dataset\example_04_repeated_transform.py
2026-03-22 15:51:24 - RQ1 - INFO - 检测到 1 个Smell
2026-03-22 15:51:24 - RQ1 - INFO - 检测文件: D:\PipeSmell\dataset\example_05_missing_evaluation.py
2026-03-22 15:51:24 - RQ1 - INFO - 检测到 1 个Smell
2026-03-22 15:51:24 - RQ1 - INFO - 检测文件: D:\PipeSmell\dataset\example_06_hardcoded_parameters.py
2026-03-22 15:51:24 - RQ1 - INFO - 检测到 1 个Smell
2026-03-22 15:51:24 - RQ1 - INFO - 检测文件: D:\PipeSmell\dataset\example_07_nondeterministic_order.py
2026-03-22 15:51:24 - RQ1 - INFO - 检测到 1 个Smell
2026-03-22 15:51:24 - RQ1 - INFO - 检测文件: D:\PipeSmell\dataset\example_08_inefficient_aggregation.py
2026-03-22 15:51:24 - RQ1 - INFO - 检测到 1 个Smell
2026-03-22 15:51:24 - RQ1 - INFO - 检测文件: D:\PipeSmell\dataset\example_09_missing_data_profiling.py
2026-03-22 15:51:24 - RQ1 - INFO - 检测到 1 个Smell
2026-03-22 15:51:24 - RQ1 - INFO - 检测文件: D:\PipeSmell\dataset\example_10_redundant_operation.py
2026-03-22 15:51:24 - RQ1 - INFO - 检测到 1 个Smell
2026-03-22 15:51:24 - RQ1 - INFO - 检测文件: D:\PipeSmell\dataset\example_11_excessive_copy.py
2026-03-22 15:51:24 - RQ1 - INFO - 检测到 1 个Smell
2026-03-22 15:51:24 - RQ1 - INFO - 检测文件: D:\PipeSmell\dataset\example_12_module_order_violation.py
2026-03-22 15:51:24 - RQ1 - INFO - 检测到 1 个Smell
2026-03-22 15:51:24 - RQ1 - INFO - 检测文件: D:\PipeSmell\dataset\example_13_circular_dependency.py
2026-03-22 15:51:24 - RQ1 - INFO - 检测到 1 个Smell
2026-03-22 15:51:24 - RQ1 - INFO - 检测文件: D:\PipeSmell\dataset\example_14_improper_module_cohesion.py
2026-03-22 15:51:24 - RQ1 - INFO - 检测到 1 个Smell
2026-03-22 15:51:24 - RQ1 - INFO - 检测文件: D:\PipeSmell\dataset\example_15_pipeline_fragmentation.py
2026-03-22 15:51:24 - RQ1 - INFO - 检测到 1 个Smell
2026-03-22 15:51:24 - RQ1 - INFO - 检测文件: D:\PipeSmell\dataset\example_16_unnecessary_materialization.py
2026-03-22 15:51:24 - RQ1 - INFO - 检测到 1 个Smell
2026-03-22 15:51:24 - RQ1 - INFO - 检测文件: D:\PipeSmell\dataset\example_17_large_dataframe_operation.py
2026-03-22 15:51:24 - RQ1 - INFO - 检测到 1 个Smell
2026-03-22 15:51:24 - RQ1 - INFO - 检测文件: D:\PipeSmell\dataset\example_18_lack_version_control.py
2026-03-22 15:51:24 - RQ1 - INFO - 检测到 1 个Smell
2026-03-22 15:51:24 - RQ1 - INFO - 检测文件: D:\PipeSmell\dataset\example_20_multiple_smells.py
2026-03-22 15:51:24 - RQ1 - INFO - 检测到 4 个Smell
2026-03-22 15:51:24 - RQ1 - INFO - 总共检测到 22 个Smell
2026-03-22 15:51:24 - RQ1 - INFO - 执行评估...
2026-03-22 15:51:24 - RQ1 - INFO - ================================================================================
2026-03-22 15:51:24 - RQ1 - INFO - RQ1实验结果
2026-03-22 15:51:24 - RQ1 - INFO - ================================================================================
2026-03-22 15:51:24 - RQ1 - INFO - 方法: Pipeline-aware
2026-03-22 15:51:24 - RQ1 - INFO - Precision: 1.0000
2026-03-22 15:51:24 - RQ1 - INFO - Recall: 1.0000
2026-03-22 15:51:24 - RQ1 - INFO - F1-score: 1.0000
2026-03-22 15:51:24 - RQ1 - INFO - 总预测数: 22
2026-03-22 15:51:24 - RQ1 - INFO - Ground Truth数: 22
2026-03-22 15:51:24 - RQ1 - INFO - 运行时间: 2.99ms
2026-03-22 15:51:24 - RQ1 - INFO - 
按Smell类型的性能:
2026-03-22 15:51:24 - RQ1 - INFO - --------------------------------------------------------------------------------
2026-03-22 15:51:24 - RQ1 - INFO - 
CIRCULAR_DEPENDENCY:
2026-03-22 15:51:24 - RQ1 - INFO -   Precision: 1.0000
2026-03-22 15:51:24 - RQ1 - INFO -   Recall: 1.0000
2026-03-22 15:51:24 - RQ1 - INFO -   F1-score: 1.0000
2026-03-22 15:51:24 - RQ1 - INFO -   预测数: 1
2026-03-22 15:51:24 - RQ1 - INFO -   真实数: 1
2026-03-22 15:51:24 - RQ1 - INFO - 
DATA_LEAKAGE:
2026-03-22 15:51:24 - RQ1 - INFO -   Precision: 1.0000
2026-03-22 15:51:24 - RQ1 - INFO -   Recall: 1.0000
2026-03-22 15:51:24 - RQ1 - INFO -   F1-score: 1.0000
2026-03-22 15:51:24 - RQ1 - INFO -   预测数: 2
2026-03-22 15:51:24 - RQ1 - INFO -   真实数: 2
2026-03-22 15:51:24 - RQ1 - INFO - 
EXCESSIVE_COPY:
2026-03-22 15:51:24 - RQ1 - INFO -   Precision: 1.0000
2026-03-22 15:51:24 - RQ1 - INFO -   Recall: 1.0000
2026-03-22 15:51:24 - RQ1 - INFO -   F1-score: 1.0000
2026-03-22 15:51:24 - RQ1 - INFO -   预测数: 1
2026-03-22 15:51:24 - RQ1 - INFO -   真实数: 1
2026-03-22 15:51:24 - RQ1 - INFO - 
HARDCODED_PARAMETERS:
2026-03-22 15:51:24 - RQ1 - INFO -   Precision: 1.0000
2026-03-22 15:51:24 - RQ1 - INFO -   Recall: 1.0000
2026-03-22 15:51:24 - RQ1 - INFO -   F1-score: 1.0000
2026-03-22 15:51:24 - RQ1 - INFO -   预测数: 2
2026-03-22 15:51:24 - RQ1 - INFO -   真实数: 2
2026-03-22 15:51:24 - RQ1 - INFO - 
IMPROPER_MODULE_COHESION:
2026-03-22 15:51:24 - RQ1 - INFO -   Precision: 1.0000
2026-03-22 15:51:24 - RQ1 - INFO -   Recall: 1.0000
2026-03-22 15:51:24 - RQ1 - INFO -   F1-score: 1.0000
2026-03-22 15:51:24 - RQ1 - INFO -   预测数: 1
2026-03-22 15:51:24 - RQ1 - INFO -   真实数: 1
2026-03-22 15:51:24 - RQ1 - INFO - 
INEFFICIENT_AGGREGATION:
2026-03-22 15:51:24 - RQ1 - INFO -   Precision: 1.0000
2026-03-22 15:51:24 - RQ1 - INFO -   Recall: 1.0000
2026-03-22 15:51:24 - RQ1 - INFO -   F1-score: 1.0000
2026-03-22 15:51:24 - RQ1 - INFO -   预测数: 1
2026-03-22 15:51:24 - RQ1 - INFO -   真实数: 1
2026-03-22 15:51:24 - RQ1 - INFO - 
LACK_OF_VERSION_CONTROL:
2026-03-22 15:51:24 - RQ1 - INFO -   Precision: 1.0000
2026-03-22 15:51:24 - RQ1 - INFO -   Recall: 1.0000
2026-03-22 15:51:24 - RQ1 - INFO -   F1-score: 1.0000
2026-03-22 15:51:24 - RQ1 - INFO -   预测数: 1
2026-03-22 15:51:24 - RQ1 - INFO -   真实数: 1
2026-03-22 15:51:24 - RQ1 - INFO - 
LARGE_DATA_FRAME_OPERATION:
2026-03-22 15:51:24 - RQ1 - INFO -   Precision: 1.0000
2026-03-22 15:51:24 - RQ1 - INFO -   Recall: 1.0000
2026-03-22 15:51:24 - RQ1 - INFO -   F1-score: 1.0000
2026-03-22 15:51:24 - RQ1 - INFO -   预测数: 1
2026-03-22 15:51:24 - RQ1 - INFO -   真实数: 1
2026-03-22 15:51:24 - RQ1 - INFO - 
MISSING_DATA_PROFILING:
2026-03-22 15:51:24 - RQ1 - INFO -   Precision: 1.0000
2026-03-22 15:51:24 - RQ1 - INFO -   Recall: 1.0000
2026-03-22 15:51:24 - RQ1 - INFO -   F1-score: 1.0000
2026-03-22 15:51:24 - RQ1 - INFO -   预测数: 1
2026-03-22 15:51:24 - RQ1 - INFO -   真实数: 1
2026-03-22 15:51:24 - RQ1 - INFO - 
MISSING_EVALUATION:
2026-03-22 15:51:24 - RQ1 - INFO -   Precision: 1.0000
2026-03-22 15:51:24 - RQ1 - INFO -   Recall: 1.0000
2026-03-22 15:51:24 - RQ1 - INFO -   F1-score: 1.0000
2026-03-22 15:51:24 - RQ1 - INFO -   预测数: 2
2026-03-22 15:51:24 - RQ1 - INFO -   真实数: 2
2026-03-22 15:51:24 - RQ1 - INFO - 
MISSING_RANDOM_SEED:
2026-03-22 15:51:24 - RQ1 - INFO -   Precision: 1.0000
2026-03-22 15:51:24 - RQ1 - INFO -   Recall: 1.0000
2026-03-22 15:51:24 - RQ1 - INFO -   F1-score: 1.0000
2026-03-22 15:51:24 - RQ1 - INFO -   预测数: 2
2026-03-22 15:51:24 - RQ1 - INFO -   真实数: 2
2026-03-22 15:51:24 - RQ1 - INFO - 
MISSING_VALIDATION:
2026-03-22 15:51:24 - RQ1 - INFO -   Precision: 1.0000
2026-03-22 15:51:24 - RQ1 - INFO -   Recall: 1.0000
2026-03-22 15:51:24 - RQ1 - INFO -   F1-score: 1.0000
2026-03-22 15:51:24 - RQ1 - INFO -   预测数: 1
2026-03-22 15:51:24 - RQ1 - INFO -   真实数: 1
2026-03-22 15:51:24 - RQ1 - INFO - 
MODULE_ORDER_VIOLATION:
2026-03-22 15:51:24 - RQ1 - INFO -   Precision: 1.0000
2026-03-22 15:51:24 - RQ1 - INFO -   Recall: 1.0000
2026-03-22 15:51:24 - RQ1 - INFO -   F1-score: 1.0000
2026-03-22 15:51:24 - RQ1 - INFO -   预测数: 1
2026-03-22 15:51:24 - RQ1 - INFO -   真实数: 1
2026-03-22 15:51:24 - RQ1 - INFO - 
NON_DETERMINISTIC_ORDER:
2026-03-22 15:51:24 - RQ1 - INFO -   Precision: 1.0000
2026-03-22 15:51:24 - RQ1 - INFO -   Recall: 1.0000
2026-03-22 15:51:24 - RQ1 - INFO -   F1-score: 1.0000
2026-03-22 15:51:24 - RQ1 - INFO -   预测数: 1
2026-03-22 15:51:24 - RQ1 - INFO -   真实数: 1
2026-03-22 15:51:24 - RQ1 - INFO - 
PIPELINE_FRAGMENTATION:
2026-03-22 15:51:24 - RQ1 - INFO -   Precision: 1.0000
2026-03-22 15:51:24 - RQ1 - INFO -   Recall: 1.0000
2026-03-22 15:51:24 - RQ1 - INFO -   F1-score: 1.0000
2026-03-22 15:51:24 - RQ1 - INFO -   预测数: 1
2026-03-22 15:51:24 - RQ1 - INFO -   真实数: 1
2026-03-22 15:51:24 - RQ1 - INFO - 
REDUNDANT_OPERATION:
2026-03-22 15:51:24 - RQ1 - INFO -   Precision: 1.0000
2026-03-22 15:51:24 - RQ1 - INFO -   Recall: 1.0000
2026-03-22 15:51:24 - RQ1 - INFO -   F1-score: 1.0000
2026-03-22 15:51:24 - RQ1 - INFO -   预测数: 1
2026-03-22 15:51:24 - RQ1 - INFO -   真实数: 1
2026-03-22 15:51:24 - RQ1 - INFO - 
REPEATED_TRANSFORM:
2026-03-22 15:51:24 - RQ1 - INFO -   Precision: 1.0000
2026-03-22 15:51:24 - RQ1 - INFO -   Recall: 1.0000
2026-03-22 15:51:24 - RQ1 - INFO -   F1-score: 1.0000
2026-03-22 15:51:24 - RQ1 - INFO -   预测数: 1
2026-03-22 15:51:24 - RQ1 - INFO -   真实数: 1
2026-03-22 15:51:24 - RQ1 - INFO - 
UNNECESSARY_MATERIALIZATION:
2026-03-22 15:51:24 - RQ1 - INFO -   Precision: 1.0000
2026-03-22 15:51:24 - RQ1 - INFO -   Recall: 1.0000
2026-03-22 15:51:24 - RQ1 - INFO -   F1-score: 1.0000
2026-03-22 15:51:24 - RQ1 - INFO -   预测数: 1
2026-03-22 15:51:24 - RQ1 - INFO -   真实数: 1
2026-03-22 15:51:24 - RQ1 - INFO - 
结果已保存到: experiments\results\rq1
2026-03-22 15:51:24 - RQ1 - INFO - ================================================================================
2026-03-22 15:51:24 - RQ1 - INFO - RQ1实验完成
2026-03-22 15:51:24 - RQ1 - INFO - ================================================================================
2026-03-22 16:14:02 - RQ1 - INFO - ================================================================================
2026-03-22 16:14:02 - RQ1 - INFO - 开始RQ1实验：检测准确性评估
2026-03-22 16:14:02 - RQ1 - INFO - ================================================================================
2026-03-22 16:14:02 - RQ1 - INFO - 加载Ground Truth数据...
2026-03-22 16:14:02 - RQ1 - INFO - 加载了 8 个Ground Truth Smell
2026-03-22 16:14:02 - RQ1 - INFO - 需要检测 8 个文件
2026-03-22 16:14:02 - RQ1 - INFO - 运行Pipeline-aware检测...
2026-03-22 16:14:02 - RQ1 - INFO - 开始检测 8 个文件
2026-03-22 16:14:02 - RQ1 - INFO - 检测文件: D:\PipeSmell\dataset\external\ext_01_data_leakage_style.py
2026-03-22 16:14:02 - RQ1 - INFO - 检测到 1 个Smell
2026-03-22 16:14:02 - RQ1 - INFO - 检测文件: D:\PipeSmell\dataset\external\ext_02_missing_random_seed_style.py
2026-03-22 16:14:03 - RQ1 - INFO - 检测到 1 个Smell
2026-03-22 16:14:03 - RQ1 - INFO - 检测文件: D:\PipeSmell\dataset\external\ext_04_missing_validation_style.py
2026-03-22 16:14:03 - RQ1 - INFO - 检测到 1 个Smell
2026-03-22 16:14:03 - RQ1 - INFO - 检测文件: D:\PipeSmell\dataset\external\ext_05_inefficient_loop_style.py
2026-03-22 16:14:03 - RQ1 - INFO - 检测到 1 个Smell
2026-03-22 16:14:03 - RQ1 - INFO - 检测文件: D:\PipeSmell\dataset\external\ext_06_repeated_scaler_style.py
2026-03-22 16:14:03 - RQ1 - INFO - 检测到 1 个Smell
2026-03-22 16:14:03 - RQ1 - INFO - 检测文件: D:\PipeSmell\dataset\external\ext_07_nondeterministic_style.py
2026-03-22 16:14:03 - RQ1 - INFO - 检测到 1 个Smell
2026-03-22 16:14:03 - RQ1 - INFO - 检测文件: D:\PipeSmell\dataset\external\ext_08_module_order_style.py
2026-03-22 16:14:03 - RQ1 - INFO - 检测到 1 个Smell
2026-03-22 16:14:03 - RQ1 - INFO - 检测文件: D:\PipeSmell\dataset\external\ext_09_intermediate_csv_style.py
2026-03-22 16:14:03 - RQ1 - INFO - 检测到 1 个Smell
2026-03-22 16:14:03 - RQ1 - INFO - 总共检测到 8 个Smell
2026-03-22 16:14:03 - RQ1 - INFO - 执行评估...
2026-03-22 16:14:03 - RQ1 - INFO - ================================================================================
2026-03-22 16:14:03 - RQ1 - INFO - RQ1实验结果
2026-03-22 16:14:03 - RQ1 - INFO - ================================================================================
2026-03-22 16:14:03 - RQ1 - INFO - 方法: Pipeline-aware
2026-03-22 16:14:03 - RQ1 - INFO - Precision: 1.0000
2026-03-22 16:14:03 - RQ1 - INFO - Recall: 1.0000
2026-03-22 16:14:03 - RQ1 - INFO - F1-score: 1.0000
2026-03-22 16:14:03 - RQ1 - INFO - 总预测数: 8
2026-03-22 16:14:03 - RQ1 - INFO - Ground Truth数: 8
2026-03-22 16:14:03 - RQ1 - INFO - 运行时间: 1.00ms
2026-03-22 16:14:03 - RQ1 - INFO - 
按Smell类型的性能:
2026-03-22 16:14:03 - RQ1 - INFO - --------------------------------------------------------------------------------
2026-03-22 16:14:03 - RQ1 - INFO - 
DATA_LEAKAGE:
2026-03-22 16:14:03 - RQ1 - INFO -   Precision: 1.0000
2026-03-22 16:14:03 - RQ1 - INFO -   Recall: 1.0000
2026-03-22 16:14:03 - RQ1 - INFO -   F1-score: 1.0000
2026-03-22 16:14:03 - RQ1 - INFO -   预测数: 1
2026-03-22 16:14:03 - RQ1 - INFO -   真实数: 1
2026-03-22 16:14:03 - RQ1 - INFO - 
INEFFICIENT_AGGREGATION:
2026-03-22 16:14:03 - RQ1 - INFO -   Precision: 1.0000
2026-03-22 16:14:03 - RQ1 - INFO -   Recall: 1.0000
2026-03-22 16:14:03 - RQ1 - INFO -   F1-score: 1.0000
2026-03-22 16:14:03 - RQ1 - INFO -   预测数: 1
2026-03-22 16:14:03 - RQ1 - INFO -   真实数: 1
2026-03-22 16:14:03 - RQ1 - INFO - 
MISSING_RANDOM_SEED:
2026-03-22 16:14:03 - RQ1 - INFO -   Precision: 1.0000
2026-03-22 16:14:03 - RQ1 - INFO -   Recall: 1.0000
2026-03-22 16:14:03 - RQ1 - INFO -   F1-score: 1.0000
2026-03-22 16:14:03 - RQ1 - INFO -   预测数: 1
2026-03-22 16:14:03 - RQ1 - INFO -   真实数: 1
2026-03-22 16:14:03 - RQ1 - INFO - 
MISSING_VALIDATION:
2026-03-22 16:14:03 - RQ1 - INFO -   Precision: 1.0000
2026-03-22 16:14:03 - RQ1 - INFO -   Recall: 1.0000
2026-03-22 16:14:03 - RQ1 - INFO -   F1-score: 1.0000
2026-03-22 16:14:03 - RQ1 - INFO -   预测数: 1
2026-03-22 16:14:03 - RQ1 - INFO -   真实数: 1
2026-03-22 16:14:03 - RQ1 - INFO - 
MODULE_ORDER_VIOLATION:
2026-03-22 16:14:03 - RQ1 - INFO -   Precision: 1.0000
2026-03-22 16:14:03 - RQ1 - INFO -   Recall: 1.0000
2026-03-22 16:14:03 - RQ1 - INFO -   F1-score: 1.0000
2026-03-22 16:14:03 - RQ1 - INFO -   预测数: 1
2026-03-22 16:14:03 - RQ1 - INFO -   真实数: 1
2026-03-22 16:14:03 - RQ1 - INFO - 
NON_DETERMINISTIC_ORDER:
2026-03-22 16:14:03 - RQ1 - INFO -   Precision: 1.0000
2026-03-22 16:14:03 - RQ1 - INFO -   Recall: 1.0000
2026-03-22 16:14:03 - RQ1 - INFO -   F1-score: 1.0000
2026-03-22 16:14:03 - RQ1 - INFO -   预测数: 1
2026-03-22 16:14:03 - RQ1 - INFO -   真实数: 1
2026-03-22 16:14:03 - RQ1 - INFO - 
REPEATED_TRANSFORM:
2026-03-22 16:14:03 - RQ1 - INFO -   Precision: 1.0000
2026-03-22 16:14:03 - RQ1 - INFO -   Recall: 1.0000
2026-03-22 16:14:03 - RQ1 - INFO -   F1-score: 1.0000
2026-03-22 16:14:03 - RQ1 - INFO -   预测数: 1
2026-03-22 16:14:03 - RQ1 - INFO -   真实数: 1
2026-03-22 16:14:03 - RQ1 - INFO - 
UNNECESSARY_MATERIALIZATION:
2026-03-22 16:14:03 - RQ1 - INFO -   Precision: 1.0000
2026-03-22 16:14:03 - RQ1 - INFO -   Recall: 1.0000
2026-03-22 16:14:03 - RQ1 - INFO -   F1-score: 1.0000
2026-03-22 16:14:03 - RQ1 - INFO -   预测数: 1
2026-03-22 16:14:03 - RQ1 - INFO -   真实数: 1
2026-03-22 16:14:03 - RQ1 - INFO - 
结果已保存到: experiments\results\rq1_external
2026-03-22 16:14:03 - RQ1 - INFO - ================================================================================
2026-03-22 16:14:03 - RQ1 - INFO - RQ1实验完成
2026-03-22 16:14:03 - RQ1 - INFO - ================================================================================
2026-03-22 16:14:39 - RQ1 - INFO - ================================================================================
2026-03-22 16:14:39 - RQ1 - INFO - 开始RQ1实验：检测准确性评估
2026-03-22 16:14:39 - RQ1 - INFO - ================================================================================
2026-03-22 16:14:39 - RQ1 - INFO - 加载Ground Truth数据...
2026-03-22 16:14:39 - RQ1 - INFO - 加载了 8 个Ground Truth Smell
2026-03-22 16:14:39 - RQ1 - INFO - 需要检测 9 个文件
2026-03-22 16:14:39 - RQ1 - INFO - 运行Pipeline-aware检测...
2026-03-22 16:14:39 - RQ1 - INFO - 开始检测 9 个文件
2026-03-22 16:14:39 - RQ1 - INFO - 检测文件: D:\PipeSmell\dataset\external\ext_01_data_leakage_style.py
2026-03-22 16:14:39 - RQ1 - INFO - 检测到 1 个Smell
2026-03-22 16:14:39 - RQ1 - INFO - 检测文件: D:\PipeSmell\dataset\external\ext_02_missing_random_seed_style.py
2026-03-22 16:14:39 - RQ1 - INFO - 检测到 1 个Smell
2026-03-22 16:14:39 - RQ1 - INFO - 检测文件: D:\PipeSmell\dataset\external\ext_03_clean_style.py
2026-03-22 16:14:39 - RQ1 - INFO - 检测到 0 个Smell
2026-03-22 16:14:39 - RQ1 - INFO - 检测文件: D:\PipeSmell\dataset\external\ext_04_missing_validation_style.py
2026-03-22 16:14:39 - RQ1 - INFO - 检测到 1 个Smell
2026-03-22 16:14:39 - RQ1 - INFO - 检测文件: D:\PipeSmell\dataset\external\ext_05_inefficient_loop_style.py
2026-03-22 16:14:39 - RQ1 - INFO - 检测到 1 个Smell
2026-03-22 16:14:39 - RQ1 - INFO - 检测文件: D:\PipeSmell\dataset\external\ext_06_repeated_scaler_style.py
2026-03-22 16:14:39 - RQ1 - INFO - 检测到 1 个Smell
2026-03-22 16:14:39 - RQ1 - INFO - 检测文件: D:\PipeSmell\dataset\external\ext_07_nondeterministic_style.py
2026-03-22 16:14:39 - RQ1 - INFO - 检测到 1 个Smell
2026-03-22 16:14:39 - RQ1 - INFO - 检测文件: D:\PipeSmell\dataset\external\ext_08_module_order_style.py
2026-03-22 16:14:39 - RQ1 - INFO - 检测到 1 个Smell
2026-03-22 16:14:39 - RQ1 - INFO - 检测文件: D:\PipeSmell\dataset\external\ext_09_intermediate_csv_style.py
2026-03-22 16:14:39 - RQ1 - INFO - 检测到 1 个Smell
2026-03-22 16:14:39 - RQ1 - INFO - 总共检测到 8 个Smell
2026-03-22 16:14:39 - RQ1 - INFO - 执行评估...
2026-03-22 16:14:39 - RQ1 - INFO - ================================================================================
2026-03-22 16:14:39 - RQ1 - INFO - RQ1实验结果
2026-03-22 16:14:39 - RQ1 - INFO - ================================================================================
2026-03-22 16:14:39 - RQ1 - INFO - 方法: Pipeline-aware
2026-03-22 16:14:39 - RQ1 - INFO - Precision: 1.0000
2026-03-22 16:14:39 - RQ1 - INFO - Recall: 1.0000
2026-03-22 16:14:39 - RQ1 - INFO - F1-score: 1.0000
2026-03-22 16:14:39 - RQ1 - INFO - 总预测数: 8
2026-03-22 16:14:39 - RQ1 - INFO - Ground Truth数: 8
2026-03-22 16:14:39 - RQ1 - INFO - 运行时间: 1.43ms
2026-03-22 16:14:39 - RQ1 - INFO - 
按Smell类型的性能:
2026-03-22 16:14:39 - RQ1 - INFO - --------------------------------------------------------------------------------
2026-03-22 16:14:39 - RQ1 - INFO - 
DATA_LEAKAGE:
2026-03-22 16:14:39 - RQ1 - INFO -   Precision: 1.0000
2026-03-22 16:14:39 - RQ1 - INFO -   Recall: 1.0000
2026-03-22 16:14:39 - RQ1 - INFO -   F1-score: 1.0000
2026-03-22 16:14:39 - RQ1 - INFO -   预测数: 1
2026-03-22 16:14:39 - RQ1 - INFO -   真实数: 1
2026-03-22 16:14:39 - RQ1 - INFO - 
INEFFICIENT_AGGREGATION:
2026-03-22 16:14:39 - RQ1 - INFO -   Precision: 1.0000
2026-03-22 16:14:39 - RQ1 - INFO -   Recall: 1.0000
2026-03-22 16:14:39 - RQ1 - INFO -   F1-score: 1.0000
2026-03-22 16:14:39 - RQ1 - INFO -   预测数: 1
2026-03-22 16:14:39 - RQ1 - INFO -   真实数: 1
2026-03-22 16:14:39 - RQ1 - INFO - 
MISSING_RANDOM_SEED:
2026-03-22 16:14:39 - RQ1 - INFO -   Precision: 1.0000
2026-03-22 16:14:39 - RQ1 - INFO -   Recall: 1.0000
2026-03-22 16:14:39 - RQ1 - INFO -   F1-score: 1.0000
2026-03-22 16:14:39 - RQ1 - INFO -   预测数: 1
2026-03-22 16:14:39 - RQ1 - INFO -   真实数: 1
2026-03-22 16:14:39 - RQ1 - INFO - 
MISSING_VALIDATION:
2026-03-22 16:14:39 - RQ1 - INFO -   Precision: 1.0000
2026-03-22 16:14:39 - RQ1 - INFO -   Recall: 1.0000
2026-03-22 16:14:39 - RQ1 - INFO -   F1-score: 1.0000
2026-03-22 16:14:39 - RQ1 - INFO -   预测数: 1
2026-03-22 16:14:39 - RQ1 - INFO -   真实数: 1
2026-03-22 16:14:39 - RQ1 - INFO - 
MODULE_ORDER_VIOLATION:
2026-03-22 16:14:39 - RQ1 - INFO -   Precision: 1.0000
2026-03-22 16:14:39 - RQ1 - INFO -   Recall: 1.0000
2026-03-22 16:14:39 - RQ1 - INFO -   F1-score: 1.0000
2026-03-22 16:14:39 - RQ1 - INFO -   预测数: 1
2026-03-22 16:14:39 - RQ1 - INFO -   真实数: 1
2026-03-22 16:14:39 - RQ1 - INFO - 
NON_DETERMINISTIC_ORDER:
2026-03-22 16:14:39 - RQ1 - INFO -   Precision: 1.0000
2026-03-22 16:14:39 - RQ1 - INFO -   Recall: 1.0000
2026-03-22 16:14:39 - RQ1 - INFO -   F1-score: 1.0000
2026-03-22 16:14:39 - RQ1 - INFO -   预测数: 1
2026-03-22 16:14:39 - RQ1 - INFO -   真实数: 1
2026-03-22 16:14:39 - RQ1 - INFO - 
REPEATED_TRANSFORM:
2026-03-22 16:14:39 - RQ1 - INFO -   Precision: 1.0000
2026-03-22 16:14:39 - RQ1 - INFO -   Recall: 1.0000
2026-03-22 16:14:39 - RQ1 - INFO -   F1-score: 1.0000
2026-03-22 16:14:39 - RQ1 - INFO -   预测数: 1
2026-03-22 16:14:39 - RQ1 - INFO -   真实数: 1
2026-03-22 16:14:39 - RQ1 - INFO - 
UNNECESSARY_MATERIALIZATION:
2026-03-22 16:14:39 - RQ1 - INFO -   Precision: 1.0000
2026-03-22 16:14:39 - RQ1 - INFO -   Recall: 1.0000
2026-03-22 16:14:39 - RQ1 - INFO -   F1-score: 1.0000
2026-03-22 16:14:40 - RQ1 - INFO -   预测数: 1
2026-03-22 16:14:40 - RQ1 - INFO -   真实数: 1
2026-03-22 16:14:40 - RQ1 - INFO - 
结果已保存到: experiments\results\rq1_external
2026-03-22 16:14:40 - RQ1 - INFO - ================================================================================
2026-03-22 16:14:40 - RQ1 - INFO - RQ1实验完成
2026-03-22 16:14:40 - RQ1 - INFO - ================================================================================
2026-03-22 16:15:01 - RQ1 - INFO - ================================================================================
2026-03-22 16:15:01 - RQ1 - INFO - 开始RQ1实验：检测准确性评估
2026-03-22 16:15:01 - RQ1 - INFO - ================================================================================
2026-03-22 16:15:01 - RQ1 - INFO - 加载Ground Truth数据...
2026-03-22 16:15:01 - RQ1 - INFO - 加载了 22 个Ground Truth Smell
2026-03-22 16:15:01 - RQ1 - INFO - 需要检测 20 个文件
2026-03-22 16:15:01 - RQ1 - INFO - 运行Pipeline-aware检测...
2026-03-22 16:15:01 - RQ1 - INFO - 开始检测 20 个文件
2026-03-22 16:15:01 - RQ1 - INFO - 检测文件: D:\PipeSmell\dataset\example_01_data_leakage.py
2026-03-22 16:15:01 - RQ1 - INFO - 检测到 1 个Smell
2026-03-22 16:15:01 - RQ1 - INFO - 检测文件: D:\PipeSmell\dataset\example_02_missing_random_seed.py
2026-03-22 16:15:01 - RQ1 - INFO - 检测到 1 个Smell
2026-03-22 16:15:01 - RQ1 - INFO - 检测文件: D:\PipeSmell\dataset\example_03_missing_validation.py
2026-03-22 16:15:01 - RQ1 - INFO - 检测到 1 个Smell
2026-03-22 16:15:01 - RQ1 - INFO - 检测文件: D:\PipeSmell\dataset\example_04_repeated_transform.py
2026-03-22 16:15:01 - RQ1 - INFO - 检测到 1 个Smell
2026-03-22 16:15:01 - RQ1 - INFO - 检测文件: D:\PipeSmell\dataset\example_05_missing_evaluation.py
2026-03-22 16:15:01 - RQ1 - INFO - 检测到 1 个Smell
2026-03-22 16:15:01 - RQ1 - INFO - 检测文件: D:\PipeSmell\dataset\example_06_hardcoded_parameters.py
2026-03-22 16:15:01 - RQ1 - INFO - 检测到 1 个Smell
2026-03-22 16:15:01 - RQ1 - INFO - 检测文件: D:\PipeSmell\dataset\example_07_nondeterministic_order.py
2026-03-22 16:15:01 - RQ1 - INFO - 检测到 1 个Smell
2026-03-22 16:15:01 - RQ1 - INFO - 检测文件: D:\PipeSmell\dataset\example_08_inefficient_aggregation.py
2026-03-22 16:15:01 - RQ1 - INFO - 检测到 1 个Smell
2026-03-22 16:15:01 - RQ1 - INFO - 检测文件: D:\PipeSmell\dataset\example_09_missing_data_profiling.py
2026-03-22 16:15:01 - RQ1 - INFO - 检测到 1 个Smell
2026-03-22 16:15:01 - RQ1 - INFO - 检测文件: D:\PipeSmell\dataset\example_10_redundant_operation.py
2026-03-22 16:15:01 - RQ1 - INFO - 检测到 1 个Smell
2026-03-22 16:15:01 - RQ1 - INFO - 检测文件: D:\PipeSmell\dataset\example_11_excessive_copy.py
2026-03-22 16:15:01 - RQ1 - INFO - 检测到 1 个Smell
2026-03-22 16:15:01 - RQ1 - INFO - 检测文件: D:\PipeSmell\dataset\example_12_module_order_violation.py
2026-03-22 16:15:01 - RQ1 - INFO - 检测到 1 个Smell
2026-03-22 16:15:01 - RQ1 - INFO - 检测文件: D:\PipeSmell\dataset\example_13_circular_dependency.py
2026-03-22 16:15:01 - RQ1 - INFO - 检测到 1 个Smell
2026-03-22 16:15:01 - RQ1 - INFO - 检测文件: D:\PipeSmell\dataset\example_14_improper_module_cohesion.py
2026-03-22 16:15:01 - RQ1 - INFO - 检测到 1 个Smell
2026-03-22 16:15:01 - RQ1 - INFO - 检测文件: D:\PipeSmell\dataset\example_15_pipeline_fragmentation.py
2026-03-22 16:15:01 - RQ1 - INFO - 检测到 1 个Smell
2026-03-22 16:15:01 - RQ1 - INFO - 检测文件: D:\PipeSmell\dataset\example_16_unnecessary_materialization.py
2026-03-22 16:15:01 - RQ1 - INFO - 检测到 1 个Smell
2026-03-22 16:15:01 - RQ1 - INFO - 检测文件: D:\PipeSmell\dataset\example_17_large_dataframe_operation.py
2026-03-22 16:15:01 - RQ1 - INFO - 检测到 1 个Smell
2026-03-22 16:15:01 - RQ1 - INFO - 检测文件: D:\PipeSmell\dataset\example_18_lack_version_control.py
2026-03-22 16:15:01 - RQ1 - INFO - 检测到 1 个Smell
2026-03-22 16:15:01 - RQ1 - INFO - 检测文件: D:\PipeSmell\dataset\example_19_clean_pipeline.py
2026-03-22 16:15:01 - RQ1 - INFO - 检测到 1 个Smell
2026-03-22 16:15:01 - RQ1 - INFO - 检测文件: D:\PipeSmell\dataset\example_20_multiple_smells.py
2026-03-22 16:15:01 - RQ1 - INFO - 检测到 4 个Smell
2026-03-22 16:15:01 - RQ1 - INFO - 总共检测到 23 个Smell
2026-03-22 16:15:01 - RQ1 - INFO - 执行评估...
2026-03-22 16:15:01 - RQ1 - INFO - ================================================================================
2026-03-22 16:15:01 - RQ1 - INFO - RQ1实验结果
2026-03-22 16:15:01 - RQ1 - INFO - ================================================================================
2026-03-22 16:15:01 - RQ1 - INFO - 方法: Pipeline-aware
2026-03-22 16:15:01 - RQ1 - INFO - Precision: 0.9565
2026-03-22 16:15:01 - RQ1 - INFO - Recall: 1.0000
2026-03-22 16:15:01 - RQ1 - INFO - F1-score: 0.9778
2026-03-22 16:15:01 - RQ1 - INFO - 总预测数: 23
2026-03-22 16:15:01 - RQ1 - INFO - Ground Truth数: 22
2026-03-22 16:15:01 - RQ1 - INFO - 运行时间: 1.05ms
2026-03-22 16:15:01 - RQ1 - INFO - 
按Smell类型的性能:
2026-03-22 16:15:01 - RQ1 - INFO - --------------------------------------------------------------------------------
2026-03-22 16:15:01 - RQ1 - INFO - 
CIRCULAR_DEPENDENCY:
2026-03-22 16:15:01 - RQ1 - INFO -   Precision: 1.0000
2026-03-22 16:15:01 - RQ1 - INFO -   Recall: 1.0000
2026-03-22 16:15:01 - RQ1 - INFO -   F1-score: 1.0000
2026-03-22 16:15:01 - RQ1 - INFO -   预测数: 1
2026-03-22 16:15:01 - RQ1 - INFO -   真实数: 1
2026-03-22 16:15:01 - RQ1 - INFO - 
DATA_LEAKAGE:
2026-03-22 16:15:01 - RQ1 - INFO -   Precision: 1.0000
2026-03-22 16:15:01 - RQ1 - INFO -   Recall: 1.0000
2026-03-22 16:15:01 - RQ1 - INFO -   F1-score: 1.0000
2026-03-22 16:15:01 - RQ1 - INFO -   预测数: 2
2026-03-22 16:15:01 - RQ1 - INFO -   真实数: 2
2026-03-22 16:15:01 - RQ1 - INFO - 
EXCESSIVE_COPY:
2026-03-22 16:15:01 - RQ1 - INFO -   Precision: 1.0000
2026-03-22 16:15:01 - RQ1 - INFO -   Recall: 1.0000
2026-03-22 16:15:01 - RQ1 - INFO -   F1-score: 1.0000
2026-03-22 16:15:01 - RQ1 - INFO -   预测数: 1
2026-03-22 16:15:01 - RQ1 - INFO -   真实数: 1
2026-03-22 16:15:01 - RQ1 - INFO - 
HARDCODED_PARAMETERS:
2026-03-22 16:15:01 - RQ1 - INFO -   Precision: 1.0000
2026-03-22 16:15:01 - RQ1 - INFO -   Recall: 1.0000
2026-03-22 16:15:01 - RQ1 - INFO -   F1-score: 1.0000
2026-03-22 16:15:01 - RQ1 - INFO -   预测数: 2
2026-03-22 16:15:01 - RQ1 - INFO -   真实数: 2
2026-03-22 16:15:01 - RQ1 - INFO - 
IMPROPER_MODULE_COHESION:
2026-03-22 16:15:01 - RQ1 - INFO -   Precision: 1.0000
2026-03-22 16:15:01 - RQ1 - INFO -   Recall: 1.0000
2026-03-22 16:15:01 - RQ1 - INFO -   F1-score: 1.0000
2026-03-22 16:15:01 - RQ1 - INFO -   预测数: 1
2026-03-22 16:15:01 - RQ1 - INFO -   真实数: 1
2026-03-22 16:15:01 - RQ1 - INFO - 
INEFFICIENT_AGGREGATION:
2026-03-22 16:15:01 - RQ1 - INFO -   Precision: 1.0000
2026-03-22 16:15:01 - RQ1 - INFO -   Recall: 1.0000
2026-03-22 16:15:01 - RQ1 - INFO -   F1-score: 1.0000
2026-03-22 16:15:01 - RQ1 - INFO -   预测数: 1
2026-03-22 16:15:01 - RQ1 - INFO -   真实数: 1
2026-03-22 16:15:01 - RQ1 - INFO - 
LACK_OF_VERSION_CONTROL:
2026-03-22 16:15:01 - RQ1 - INFO -   Precision: 1.0000
2026-03-22 16:15:01 - RQ1 - INFO -   Recall: 1.0000
2026-03-22 16:15:01 - RQ1 - INFO -   F1-score: 1.0000
2026-03-22 16:15:01 - RQ1 - INFO -   预测数: 1
2026-03-22 16:15:01 - RQ1 - INFO -   真实数: 1
2026-03-22 16:15:01 - RQ1 - INFO - 
LARGE_DATA_FRAME_OPERATION:
2026-03-22 16:15:01 - RQ1 - INFO -   Precision: 1.0000
2026-03-22 16:15:01 - RQ1 - INFO -   Recall: 1.0000
2026-03-22 16:15:01 - RQ1 - INFO -   F1-score: 1.0000
2026-03-22 16:15:01 - RQ1 - INFO -   预测数: 1
2026-03-22 16:15:01 - RQ1 - INFO -   真实数: 1
2026-03-22 16:15:01 - RQ1 - INFO - 
MISSING_DATA_PROFILING:
2026-03-22 16:15:01 - RQ1 - INFO -   Precision: 1.0000
2026-03-22 16:15:01 - RQ1 - INFO -   Recall: 1.0000
2026-03-22 16:15:01 - RQ1 - INFO -   F1-score: 1.0000
2026-03-22 16:15:01 - RQ1 - INFO -   预测数: 1
2026-03-22 16:15:01 - RQ1 - INFO -   真实数: 1
2026-03-22 16:15:01 - RQ1 - INFO - 
MISSING_EVALUATION:
2026-03-22 16:15:01 - RQ1 - INFO -   Precision: 1.0000
2026-03-22 16:15:01 - RQ1 - INFO -   Recall: 1.0000
2026-03-22 16:15:01 - RQ1 - INFO -   F1-score: 1.0000
2026-03-22 16:15:01 - RQ1 - INFO -   预测数: 2
2026-03-22 16:15:01 - RQ1 - INFO -   真实数: 2
2026-03-22 16:15:01 - RQ1 - INFO - 
MISSING_RANDOM_SEED:
2026-03-22 16:15:01 - RQ1 - INFO -   Precision: 1.0000
2026-03-22 16:15:01 - RQ1 - INFO -   Recall: 1.0000
2026-03-22 16:15:01 - RQ1 - INFO -   F1-score: 1.0000
2026-03-22 16:15:01 - RQ1 - INFO -   预测数: 2
2026-03-22 16:15:01 - RQ1 - INFO -   真实数: 2
2026-03-22 16:15:01 - RQ1 - INFO - 
MISSING_VALIDATION:
2026-03-22 16:15:01 - RQ1 - INFO -   Precision: 1.0000
2026-03-22 16:15:01 - RQ1 - INFO -   Recall: 1.0000
2026-03-22 16:15:01 - RQ1 - INFO -   F1-score: 1.0000
2026-03-22 16:15:01 - RQ1 - INFO -   预测数: 1
2026-03-22 16:15:01 - RQ1 - INFO -   真实数: 1
2026-03-22 16:15:01 - RQ1 - INFO - 
MODULE_ORDER_VIOLATION:
2026-03-22 16:15:01 - RQ1 - INFO -   Precision: 1.0000
2026-03-22 16:15:01 - RQ1 - INFO -   Recall: 1.0000
2026-03-22 16:15:01 - RQ1 - INFO -   F1-score: 1.0000
2026-03-22 16:15:01 - RQ1 - INFO -   预测数: 1
2026-03-22 16:15:01 - RQ1 - INFO -   真实数: 1
2026-03-22 16:15:01 - RQ1 - INFO - 
NON_DETERMINISTIC_ORDER:
2026-03-22 16:15:01 - RQ1 - INFO -   Precision: 1.0000
2026-03-22 16:15:01 - RQ1 - INFO -   Recall: 1.0000
2026-03-22 16:15:01 - RQ1 - INFO -   F1-score: 1.0000
2026-03-22 16:15:01 - RQ1 - INFO -   预测数: 1
2026-03-22 16:15:01 - RQ1 - INFO -   真实数: 1
2026-03-22 16:15:01 - RQ1 - INFO - 
PIPELINE_FRAGMENTATION:
2026-03-22 16:15:01 - RQ1 - INFO -   Precision: 0.5000
2026-03-22 16:15:01 - RQ1 - INFO -   Recall: 1.0000
2026-03-22 16:15:01 - RQ1 - INFO -   F1-score: 0.6667
2026-03-22 16:15:01 - RQ1 - INFO -   预测数: 2
2026-03-22 16:15:01 - RQ1 - INFO -   真实数: 1
2026-03-22 16:15:01 - RQ1 - INFO - 
REDUNDANT_OPERATION:
2026-03-22 16:15:01 - RQ1 - INFO -   Precision: 1.0000
2026-03-22 16:15:01 - RQ1 - INFO -   Recall: 1.0000
2026-03-22 16:15:01 - RQ1 - INFO -   F1-score: 1.0000
2026-03-22 16:15:01 - RQ1 - INFO -   预测数: 1
2026-03-22 16:15:01 - RQ1 - INFO -   真实数: 1
2026-03-22 16:15:01 - RQ1 - INFO - 
REPEATED_TRANSFORM:
2026-03-22 16:15:01 - RQ1 - INFO -   Precision: 1.0000
2026-03-22 16:15:01 - RQ1 - INFO -   Recall: 1.0000
2026-03-22 16:15:01 - RQ1 - INFO -   F1-score: 1.0000
2026-03-22 16:15:01 - RQ1 - INFO -   预测数: 1
2026-03-22 16:15:01 - RQ1 - INFO -   真实数: 1
2026-03-22 16:15:01 - RQ1 - INFO - 
UNNECESSARY_MATERIALIZATION:
2026-03-22 16:15:01 - RQ1 - INFO -   Precision: 1.0000
2026-03-22 16:15:01 - RQ1 - INFO -   Recall: 1.0000
2026-03-22 16:15:01 - RQ1 - INFO -   F1-score: 1.0000
2026-03-22 16:15:01 - RQ1 - INFO -   预测数: 1
2026-03-22 16:15:01 - RQ1 - INFO -   真实数: 1
2026-03-22 16:15:01 - RQ1 - INFO - 
结果已保存到: experiments\results\rq1
2026-03-22 16:15:01 - RQ1 - INFO - ================================================================================
2026-03-22 16:15:01 - RQ1 - INFO - RQ1实验完成
2026-03-22 16:15:01 - RQ1 - INFO - ================================================================================
2026-03-22 16:15:42 - RQ1 - INFO - ================================================================================
2026-03-22 16:15:42 - RQ1 - INFO - 开始RQ1实验：检测准确性评估
2026-03-22 16:15:42 - RQ1 - INFO - ================================================================================
2026-03-22 16:15:42 - RQ1 - INFO - 加载Ground Truth数据...
2026-03-22 16:15:42 - RQ1 - INFO - 加载了 22 个Ground Truth Smell
2026-03-22 16:15:42 - RQ1 - INFO - 需要检测 20 个文件
2026-03-22 16:15:42 - RQ1 - INFO - 运行Pipeline-aware检测...
2026-03-22 16:15:42 - RQ1 - INFO - 开始检测 20 个文件
2026-03-22 16:15:42 - RQ1 - INFO - 检测文件: D:\PipeSmell\dataset\example_01_data_leakage.py
2026-03-22 16:15:42 - RQ1 - INFO - 检测到 1 个Smell
2026-03-22 16:15:42 - RQ1 - INFO - 检测文件: D:\PipeSmell\dataset\example_02_missing_random_seed.py
2026-03-22 16:15:42 - RQ1 - INFO - 检测到 1 个Smell
2026-03-22 16:15:42 - RQ1 - INFO - 检测文件: D:\PipeSmell\dataset\example_03_missing_validation.py
2026-03-22 16:15:42 - RQ1 - INFO - 检测到 1 个Smell
2026-03-22 16:15:42 - RQ1 - INFO - 检测文件: D:\PipeSmell\dataset\example_04_repeated_transform.py
2026-03-22 16:15:42 - RQ1 - INFO - 检测到 1 个Smell
2026-03-22 16:15:42 - RQ1 - INFO - 检测文件: D:\PipeSmell\dataset\example_05_missing_evaluation.py
2026-03-22 16:15:42 - RQ1 - INFO - 检测到 1 个Smell
2026-03-22 16:15:42 - RQ1 - INFO - 检测文件: D:\PipeSmell\dataset\example_06_hardcoded_parameters.py
2026-03-22 16:15:42 - RQ1 - INFO - 检测到 1 个Smell
2026-03-22 16:15:42 - RQ1 - INFO - 检测文件: D:\PipeSmell\dataset\example_07_nondeterministic_order.py
2026-03-22 16:15:42 - RQ1 - INFO - 检测到 1 个Smell
2026-03-22 16:15:42 - RQ1 - INFO - 检测文件: D:\PipeSmell\dataset\example_08_inefficient_aggregation.py
2026-03-22 16:15:42 - RQ1 - INFO - 检测到 1 个Smell
2026-03-22 16:15:42 - RQ1 - INFO - 检测文件: D:\PipeSmell\dataset\example_09_missing_data_profiling.py
2026-03-22 16:15:42 - RQ1 - INFO - 检测到 1 个Smell
2026-03-22 16:15:42 - RQ1 - INFO - 检测文件: D:\PipeSmell\dataset\example_10_redundant_operation.py
2026-03-22 16:15:42 - RQ1 - INFO - 检测到 1 个Smell
2026-03-22 16:15:42 - RQ1 - INFO - 检测文件: D:\PipeSmell\dataset\example_11_excessive_copy.py
2026-03-22 16:15:42 - RQ1 - INFO - 检测到 1 个Smell
2026-03-22 16:15:42 - RQ1 - INFO - 检测文件: D:\PipeSmell\dataset\example_12_module_order_violation.py
2026-03-22 16:15:42 - RQ1 - INFO - 检测到 1 个Smell
2026-03-22 16:15:42 - RQ1 - INFO - 检测文件: D:\PipeSmell\dataset\example_13_circular_dependency.py
2026-03-22 16:15:42 - RQ1 - INFO - 检测到 1 个Smell
2026-03-22 16:15:42 - RQ1 - INFO - 检测文件: D:\PipeSmell\dataset\example_14_improper_module_cohesion.py
2026-03-22 16:15:42 - RQ1 - INFO - 检测到 1 个Smell
2026-03-22 16:15:42 - RQ1 - INFO - 检测文件: D:\PipeSmell\dataset\example_15_pipeline_fragmentation.py
2026-03-22 16:15:42 - RQ1 - INFO - 检测到 1 个Smell
2026-03-22 16:15:42 - RQ1 - INFO - 检测文件: D:\PipeSmell\dataset\example_16_unnecessary_materialization.py
2026-03-22 16:15:43 - RQ1 - INFO - 检测到 1 个Smell
2026-03-22 16:15:43 - RQ1 - INFO - 检测文件: D:\PipeSmell\dataset\example_17_large_dataframe_operation.py
2026-03-22 16:15:43 - RQ1 - INFO - 检测到 1 个Smell
2026-03-22 16:15:43 - RQ1 - INFO - 检测文件: D:\PipeSmell\dataset\example_18_lack_version_control.py
2026-03-22 16:15:43 - RQ1 - INFO - 检测到 1 个Smell
2026-03-22 16:15:43 - RQ1 - INFO - 检测文件: D:\PipeSmell\dataset\example_19_clean_pipeline.py
2026-03-22 16:15:43 - RQ1 - INFO - 检测到 1 个Smell
2026-03-22 16:15:43 - RQ1 - INFO - 检测文件: D:\PipeSmell\dataset\example_20_multiple_smells.py
2026-03-22 16:15:43 - RQ1 - INFO - 检测到 4 个Smell
2026-03-22 16:15:43 - RQ1 - INFO - 总共检测到 23 个Smell
2026-03-22 16:15:43 - RQ1 - INFO - 执行评估...
2026-03-22 16:15:43 - RQ1 - INFO - ================================================================================
2026-03-22 16:15:43 - RQ1 - INFO - RQ1实验结果
2026-03-22 16:15:43 - RQ1 - INFO - ================================================================================
2026-03-22 16:15:43 - RQ1 - INFO - 方法: Pipeline-aware
2026-03-22 16:15:43 - RQ1 - INFO - Precision: 0.9565
2026-03-22 16:15:43 - RQ1 - INFO - Recall: 1.0000
2026-03-22 16:15:43 - RQ1 - INFO - F1-score: 0.9778
2026-03-22 16:15:43 - RQ1 - INFO - 总预测数: 23
2026-03-22 16:15:43 - RQ1 - INFO - Ground Truth数: 22
2026-03-22 16:15:43 - RQ1 - INFO - 运行时间: 1.00ms
2026-03-22 16:15:43 - RQ1 - INFO - 
按Smell类型的性能:
2026-03-22 16:15:43 - RQ1 - INFO - --------------------------------------------------------------------------------
2026-03-22 16:15:43 - RQ1 - INFO - 
CIRCULAR_DEPENDENCY:
2026-03-22 16:15:43 - RQ1 - INFO -   Precision: 1.0000
2026-03-22 16:15:43 - RQ1 - INFO -   Recall: 1.0000
2026-03-22 16:15:43 - RQ1 - INFO -   F1-score: 1.0000
2026-03-22 16:15:43 - RQ1 - INFO -   预测数: 1
2026-03-22 16:15:43 - RQ1 - INFO -   真实数: 1
2026-03-22 16:15:43 - RQ1 - INFO - 
DATA_LEAKAGE:
2026-03-22 16:15:43 - RQ1 - INFO -   Precision: 1.0000
2026-03-22 16:15:43 - RQ1 - INFO -   Recall: 1.0000
2026-03-22 16:15:43 - RQ1 - INFO -   F1-score: 1.0000
2026-03-22 16:15:43 - RQ1 - INFO -   预测数: 2
2026-03-22 16:15:43 - RQ1 - INFO -   真实数: 2
2026-03-22 16:15:43 - RQ1 - INFO - 
EXCESSIVE_COPY:
2026-03-22 16:15:43 - RQ1 - INFO -   Precision: 1.0000
2026-03-22 16:15:43 - RQ1 - INFO -   Recall: 1.0000
2026-03-22 16:15:43 - RQ1 - INFO -   F1-score: 1.0000
2026-03-22 16:15:43 - RQ1 - INFO -   预测数: 1
2026-03-22 16:15:43 - RQ1 - INFO -   真实数: 1
2026-03-22 16:15:43 - RQ1 - INFO - 
HARDCODED_PARAMETERS:
2026-03-22 16:15:43 - RQ1 - INFO -   Precision: 1.0000
2026-03-22 16:15:43 - RQ1 - INFO -   Recall: 1.0000
2026-03-22 16:15:43 - RQ1 - INFO -   F1-score: 1.0000
2026-03-22 16:15:43 - RQ1 - INFO -   预测数: 2
2026-03-22 16:15:43 - RQ1 - INFO -   真实数: 2
2026-03-22 16:15:43 - RQ1 - INFO - 
IMPROPER_MODULE_COHESION:
2026-03-22 16:15:43 - RQ1 - INFO -   Precision: 1.0000
2026-03-22 16:15:43 - RQ1 - INFO -   Recall: 1.0000
2026-03-22 16:15:43 - RQ1 - INFO -   F1-score: 1.0000
2026-03-22 16:15:43 - RQ1 - INFO -   预测数: 1
2026-03-22 16:15:43 - RQ1 - INFO -   真实数: 1
2026-03-22 16:15:43 - RQ1 - INFO - 
INEFFICIENT_AGGREGATION:
2026-03-22 16:15:43 - RQ1 - INFO -   Precision: 1.0000
2026-03-22 16:15:43 - RQ1 - INFO -   Recall: 1.0000
2026-03-22 16:15:43 - RQ1 - INFO -   F1-score: 1.0000
2026-03-22 16:15:43 - RQ1 - INFO -   预测数: 1
2026-03-22 16:15:43 - RQ1 - INFO -   真实数: 1
2026-03-22 16:15:43 - RQ1 - INFO - 
LACK_OF_VERSION_CONTROL:
2026-03-22 16:15:43 - RQ1 - INFO -   Precision: 1.0000
2026-03-22 16:15:43 - RQ1 - INFO -   Recall: 1.0000
2026-03-22 16:15:43 - RQ1 - INFO -   F1-score: 1.0000
2026-03-22 16:15:43 - RQ1 - INFO -   预测数: 1
2026-03-22 16:15:43 - RQ1 - INFO -   真实数: 1
2026-03-22 16:15:43 - RQ1 - INFO - 
LARGE_DATA_FRAME_OPERATION:
2026-03-22 16:15:43 - RQ1 - INFO -   Precision: 1.0000
2026-03-22 16:15:43 - RQ1 - INFO -   Recall: 1.0000
2026-03-22 16:15:43 - RQ1 - INFO -   F1-score: 1.0000
2026-03-22 16:15:43 - RQ1 - INFO -   预测数: 1
2026-03-22 16:15:43 - RQ1 - INFO -   真实数: 1
2026-03-22 16:15:43 - RQ1 - INFO - 
MISSING_DATA_PROFILING:
2026-03-22 16:15:43 - RQ1 - INFO -   Precision: 1.0000
2026-03-22 16:15:43 - RQ1 - INFO -   Recall: 1.0000
2026-03-22 16:15:43 - RQ1 - INFO -   F1-score: 1.0000
2026-03-22 16:15:43 - RQ1 - INFO -   预测数: 1
2026-03-22 16:15:43 - RQ1 - INFO -   真实数: 1
2026-03-22 16:15:43 - RQ1 - INFO - 
MISSING_EVALUATION:
2026-03-22 16:15:43 - RQ1 - INFO -   Precision: 1.0000
2026-03-22 16:15:43 - RQ1 - INFO -   Recall: 1.0000
2026-03-22 16:15:43 - RQ1 - INFO -   F1-score: 1.0000
2026-03-22 16:15:43 - RQ1 - INFO -   预测数: 2
2026-03-22 16:15:43 - RQ1 - INFO -   真实数: 2
2026-03-22 16:15:43 - RQ1 - INFO - 
MISSING_RANDOM_SEED:
2026-03-22 16:15:43 - RQ1 - INFO -   Precision: 1.0000
2026-03-22 16:15:43 - RQ1 - INFO -   Recall: 1.0000
2026-03-22 16:15:43 - RQ1 - INFO -   F1-score: 1.0000
2026-03-22 16:15:43 - RQ1 - INFO -   预测数: 2
2026-03-22 16:15:43 - RQ1 - INFO -   真实数: 2
2026-03-22 16:15:43 - RQ1 - INFO - 
MISSING_VALIDATION:
2026-03-22 16:15:43 - RQ1 - INFO -   Precision: 1.0000
2026-03-22 16:15:43 - RQ1 - INFO -   Recall: 1.0000
2026-03-22 16:15:43 - RQ1 - INFO -   F1-score: 1.0000
2026-03-22 16:15:43 - RQ1 - INFO -   预测数: 1
2026-03-22 16:15:43 - RQ1 - INFO -   真实数: 1
2026-03-22 16:15:43 - RQ1 - INFO - 
MODULE_ORDER_VIOLATION:
2026-03-22 16:15:43 - RQ1 - INFO -   Precision: 1.0000
2026-03-22 16:15:43 - RQ1 - INFO -   Recall: 1.0000
2026-03-22 16:15:43 - RQ1 - INFO -   F1-score: 1.0000
2026-03-22 16:15:43 - RQ1 - INFO -   预测数: 1
2026-03-22 16:15:43 - RQ1 - INFO -   真实数: 1
2026-03-22 16:15:43 - RQ1 - INFO - 
NON_DETERMINISTIC_ORDER:
2026-03-22 16:15:43 - RQ1 - INFO -   Precision: 1.0000
2026-03-22 16:15:43 - RQ1 - INFO -   Recall: 1.0000
2026-03-22 16:15:43 - RQ1 - INFO -   F1-score: 1.0000
2026-03-22 16:15:43 - RQ1 - INFO -   预测数: 1
2026-03-22 16:15:43 - RQ1 - INFO -   真实数: 1
2026-03-22 16:15:43 - RQ1 - INFO - 
PIPELINE_FRAGMENTATION:
2026-03-22 16:15:43 - RQ1 - INFO -   Precision: 0.5000
2026-03-22 16:15:43 - RQ1 - INFO -   Recall: 1.0000
2026-03-22 16:15:43 - RQ1 - INFO -   F1-score: 0.6667
2026-03-22 16:15:43 - RQ1 - INFO -   预测数: 2
2026-03-22 16:15:43 - RQ1 - INFO -   真实数: 1
2026-03-22 16:15:43 - RQ1 - INFO - 
REDUNDANT_OPERATION:
2026-03-22 16:15:43 - RQ1 - INFO -   Precision: 1.0000
2026-03-22 16:15:43 - RQ1 - INFO -   Recall: 1.0000
2026-03-22 16:15:43 - RQ1 - INFO -   F1-score: 1.0000
2026-03-22 16:15:43 - RQ1 - INFO -   预测数: 1
2026-03-22 16:15:43 - RQ1 - INFO -   真实数: 1
2026-03-22 16:15:43 - RQ1 - INFO - 
REPEATED_TRANSFORM:
2026-03-22 16:15:43 - RQ1 - INFO -   Precision: 1.0000
2026-03-22 16:15:43 - RQ1 - INFO -   Recall: 1.0000
2026-03-22 16:15:43 - RQ1 - INFO -   F1-score: 1.0000
2026-03-22 16:15:43 - RQ1 - INFO -   预测数: 1
2026-03-22 16:15:43 - RQ1 - INFO -   真实数: 1
2026-03-22 16:15:43 - RQ1 - INFO - 
UNNECESSARY_MATERIALIZATION:
2026-03-22 16:15:43 - RQ1 - INFO -   Precision: 1.0000
2026-03-22 16:15:43 - RQ1 - INFO -   Recall: 1.0000
2026-03-22 16:15:43 - RQ1 - INFO -   F1-score: 1.0000
2026-03-22 16:15:43 - RQ1 - INFO -   预测数: 1
2026-03-22 16:15:43 - RQ1 - INFO -   真实数: 1
2026-03-22 16:15:43 - RQ1 - INFO - 
结果已保存到: experiments\results\rq1
2026-03-22 16:15:43 - RQ1 - INFO - ================================================================================
2026-03-22 16:15:43 - RQ1 - INFO - RQ1实验完成
2026-03-22 16:15:43 - RQ1 - INFO - ================================================================================
2026-03-22 16:16:05 - RQ1 - INFO - ================================================================================
2026-03-22 16:16:05 - RQ1 - INFO - 开始RQ1实验：检测准确性评估
2026-03-22 16:16:05 - RQ1 - INFO - ================================================================================
2026-03-22 16:16:05 - RQ1 - INFO - 加载Ground Truth数据...
2026-03-22 16:16:05 - RQ1 - INFO - 加载了 22 个Ground Truth Smell
2026-03-22 16:16:05 - RQ1 - INFO - 需要检测 20 个文件
2026-03-22 16:16:05 - RQ1 - INFO - 运行Pipeline-aware检测...
2026-03-22 16:16:05 - RQ1 - INFO - 开始检测 20 个文件
2026-03-22 16:16:05 - RQ1 - INFO - 检测文件: D:\PipeSmell\dataset\example_01_data_leakage.py
2026-03-22 16:16:05 - RQ1 - INFO - 检测到 1 个Smell
2026-03-22 16:16:05 - RQ1 - INFO - 检测文件: D:\PipeSmell\dataset\example_02_missing_random_seed.py
2026-03-22 16:16:05 - RQ1 - INFO - 检测到 1 个Smell
2026-03-22 16:16:05 - RQ1 - INFO - 检测文件: D:\PipeSmell\dataset\example_03_missing_validation.py
2026-03-22 16:16:05 - RQ1 - INFO - 检测到 1 个Smell
2026-03-22 16:16:05 - RQ1 - INFO - 检测文件: D:\PipeSmell\dataset\example_04_repeated_transform.py
2026-03-22 16:16:05 - RQ1 - INFO - 检测到 1 个Smell
2026-03-22 16:16:05 - RQ1 - INFO - 检测文件: D:\PipeSmell\dataset\example_05_missing_evaluation.py
2026-03-22 16:16:05 - RQ1 - INFO - 检测到 1 个Smell
2026-03-22 16:16:05 - RQ1 - INFO - 检测文件: D:\PipeSmell\dataset\example_06_hardcoded_parameters.py
2026-03-22 16:16:05 - RQ1 - INFO - 检测到 1 个Smell
2026-03-22 16:16:05 - RQ1 - INFO - 检测文件: D:\PipeSmell\dataset\example_07_nondeterministic_order.py
2026-03-22 16:16:05 - RQ1 - INFO - 检测到 1 个Smell
2026-03-22 16:16:05 - RQ1 - INFO - 检测文件: D:\PipeSmell\dataset\example_08_inefficient_aggregation.py
2026-03-22 16:16:05 - RQ1 - INFO - 检测到 1 个Smell
2026-03-22 16:16:05 - RQ1 - INFO - 检测文件: D:\PipeSmell\dataset\example_09_missing_data_profiling.py
2026-03-22 16:16:05 - RQ1 - INFO - 检测到 1 个Smell
2026-03-22 16:16:05 - RQ1 - INFO - 检测文件: D:\PipeSmell\dataset\example_10_redundant_operation.py
2026-03-22 16:16:05 - RQ1 - INFO - 检测到 1 个Smell
2026-03-22 16:16:05 - RQ1 - INFO - 检测文件: D:\PipeSmell\dataset\example_11_excessive_copy.py
2026-03-22 16:16:05 - RQ1 - INFO - 检测到 1 个Smell
2026-03-22 16:16:05 - RQ1 - INFO - 检测文件: D:\PipeSmell\dataset\example_12_module_order_violation.py
2026-03-22 16:16:05 - RQ1 - INFO - 检测到 1 个Smell
2026-03-22 16:16:05 - RQ1 - INFO - 检测文件: D:\PipeSmell\dataset\example_13_circular_dependency.py
2026-03-22 16:16:05 - RQ1 - INFO - 检测到 1 个Smell
2026-03-22 16:16:05 - RQ1 - INFO - 检测文件: D:\PipeSmell\dataset\example_14_improper_module_cohesion.py
2026-03-22 16:16:05 - RQ1 - INFO - 检测到 1 个Smell
2026-03-22 16:16:05 - RQ1 - INFO - 检测文件: D:\PipeSmell\dataset\example_15_pipeline_fragmentation.py
2026-03-22 16:16:05 - RQ1 - INFO - 检测到 1 个Smell
2026-03-22 16:16:05 - RQ1 - INFO - 检测文件: D:\PipeSmell\dataset\example_16_unnecessary_materialization.py
2026-03-22 16:16:05 - RQ1 - INFO - 检测到 1 个Smell
2026-03-22 16:16:05 - RQ1 - INFO - 检测文件: D:\PipeSmell\dataset\example_17_large_dataframe_operation.py
2026-03-22 16:16:05 - RQ1 - INFO - 检测到 1 个Smell
2026-03-22 16:16:05 - RQ1 - INFO - 检测文件: D:\PipeSmell\dataset\example_18_lack_version_control.py
2026-03-22 16:16:05 - RQ1 - INFO - 检测到 1 个Smell
2026-03-22 16:16:05 - RQ1 - INFO - 检测文件: D:\PipeSmell\dataset\example_19_clean_pipeline.py
2026-03-22 16:16:05 - RQ1 - INFO - 检测到 0 个Smell
2026-03-22 16:16:05 - RQ1 - INFO - 检测文件: D:\PipeSmell\dataset\example_20_multiple_smells.py
2026-03-22 16:16:05 - RQ1 - INFO - 检测到 4 个Smell
2026-03-22 16:16:05 - RQ1 - INFO - 总共检测到 22 个Smell
2026-03-22 16:16:05 - RQ1 - INFO - 执行评估...
2026-03-22 16:16:05 - RQ1 - INFO - ================================================================================
2026-03-22 16:16:05 - RQ1 - INFO - RQ1实验结果
2026-03-22 16:16:05 - RQ1 - INFO - ================================================================================
2026-03-22 16:16:05 - RQ1 - INFO - 方法: Pipeline-aware
2026-03-22 16:16:05 - RQ1 - INFO - Precision: 1.0000
2026-03-22 16:16:05 - RQ1 - INFO - Recall: 1.0000
2026-03-22 16:16:05 - RQ1 - INFO - F1-score: 1.0000
2026-03-22 16:16:05 - RQ1 - INFO - 总预测数: 22
2026-03-22 16:16:05 - RQ1 - INFO - Ground Truth数: 22
2026-03-22 16:16:05 - RQ1 - INFO - 运行时间: 1.08ms
2026-03-22 16:16:05 - RQ1 - INFO - 
按Smell类型的性能:
2026-03-22 16:16:05 - RQ1 - INFO - --------------------------------------------------------------------------------
2026-03-22 16:16:05 - RQ1 - INFO - 
CIRCULAR_DEPENDENCY:
2026-03-22 16:16:05 - RQ1 - INFO -   Precision: 1.0000
2026-03-22 16:16:05 - RQ1 - INFO -   Recall: 1.0000
2026-03-22 16:16:05 - RQ1 - INFO -   F1-score: 1.0000
2026-03-22 16:16:05 - RQ1 - INFO -   预测数: 1
2026-03-22 16:16:05 - RQ1 - INFO -   真实数: 1
2026-03-22 16:16:05 - RQ1 - INFO - 
DATA_LEAKAGE:
2026-03-22 16:16:05 - RQ1 - INFO -   Precision: 1.0000
2026-03-22 16:16:05 - RQ1 - INFO -   Recall: 1.0000
2026-03-22 16:16:05 - RQ1 - INFO -   F1-score: 1.0000
2026-03-22 16:16:05 - RQ1 - INFO -   预测数: 2
2026-03-22 16:16:05 - RQ1 - INFO -   真实数: 2
2026-03-22 16:16:05 - RQ1 - INFO - 
EXCESSIVE_COPY:
2026-03-22 16:16:05 - RQ1 - INFO -   Precision: 1.0000
2026-03-22 16:16:05 - RQ1 - INFO -   Recall: 1.0000
2026-03-22 16:16:05 - RQ1 - INFO -   F1-score: 1.0000
2026-03-22 16:16:05 - RQ1 - INFO -   预测数: 1
2026-03-22 16:16:05 - RQ1 - INFO -   真实数: 1
2026-03-22 16:16:05 - RQ1 - INFO - 
HARDCODED_PARAMETERS:
2026-03-22 16:16:05 - RQ1 - INFO -   Precision: 1.0000
2026-03-22 16:16:05 - RQ1 - INFO -   Recall: 1.0000
2026-03-22 16:16:05 - RQ1 - INFO -   F1-score: 1.0000
2026-03-22 16:16:05 - RQ1 - INFO -   预测数: 2
2026-03-22 16:16:05 - RQ1 - INFO -   真实数: 2
2026-03-22 16:16:05 - RQ1 - INFO - 
IMPROPER_MODULE_COHESION:
2026-03-22 16:16:05 - RQ1 - INFO -   Precision: 1.0000
2026-03-22 16:16:05 - RQ1 - INFO -   Recall: 1.0000
2026-03-22 16:16:05 - RQ1 - INFO -   F1-score: 1.0000
2026-03-22 16:16:05 - RQ1 - INFO -   预测数: 1
2026-03-22 16:16:05 - RQ1 - INFO -   真实数: 1
2026-03-22 16:16:05 - RQ1 - INFO - 
INEFFICIENT_AGGREGATION:
2026-03-22 16:16:05 - RQ1 - INFO -   Precision: 1.0000
2026-03-22 16:16:05 - RQ1 - INFO -   Recall: 1.0000
2026-03-22 16:16:05 - RQ1 - INFO -   F1-score: 1.0000
2026-03-22 16:16:05 - RQ1 - INFO -   预测数: 1
2026-03-22 16:16:05 - RQ1 - INFO -   真实数: 1
2026-03-22 16:16:05 - RQ1 - INFO - 
LACK_OF_VERSION_CONTROL:
2026-03-22 16:16:05 - RQ1 - INFO -   Precision: 1.0000
2026-03-22 16:16:05 - RQ1 - INFO -   Recall: 1.0000
2026-03-22 16:16:05 - RQ1 - INFO -   F1-score: 1.0000
2026-03-22 16:16:05 - RQ1 - INFO -   预测数: 1
2026-03-22 16:16:05 - RQ1 - INFO -   真实数: 1
2026-03-22 16:16:05 - RQ1 - INFO - 
LARGE_DATA_FRAME_OPERATION:
2026-03-22 16:16:05 - RQ1 - INFO -   Precision: 1.0000
2026-03-22 16:16:05 - RQ1 - INFO -   Recall: 1.0000
2026-03-22 16:16:05 - RQ1 - INFO -   F1-score: 1.0000
2026-03-22 16:16:05 - RQ1 - INFO -   预测数: 1
2026-03-22 16:16:05 - RQ1 - INFO -   真实数: 1
2026-03-22 16:16:05 - RQ1 - INFO - 
MISSING_DATA_PROFILING:
2026-03-22 16:16:05 - RQ1 - INFO -   Precision: 1.0000
2026-03-22 16:16:05 - RQ1 - INFO -   Recall: 1.0000
2026-03-22 16:16:05 - RQ1 - INFO -   F1-score: 1.0000
2026-03-22 16:16:05 - RQ1 - INFO -   预测数: 1
2026-03-22 16:16:05 - RQ1 - INFO -   真实数: 1
2026-03-22 16:16:05 - RQ1 - INFO - 
MISSING_EVALUATION:
2026-03-22 16:16:05 - RQ1 - INFO -   Precision: 1.0000
2026-03-22 16:16:05 - RQ1 - INFO -   Recall: 1.0000
2026-03-22 16:16:05 - RQ1 - INFO -   F1-score: 1.0000
2026-03-22 16:16:05 - RQ1 - INFO -   预测数: 2
2026-03-22 16:16:05 - RQ1 - INFO -   真实数: 2
2026-03-22 16:16:05 - RQ1 - INFO - 
MISSING_RANDOM_SEED:
2026-03-22 16:16:05 - RQ1 - INFO -   Precision: 1.0000
2026-03-22 16:16:05 - RQ1 - INFO -   Recall: 1.0000
2026-03-22 16:16:05 - RQ1 - INFO -   F1-score: 1.0000
2026-03-22 16:16:05 - RQ1 - INFO -   预测数: 2
2026-03-22 16:16:05 - RQ1 - INFO -   真实数: 2
2026-03-22 16:16:05 - RQ1 - INFO - 
MISSING_VALIDATION:
2026-03-22 16:16:05 - RQ1 - INFO -   Precision: 1.0000
2026-03-22 16:16:05 - RQ1 - INFO -   Recall: 1.0000
2026-03-22 16:16:05 - RQ1 - INFO -   F1-score: 1.0000
2026-03-22 16:16:05 - RQ1 - INFO -   预测数: 1
2026-03-22 16:16:05 - RQ1 - INFO -   真实数: 1
2026-03-22 16:16:05 - RQ1 - INFO - 
MODULE_ORDER_VIOLATION:
2026-03-22 16:16:05 - RQ1 - INFO -   Precision: 1.0000
2026-03-22 16:16:05 - RQ1 - INFO -   Recall: 1.0000
2026-03-22 16:16:05 - RQ1 - INFO -   F1-score: 1.0000
2026-03-22 16:16:05 - RQ1 - INFO -   预测数: 1
2026-03-22 16:16:05 - RQ1 - INFO -   真实数: 1
2026-03-22 16:16:05 - RQ1 - INFO - 
NON_DETERMINISTIC_ORDER:
2026-03-22 16:16:05 - RQ1 - INFO -   Precision: 1.0000
2026-03-22 16:16:05 - RQ1 - INFO -   Recall: 1.0000
2026-03-22 16:16:05 - RQ1 - INFO -   F1-score: 1.0000
2026-03-22 16:16:05 - RQ1 - INFO -   预测数: 1
2026-03-22 16:16:05 - RQ1 - INFO -   真实数: 1
2026-03-22 16:16:05 - RQ1 - INFO - 
PIPELINE_FRAGMENTATION:
2026-03-22 16:16:05 - RQ1 - INFO -   Precision: 1.0000
2026-03-22 16:16:05 - RQ1 - INFO -   Recall: 1.0000
2026-03-22 16:16:05 - RQ1 - INFO -   F1-score: 1.0000
2026-03-22 16:16:05 - RQ1 - INFO -   预测数: 1
2026-03-22 16:16:05 - RQ1 - INFO -   真实数: 1
2026-03-22 16:16:05 - RQ1 - INFO - 
REDUNDANT_OPERATION:
2026-03-22 16:16:05 - RQ1 - INFO -   Precision: 1.0000
2026-03-22 16:16:05 - RQ1 - INFO -   Recall: 1.0000
2026-03-22 16:16:05 - RQ1 - INFO -   F1-score: 1.0000
2026-03-22 16:16:05 - RQ1 - INFO -   预测数: 1
2026-03-22 16:16:05 - RQ1 - INFO -   真实数: 1
2026-03-22 16:16:05 - RQ1 - INFO - 
REPEATED_TRANSFORM:
2026-03-22 16:16:05 - RQ1 - INFO -   Precision: 1.0000
2026-03-22 16:16:05 - RQ1 - INFO -   Recall: 1.0000
2026-03-22 16:16:05 - RQ1 - INFO -   F1-score: 1.0000
2026-03-22 16:16:05 - RQ1 - INFO -   预测数: 1
2026-03-22 16:16:05 - RQ1 - INFO -   真实数: 1
2026-03-22 16:16:05 - RQ1 - INFO - 
UNNECESSARY_MATERIALIZATION:
2026-03-22 16:16:05 - RQ1 - INFO -   Precision: 1.0000
2026-03-22 16:16:05 - RQ1 - INFO -   Recall: 1.0000
2026-03-22 16:16:05 - RQ1 - INFO -   F1-score: 1.0000
2026-03-22 16:16:05 - RQ1 - INFO -   预测数: 1
2026-03-22 16:16:05 - RQ1 - INFO -   真实数: 1
2026-03-22 16:16:05 - RQ1 - INFO - 
结果已保存到: experiments\results\rq1
2026-03-22 16:16:05 - RQ1 - INFO - ================================================================================
2026-03-22 16:16:05 - RQ1 - INFO - RQ1实验完成
2026-03-22 16:16:05 - RQ1 - INFO - ================================================================================
2026-03-22 16:36:18 - RQ1 - INFO - ================================================================================
2026-03-22 16:36:18 - RQ1 - INFO - 开始RQ1实验：检测准确性评估
2026-03-22 16:36:18 - RQ1 - INFO - ================================================================================
2026-03-22 16:36:18 - RQ1 - INFO - 加载Ground Truth数据...
2026-03-22 16:36:18 - RQ1 - INFO - 加载了 22 个Ground Truth Smell
2026-03-22 16:36:18 - RQ1 - INFO - 需要检测 20 个文件
2026-03-22 16:36:18 - RQ1 - INFO - 运行Pipeline-aware检测...
2026-03-22 16:36:18 - RQ1 - INFO - 开始检测 20 个文件
2026-03-22 16:36:18 - RQ1 - INFO - 检测文件: D:\PipeSmell\dataset\example_01_data_leakage.py
2026-03-22 16:36:18 - RQ1 - INFO - 检测到 1 个Smell
2026-03-22 16:36:18 - RQ1 - INFO - 检测文件: D:\PipeSmell\dataset\example_02_missing_random_seed.py
2026-03-22 16:36:18 - RQ1 - INFO - 检测到 1 个Smell
2026-03-22 16:36:18 - RQ1 - INFO - 检测文件: D:\PipeSmell\dataset\example_03_missing_validation.py
2026-03-22 16:36:18 - RQ1 - INFO - 检测到 1 个Smell
2026-03-22 16:36:18 - RQ1 - INFO - 检测文件: D:\PipeSmell\dataset\example_04_repeated_transform.py
2026-03-22 16:36:18 - RQ1 - INFO - 检测到 1 个Smell
2026-03-22 16:36:18 - RQ1 - INFO - 检测文件: D:\PipeSmell\dataset\example_05_missing_evaluation.py
2026-03-22 16:36:18 - RQ1 - INFO - 检测到 1 个Smell
2026-03-22 16:36:18 - RQ1 - INFO - 检测文件: D:\PipeSmell\dataset\example_06_hardcoded_parameters.py
2026-03-22 16:36:18 - RQ1 - INFO - 检测到 1 个Smell
2026-03-22 16:36:18 - RQ1 - INFO - 检测文件: D:\PipeSmell\dataset\example_07_nondeterministic_order.py
2026-03-22 16:36:18 - RQ1 - INFO - 检测到 1 个Smell
2026-03-22 16:36:18 - RQ1 - INFO - 检测文件: D:\PipeSmell\dataset\example_08_inefficient_aggregation.py
2026-03-22 16:36:18 - RQ1 - INFO - 检测到 1 个Smell
2026-03-22 16:36:18 - RQ1 - INFO - 检测文件: D:\PipeSmell\dataset\example_09_missing_data_profiling.py
2026-03-22 16:36:18 - RQ1 - INFO - 检测到 1 个Smell
2026-03-22 16:36:18 - RQ1 - INFO - 检测文件: D:\PipeSmell\dataset\example_10_redundant_operation.py
2026-03-22 16:36:18 - RQ1 - INFO - 检测到 1 个Smell
2026-03-22 16:36:18 - RQ1 - INFO - 检测文件: D:\PipeSmell\dataset\example_11_excessive_copy.py
2026-03-22 16:36:18 - RQ1 - INFO - 检测到 1 个Smell
2026-03-22 16:36:18 - RQ1 - INFO - 检测文件: D:\PipeSmell\dataset\example_12_module_order_violation.py
2026-03-22 16:36:18 - RQ1 - INFO - 检测到 1 个Smell
2026-03-22 16:36:18 - RQ1 - INFO - 检测文件: D:\PipeSmell\dataset\example_13_circular_dependency.py
2026-03-22 16:36:18 - RQ1 - INFO - 检测到 1 个Smell
2026-03-22 16:36:18 - RQ1 - INFO - 检测文件: D:\PipeSmell\dataset\example_14_improper_module_cohesion.py
2026-03-22 16:36:18 - RQ1 - INFO - 检测到 1 个Smell
2026-03-22 16:36:18 - RQ1 - INFO - 检测文件: D:\PipeSmell\dataset\example_15_pipeline_fragmentation.py
2026-03-22 16:36:18 - RQ1 - INFO - 检测到 1 个Smell
2026-03-22 16:36:18 - RQ1 - INFO - 检测文件: D:\PipeSmell\dataset\example_16_unnecessary_materialization.py
2026-03-22 16:36:18 - RQ1 - INFO - 检测到 1 个Smell
2026-03-22 16:36:18 - RQ1 - INFO - 检测文件: D:\PipeSmell\dataset\example_17_large_dataframe_operation.py
2026-03-22 16:36:18 - RQ1 - INFO - 检测到 1 个Smell
2026-03-22 16:36:18 - RQ1 - INFO - 检测文件: D:\PipeSmell\dataset\example_18_lack_version_control.py
2026-03-22 16:36:18 - RQ1 - INFO - 检测到 1 个Smell
2026-03-22 16:36:18 - RQ1 - INFO - 检测文件: D:\PipeSmell\dataset\example_19_clean_pipeline.py
2026-03-22 16:36:18 - RQ1 - INFO - 检测到 0 个Smell
2026-03-22 16:36:18 - RQ1 - INFO - 检测文件: D:\PipeSmell\dataset\example_20_multiple_smells.py
2026-03-22 16:36:18 - RQ1 - INFO - 检测到 4 个Smell
2026-03-22 16:36:18 - RQ1 - INFO - 总共检测到 22 个Smell
2026-03-22 16:36:18 - RQ1 - INFO - 执行评估...
2026-03-22 16:36:18 - RQ1 - INFO - ================================================================================
2026-03-22 16:36:18 - RQ1 - INFO - RQ1实验结果
2026-03-22 16:36:18 - RQ1 - INFO - ================================================================================
2026-03-22 16:36:18 - RQ1 - INFO - 方法: Pipeline-aware
2026-03-22 16:36:18 - RQ1 - INFO - Precision: 1.0000
2026-03-22 16:36:18 - RQ1 - INFO - Recall: 1.0000
2026-03-22 16:36:18 - RQ1 - INFO - F1-score: 1.0000
2026-03-22 16:36:18 - RQ1 - INFO - 总预测数: 22
2026-03-22 16:36:18 - RQ1 - INFO - Ground Truth数: 22
2026-03-22 16:36:18 - RQ1 - INFO - 运行时间: 1.00ms
2026-03-22 16:36:18 - RQ1 - INFO - 
按Smell类型的性能:
2026-03-22 16:36:18 - RQ1 - INFO - --------------------------------------------------------------------------------
2026-03-22 16:36:18 - RQ1 - INFO - 
CIRCULAR_DEPENDENCY:
2026-03-22 16:36:18 - RQ1 - INFO -   Precision: 1.0000
2026-03-22 16:36:18 - RQ1 - INFO -   Recall: 1.0000
2026-03-22 16:36:18 - RQ1 - INFO -   F1-score: 1.0000
2026-03-22 16:36:18 - RQ1 - INFO -   预测数: 1
2026-03-22 16:36:18 - RQ1 - INFO -   真实数: 1
2026-03-22 16:36:18 - RQ1 - INFO - 
DATA_LEAKAGE:
2026-03-22 16:36:18 - RQ1 - INFO -   Precision: 1.0000
2026-03-22 16:36:18 - RQ1 - INFO -   Recall: 1.0000
2026-03-22 16:36:18 - RQ1 - INFO -   F1-score: 1.0000
2026-03-22 16:36:18 - RQ1 - INFO -   预测数: 2
2026-03-22 16:36:18 - RQ1 - INFO -   真实数: 2
2026-03-22 16:36:18 - RQ1 - INFO - 
EXCESSIVE_COPY:
2026-03-22 16:36:18 - RQ1 - INFO -   Precision: 1.0000
2026-03-22 16:36:18 - RQ1 - INFO -   Recall: 1.0000
2026-03-22 16:36:18 - RQ1 - INFO -   F1-score: 1.0000
2026-03-22 16:36:18 - RQ1 - INFO -   预测数: 1
2026-03-22 16:36:18 - RQ1 - INFO -   真实数: 1
2026-03-22 16:36:18 - RQ1 - INFO - 
HARDCODED_PARAMETERS:
2026-03-22 16:36:18 - RQ1 - INFO -   Precision: 1.0000
2026-03-22 16:36:18 - RQ1 - INFO -   Recall: 1.0000
2026-03-22 16:36:18 - RQ1 - INFO -   F1-score: 1.0000
2026-03-22 16:36:18 - RQ1 - INFO -   预测数: 2
2026-03-22 16:36:18 - RQ1 - INFO -   真实数: 2
2026-03-22 16:36:18 - RQ1 - INFO - 
IMPROPER_MODULE_COHESION:
2026-03-22 16:36:18 - RQ1 - INFO -   Precision: 1.0000
2026-03-22 16:36:18 - RQ1 - INFO -   Recall: 1.0000
2026-03-22 16:36:18 - RQ1 - INFO -   F1-score: 1.0000
2026-03-22 16:36:18 - RQ1 - INFO -   预测数: 1
2026-03-22 16:36:18 - RQ1 - INFO -   真实数: 1
2026-03-22 16:36:18 - RQ1 - INFO - 
INEFFICIENT_AGGREGATION:
2026-03-22 16:36:18 - RQ1 - INFO -   Precision: 1.0000
2026-03-22 16:36:18 - RQ1 - INFO -   Recall: 1.0000
2026-03-22 16:36:18 - RQ1 - INFO -   F1-score: 1.0000
2026-03-22 16:36:18 - RQ1 - INFO -   预测数: 1
2026-03-22 16:36:18 - RQ1 - INFO -   真实数: 1
2026-03-22 16:36:18 - RQ1 - INFO - 
LACK_OF_VERSION_CONTROL:
2026-03-22 16:36:18 - RQ1 - INFO -   Precision: 1.0000
2026-03-22 16:36:18 - RQ1 - INFO -   Recall: 1.0000
2026-03-22 16:36:18 - RQ1 - INFO -   F1-score: 1.0000
2026-03-22 16:36:18 - RQ1 - INFO -   预测数: 1
2026-03-22 16:36:18 - RQ1 - INFO -   真实数: 1
2026-03-22 16:36:18 - RQ1 - INFO - 
LARGE_DATA_FRAME_OPERATION:
2026-03-22 16:36:18 - RQ1 - INFO -   Precision: 1.0000
2026-03-22 16:36:18 - RQ1 - INFO -   Recall: 1.0000
2026-03-22 16:36:18 - RQ1 - INFO -   F1-score: 1.0000
2026-03-22 16:36:18 - RQ1 - INFO -   预测数: 1
2026-03-22 16:36:18 - RQ1 - INFO -   真实数: 1
2026-03-22 16:36:18 - RQ1 - INFO - 
MISSING_DATA_PROFILING:
2026-03-22 16:36:18 - RQ1 - INFO -   Precision: 1.0000
2026-03-22 16:36:18 - RQ1 - INFO -   Recall: 1.0000
2026-03-22 16:36:18 - RQ1 - INFO -   F1-score: 1.0000
2026-03-22 16:36:18 - RQ1 - INFO -   预测数: 1
2026-03-22 16:36:18 - RQ1 - INFO -   真实数: 1
2026-03-22 16:36:18 - RQ1 - INFO - 
MISSING_EVALUATION:
2026-03-22 16:36:18 - RQ1 - INFO -   Precision: 1.0000
2026-03-22 16:36:18 - RQ1 - INFO -   Recall: 1.0000
2026-03-22 16:36:18 - RQ1 - INFO -   F1-score: 1.0000
2026-03-22 16:36:18 - RQ1 - INFO -   预测数: 2
2026-03-22 16:36:18 - RQ1 - INFO -   真实数: 2
2026-03-22 16:36:18 - RQ1 - INFO - 
MISSING_RANDOM_SEED:
2026-03-22 16:36:18 - RQ1 - INFO -   Precision: 1.0000
2026-03-22 16:36:18 - RQ1 - INFO -   Recall: 1.0000
2026-03-22 16:36:18 - RQ1 - INFO -   F1-score: 1.0000
2026-03-22 16:36:18 - RQ1 - INFO -   预测数: 2
2026-03-22 16:36:18 - RQ1 - INFO -   真实数: 2
2026-03-22 16:36:18 - RQ1 - INFO - 
MISSING_VALIDATION:
2026-03-22 16:36:18 - RQ1 - INFO -   Precision: 1.0000
2026-03-22 16:36:18 - RQ1 - INFO -   Recall: 1.0000
2026-03-22 16:36:18 - RQ1 - INFO -   F1-score: 1.0000
2026-03-22 16:36:18 - RQ1 - INFO -   预测数: 1
2026-03-22 16:36:18 - RQ1 - INFO -   真实数: 1
2026-03-22 16:36:18 - RQ1 - INFO - 
MODULE_ORDER_VIOLATION:
2026-03-22 16:36:18 - RQ1 - INFO -   Precision: 1.0000
2026-03-22 16:36:18 - RQ1 - INFO -   Recall: 1.0000
2026-03-22 16:36:18 - RQ1 - INFO -   F1-score: 1.0000
2026-03-22 16:36:18 - RQ1 - INFO -   预测数: 1
2026-03-22 16:36:18 - RQ1 - INFO -   真实数: 1
2026-03-22 16:36:18 - RQ1 - INFO - 
NON_DETERMINISTIC_ORDER:
2026-03-22 16:36:18 - RQ1 - INFO -   Precision: 1.0000
2026-03-22 16:36:18 - RQ1 - INFO -   Recall: 1.0000
2026-03-22 16:36:18 - RQ1 - INFO -   F1-score: 1.0000
2026-03-22 16:36:18 - RQ1 - INFO -   预测数: 1
2026-03-22 16:36:18 - RQ1 - INFO -   真实数: 1
2026-03-22 16:36:18 - RQ1 - INFO - 
PIPELINE_FRAGMENTATION:
2026-03-22 16:36:18 - RQ1 - INFO -   Precision: 1.0000
2026-03-22 16:36:18 - RQ1 - INFO -   Recall: 1.0000
2026-03-22 16:36:18 - RQ1 - INFO -   F1-score: 1.0000
2026-03-22 16:36:18 - RQ1 - INFO -   预测数: 1
2026-03-22 16:36:18 - RQ1 - INFO -   真实数: 1
2026-03-22 16:36:18 - RQ1 - INFO - 
REDUNDANT_OPERATION:
2026-03-22 16:36:18 - RQ1 - INFO -   Precision: 1.0000
2026-03-22 16:36:18 - RQ1 - INFO -   Recall: 1.0000
2026-03-22 16:36:18 - RQ1 - INFO -   F1-score: 1.0000
2026-03-22 16:36:18 - RQ1 - INFO -   预测数: 1
2026-03-22 16:36:18 - RQ1 - INFO -   真实数: 1
2026-03-22 16:36:18 - RQ1 - INFO - 
REPEATED_TRANSFORM:
2026-03-22 16:36:18 - RQ1 - INFO -   Precision: 1.0000
2026-03-22 16:36:18 - RQ1 - INFO -   Recall: 1.0000
2026-03-22 16:36:18 - RQ1 - INFO -   F1-score: 1.0000
2026-03-22 16:36:18 - RQ1 - INFO -   预测数: 1
2026-03-22 16:36:18 - RQ1 - INFO -   真实数: 1
2026-03-22 16:36:18 - RQ1 - INFO - 
UNNECESSARY_MATERIALIZATION:
2026-03-22 16:36:18 - RQ1 - INFO -   Precision: 1.0000
2026-03-22 16:36:18 - RQ1 - INFO -   Recall: 1.0000
2026-03-22 16:36:18 - RQ1 - INFO -   F1-score: 1.0000
2026-03-22 16:36:18 - RQ1 - INFO -   预测数: 1
2026-03-22 16:36:18 - RQ1 - INFO -   真实数: 1
2026-03-22 16:36:18 - RQ1 - INFO - 
结果已保存到: experiments\results\rq1
2026-03-22 16:36:18 - RQ1 - INFO - ================================================================================
2026-03-22 16:36:18 - RQ1 - INFO - RQ1实验完成
2026-03-22 16:36:18 - RQ1 - INFO - ================================================================================
2026-03-22 16:36:20 - RQ1 - INFO - ================================================================================
2026-03-22 16:36:20 - RQ1 - INFO - 开始RQ1实验：检测准确性评估
2026-03-22 16:36:20 - RQ1 - INFO - ================================================================================
2026-03-22 16:36:20 - RQ1 - INFO - 加载Ground Truth数据...
2026-03-22 16:36:20 - RQ1 - INFO - 加载了 8 个Ground Truth Smell
2026-03-22 16:36:20 - RQ1 - INFO - 需要检测 9 个文件
2026-03-22 16:36:20 - RQ1 - INFO - 运行Pipeline-aware检测...
2026-03-22 16:36:20 - RQ1 - INFO - 开始检测 9 个文件
2026-03-22 16:36:20 - RQ1 - INFO - 检测文件: D:\PipeSmell\dataset\external\ext_01_data_leakage_style.py
2026-03-22 16:36:20 - RQ1 - INFO - 检测到 1 个Smell
2026-03-22 16:36:20 - RQ1 - INFO - 检测文件: D:\PipeSmell\dataset\external\ext_02_missing_random_seed_style.py
2026-03-22 16:36:20 - RQ1 - INFO - 检测到 1 个Smell
2026-03-22 16:36:20 - RQ1 - INFO - 检测文件: D:\PipeSmell\dataset\external\ext_03_clean_style.py
2026-03-22 16:36:20 - RQ1 - INFO - 检测到 0 个Smell
2026-03-22 16:36:20 - RQ1 - INFO - 检测文件: D:\PipeSmell\dataset\external\ext_04_missing_validation_style.py
2026-03-22 16:36:20 - RQ1 - INFO - 检测到 1 个Smell
2026-03-22 16:36:20 - RQ1 - INFO - 检测文件: D:\PipeSmell\dataset\external\ext_05_inefficient_loop_style.py
2026-03-22 16:36:20 - RQ1 - INFO - 检测到 1 个Smell
2026-03-22 16:36:20 - RQ1 - INFO - 检测文件: D:\PipeSmell\dataset\external\ext_06_repeated_scaler_style.py
2026-03-22 16:36:20 - RQ1 - INFO - 检测到 1 个Smell
2026-03-22 16:36:20 - RQ1 - INFO - 检测文件: D:\PipeSmell\dataset\external\ext_07_nondeterministic_style.py
2026-03-22 16:36:20 - RQ1 - INFO - 检测到 1 个Smell
2026-03-22 16:36:20 - RQ1 - INFO - 检测文件: D:\PipeSmell\dataset\external\ext_08_module_order_style.py
2026-03-22 16:36:20 - RQ1 - INFO - 检测到 1 个Smell
2026-03-22 16:36:20 - RQ1 - INFO - 检测文件: D:\PipeSmell\dataset\external\ext_09_intermediate_csv_style.py
2026-03-22 16:36:20 - RQ1 - INFO - 检测到 1 个Smell
2026-03-22 16:36:20 - RQ1 - INFO - 总共检测到 8 个Smell
2026-03-22 16:36:20 - RQ1 - INFO - 执行评估...
2026-03-22 16:36:20 - RQ1 - INFO - ================================================================================
2026-03-22 16:36:20 - RQ1 - INFO - RQ1实验结果
2026-03-22 16:36:20 - RQ1 - INFO - ================================================================================
2026-03-22 16:36:20 - RQ1 - INFO - 方法: Pipeline-aware
2026-03-22 16:36:20 - RQ1 - INFO - Precision: 1.0000
2026-03-22 16:36:20 - RQ1 - INFO - Recall: 1.0000
2026-03-22 16:36:20 - RQ1 - INFO - F1-score: 1.0000
2026-03-22 16:36:20 - RQ1 - INFO - 总预测数: 8
2026-03-22 16:36:20 - RQ1 - INFO - Ground Truth数: 8
2026-03-22 16:36:20 - RQ1 - INFO - 运行时间: 1.00ms
2026-03-22 16:36:20 - RQ1 - INFO - 
按Smell类型的性能:
2026-03-22 16:36:20 - RQ1 - INFO - --------------------------------------------------------------------------------
2026-03-22 16:36:20 - RQ1 - INFO - 
DATA_LEAKAGE:
2026-03-22 16:36:20 - RQ1 - INFO -   Precision: 1.0000
2026-03-22 16:36:20 - RQ1 - INFO -   Recall: 1.0000
2026-03-22 16:36:20 - RQ1 - INFO -   F1-score: 1.0000
2026-03-22 16:36:20 - RQ1 - INFO -   预测数: 1
2026-03-22 16:36:20 - RQ1 - INFO -   真实数: 1
2026-03-22 16:36:20 - RQ1 - INFO - 
INEFFICIENT_AGGREGATION:
2026-03-22 16:36:20 - RQ1 - INFO -   Precision: 1.0000
2026-03-22 16:36:20 - RQ1 - INFO -   Recall: 1.0000
2026-03-22 16:36:20 - RQ1 - INFO -   F1-score: 1.0000
2026-03-22 16:36:20 - RQ1 - INFO -   预测数: 1
2026-03-22 16:36:20 - RQ1 - INFO -   真实数: 1
2026-03-22 16:36:20 - RQ1 - INFO - 
MISSING_RANDOM_SEED:
2026-03-22 16:36:20 - RQ1 - INFO -   Precision: 1.0000
2026-03-22 16:36:20 - RQ1 - INFO -   Recall: 1.0000
2026-03-22 16:36:20 - RQ1 - INFO -   F1-score: 1.0000
2026-03-22 16:36:20 - RQ1 - INFO -   预测数: 1
2026-03-22 16:36:20 - RQ1 - INFO -   真实数: 1
2026-03-22 16:36:20 - RQ1 - INFO - 
MISSING_VALIDATION:
2026-03-22 16:36:20 - RQ1 - INFO -   Precision: 1.0000
2026-03-22 16:36:20 - RQ1 - INFO -   Recall: 1.0000
2026-03-22 16:36:20 - RQ1 - INFO -   F1-score: 1.0000
2026-03-22 16:36:20 - RQ1 - INFO -   预测数: 1
2026-03-22 16:36:20 - RQ1 - INFO -   真实数: 1
2026-03-22 16:36:20 - RQ1 - INFO - 
MODULE_ORDER_VIOLATION:
2026-03-22 16:36:20 - RQ1 - INFO -   Precision: 1.0000
2026-03-22 16:36:20 - RQ1 - INFO -   Recall: 1.0000
2026-03-22 16:36:20 - RQ1 - INFO -   F1-score: 1.0000
2026-03-22 16:36:20 - RQ1 - INFO -   预测数: 1
2026-03-22 16:36:20 - RQ1 - INFO -   真实数: 1
2026-03-22 16:36:20 - RQ1 - INFO - 
NON_DETERMINISTIC_ORDER:
2026-03-22 16:36:20 - RQ1 - INFO -   Precision: 1.0000
2026-03-22 16:36:20 - RQ1 - INFO -   Recall: 1.0000
2026-03-22 16:36:20 - RQ1 - INFO -   F1-score: 1.0000
2026-03-22 16:36:20 - RQ1 - INFO -   预测数: 1
2026-03-22 16:36:20 - RQ1 - INFO -   真实数: 1
2026-03-22 16:36:20 - RQ1 - INFO - 
REPEATED_TRANSFORM:
2026-03-22 16:36:20 - RQ1 - INFO -   Precision: 1.0000
2026-03-22 16:36:20 - RQ1 - INFO -   Recall: 1.0000
2026-03-22 16:36:20 - RQ1 - INFO -   F1-score: 1.0000
2026-03-22 16:36:20 - RQ1 - INFO -   预测数: 1
2026-03-22 16:36:20 - RQ1 - INFO -   真实数: 1
2026-03-22 16:36:20 - RQ1 - INFO - 
UNNECESSARY_MATERIALIZATION:
2026-03-22 16:36:20 - RQ1 - INFO -   Precision: 1.0000
2026-03-22 16:36:20 - RQ1 - INFO -   Recall: 1.0000
2026-03-22 16:36:20 - RQ1 - INFO -   F1-score: 1.0000
2026-03-22 16:36:20 - RQ1 - INFO -   预测数: 1
2026-03-22 16:36:20 - RQ1 - INFO -   真实数: 1
2026-03-22 16:36:20 - RQ1 - INFO - 
结果已保存到: experiments\results\rq1_external
2026-03-22 16:36:20 - RQ1 - INFO - ================================================================================
2026-03-22 16:36:20 - RQ1 - INFO - RQ1实验完成
2026-03-22 16:36:20 - RQ1 - INFO - ================================================================================
2026-03-22 16:38:01 - RQ1 - INFO - ================================================================================
2026-03-22 16:38:01 - RQ1 - INFO - 开始RQ1实验：检测准确性评估
2026-03-22 16:38:01 - RQ1 - INFO - ================================================================================
2026-03-22 16:38:01 - RQ1 - INFO - 加载Ground Truth数据...
2026-03-22 16:38:01 - RQ1 - INFO - 加载了 22 个Ground Truth Smell
2026-03-22 16:38:01 - RQ1 - INFO - 需要检测 20 个文件
2026-03-22 16:38:01 - RQ1 - INFO - 运行Pipeline-aware检测...
2026-03-22 16:38:01 - RQ1 - INFO - 开始检测 20 个文件
2026-03-22 16:38:01 - RQ1 - INFO - 检测文件: D:\PipeSmell\dataset\example_01_data_leakage.py
2026-03-22 16:38:01 - RQ1 - INFO - 检测到 1 个Smell
2026-03-22 16:38:01 - RQ1 - INFO - 检测文件: D:\PipeSmell\dataset\example_02_missing_random_seed.py
2026-03-22 16:38:01 - RQ1 - INFO - 检测到 1 个Smell
2026-03-22 16:38:01 - RQ1 - INFO - 检测文件: D:\PipeSmell\dataset\example_03_missing_validation.py
2026-03-22 16:38:01 - RQ1 - INFO - 检测到 1 个Smell
2026-03-22 16:38:01 - RQ1 - INFO - 检测文件: D:\PipeSmell\dataset\example_04_repeated_transform.py
2026-03-22 16:38:01 - RQ1 - INFO - 检测到 1 个Smell
2026-03-22 16:38:01 - RQ1 - INFO - 检测文件: D:\PipeSmell\dataset\example_05_missing_evaluation.py
2026-03-22 16:38:01 - RQ1 - INFO - 检测到 1 个Smell
2026-03-22 16:38:01 - RQ1 - INFO - 检测文件: D:\PipeSmell\dataset\example_06_hardcoded_parameters.py
2026-03-22 16:38:01 - RQ1 - INFO - 检测到 1 个Smell
2026-03-22 16:38:01 - RQ1 - INFO - 检测文件: D:\PipeSmell\dataset\example_07_nondeterministic_order.py
2026-03-22 16:38:01 - RQ1 - INFO - 检测到 1 个Smell
2026-03-22 16:38:01 - RQ1 - INFO - 检测文件: D:\PipeSmell\dataset\example_08_inefficient_aggregation.py
2026-03-22 16:38:01 - RQ1 - INFO - 检测到 1 个Smell
2026-03-22 16:38:01 - RQ1 - INFO - 检测文件: D:\PipeSmell\dataset\example_09_missing_data_profiling.py
2026-03-22 16:38:01 - RQ1 - INFO - 检测到 1 个Smell
2026-03-22 16:38:01 - RQ1 - INFO - 检测文件: D:\PipeSmell\dataset\example_10_redundant_operation.py
2026-03-22 16:38:01 - RQ1 - INFO - 检测到 1 个Smell
2026-03-22 16:38:01 - RQ1 - INFO - 检测文件: D:\PipeSmell\dataset\example_11_excessive_copy.py
2026-03-22 16:38:01 - RQ1 - INFO - 检测到 1 个Smell
2026-03-22 16:38:01 - RQ1 - INFO - 检测文件: D:\PipeSmell\dataset\example_12_module_order_violation.py
2026-03-22 16:38:01 - RQ1 - INFO - 检测到 1 个Smell
2026-03-22 16:38:01 - RQ1 - INFO - 检测文件: D:\PipeSmell\dataset\example_13_circular_dependency.py
2026-03-22 16:38:01 - RQ1 - INFO - 检测到 1 个Smell
2026-03-22 16:38:01 - RQ1 - INFO - 检测文件: D:\PipeSmell\dataset\example_14_improper_module_cohesion.py
2026-03-22 16:38:01 - RQ1 - INFO - 检测到 1 个Smell
2026-03-22 16:38:01 - RQ1 - INFO - 检测文件: D:\PipeSmell\dataset\example_15_pipeline_fragmentation.py
2026-03-22 16:38:01 - RQ1 - INFO - 检测到 1 个Smell
2026-03-22 16:38:01 - RQ1 - INFO - 检测文件: D:\PipeSmell\dataset\example_16_unnecessary_materialization.py
2026-03-22 16:38:01 - RQ1 - INFO - 检测到 1 个Smell
2026-03-22 16:38:01 - RQ1 - INFO - 检测文件: D:\PipeSmell\dataset\example_17_large_dataframe_operation.py
2026-03-22 16:38:01 - RQ1 - INFO - 检测到 1 个Smell
2026-03-22 16:38:01 - RQ1 - INFO - 检测文件: D:\PipeSmell\dataset\example_18_lack_version_control.py
2026-03-22 16:38:01 - RQ1 - INFO - 检测到 1 个Smell
2026-03-22 16:38:01 - RQ1 - INFO - 检测文件: D:\PipeSmell\dataset\example_19_clean_pipeline.py
2026-03-22 16:38:01 - RQ1 - INFO - 检测到 0 个Smell
2026-03-22 16:38:01 - RQ1 - INFO - 检测文件: D:\PipeSmell\dataset\example_20_multiple_smells.py
2026-03-22 16:38:01 - RQ1 - INFO - 检测到 4 个Smell
2026-03-22 16:38:01 - RQ1 - INFO - 总共检测到 22 个Smell
2026-03-22 16:38:01 - RQ1 - INFO - 执行评估...
2026-03-22 16:38:01 - RQ1 - INFO - ================================================================================
2026-03-22 16:38:01 - RQ1 - INFO - RQ1实验结果
2026-03-22 16:38:01 - RQ1 - INFO - ================================================================================
2026-03-22 16:38:01 - RQ1 - INFO - 方法: Pipeline-aware
2026-03-22 16:38:01 - RQ1 - INFO - Precision: 1.0000
2026-03-22 16:38:01 - RQ1 - INFO - Recall: 1.0000
2026-03-22 16:38:01 - RQ1 - INFO - F1-score: 1.0000
2026-03-22 16:38:01 - RQ1 - INFO - 总预测数: 22
2026-03-22 16:38:01 - RQ1 - INFO - Ground Truth数: 22
2026-03-22 16:38:01 - RQ1 - INFO - 运行时间: 1.00ms
2026-03-22 16:38:01 - RQ1 - INFO - 
按Smell类型的性能:
2026-03-22 16:38:01 - RQ1 - INFO - --------------------------------------------------------------------------------
2026-03-22 16:38:01 - RQ1 - INFO - 
CIRCULAR_DEPENDENCY:
2026-03-22 16:38:01 - RQ1 - INFO -   Precision: 1.0000
2026-03-22 16:38:01 - RQ1 - INFO -   Recall: 1.0000
2026-03-22 16:38:01 - RQ1 - INFO -   F1-score: 1.0000
2026-03-22 16:38:01 - RQ1 - INFO -   预测数: 1
2026-03-22 16:38:01 - RQ1 - INFO -   真实数: 1
2026-03-22 16:38:01 - RQ1 - INFO - 
DATA_LEAKAGE:
2026-03-22 16:38:01 - RQ1 - INFO -   Precision: 1.0000
2026-03-22 16:38:01 - RQ1 - INFO -   Recall: 1.0000
2026-03-22 16:38:01 - RQ1 - INFO -   F1-score: 1.0000
2026-03-22 16:38:01 - RQ1 - INFO -   预测数: 2
2026-03-22 16:38:01 - RQ1 - INFO -   真实数: 2
2026-03-22 16:38:01 - RQ1 - INFO - 
EXCESSIVE_COPY:
2026-03-22 16:38:01 - RQ1 - INFO -   Precision: 1.0000
2026-03-22 16:38:01 - RQ1 - INFO -   Recall: 1.0000
2026-03-22 16:38:01 - RQ1 - INFO -   F1-score: 1.0000
2026-03-22 16:38:01 - RQ1 - INFO -   预测数: 1
2026-03-22 16:38:01 - RQ1 - INFO -   真实数: 1
2026-03-22 16:38:01 - RQ1 - INFO - 
HARDCODED_PARAMETERS:
2026-03-22 16:38:01 - RQ1 - INFO -   Precision: 1.0000
2026-03-22 16:38:01 - RQ1 - INFO -   Recall: 1.0000
2026-03-22 16:38:01 - RQ1 - INFO -   F1-score: 1.0000
2026-03-22 16:38:01 - RQ1 - INFO -   预测数: 2
2026-03-22 16:38:01 - RQ1 - INFO -   真实数: 2
2026-03-22 16:38:01 - RQ1 - INFO - 
IMPROPER_MODULE_COHESION:
2026-03-22 16:38:01 - RQ1 - INFO -   Precision: 1.0000
2026-03-22 16:38:01 - RQ1 - INFO -   Recall: 1.0000
2026-03-22 16:38:01 - RQ1 - INFO -   F1-score: 1.0000
2026-03-22 16:38:01 - RQ1 - INFO -   预测数: 1
2026-03-22 16:38:01 - RQ1 - INFO -   真实数: 1
2026-03-22 16:38:01 - RQ1 - INFO - 
INEFFICIENT_AGGREGATION:
2026-03-22 16:38:01 - RQ1 - INFO -   Precision: 1.0000
2026-03-22 16:38:01 - RQ1 - INFO -   Recall: 1.0000
2026-03-22 16:38:01 - RQ1 - INFO -   F1-score: 1.0000
2026-03-22 16:38:01 - RQ1 - INFO -   预测数: 1
2026-03-22 16:38:01 - RQ1 - INFO -   真实数: 1
2026-03-22 16:38:01 - RQ1 - INFO - 
LACK_OF_VERSION_CONTROL:
2026-03-22 16:38:01 - RQ1 - INFO -   Precision: 1.0000
2026-03-22 16:38:01 - RQ1 - INFO -   Recall: 1.0000
2026-03-22 16:38:01 - RQ1 - INFO -   F1-score: 1.0000
2026-03-22 16:38:01 - RQ1 - INFO -   预测数: 1
2026-03-22 16:38:01 - RQ1 - INFO -   真实数: 1
2026-03-22 16:38:01 - RQ1 - INFO - 
LARGE_DATA_FRAME_OPERATION:
2026-03-22 16:38:01 - RQ1 - INFO -   Precision: 1.0000
2026-03-22 16:38:01 - RQ1 - INFO -   Recall: 1.0000
2026-03-22 16:38:01 - RQ1 - INFO -   F1-score: 1.0000
2026-03-22 16:38:01 - RQ1 - INFO -   预测数: 1
2026-03-22 16:38:01 - RQ1 - INFO -   真实数: 1
2026-03-22 16:38:01 - RQ1 - INFO - 
MISSING_DATA_PROFILING:
2026-03-22 16:38:01 - RQ1 - INFO -   Precision: 1.0000
2026-03-22 16:38:01 - RQ1 - INFO -   Recall: 1.0000
2026-03-22 16:38:01 - RQ1 - INFO -   F1-score: 1.0000
2026-03-22 16:38:01 - RQ1 - INFO -   预测数: 1
2026-03-22 16:38:01 - RQ1 - INFO -   真实数: 1
2026-03-22 16:38:01 - RQ1 - INFO - 
MISSING_EVALUATION:
2026-03-22 16:38:01 - RQ1 - INFO -   Precision: 1.0000
2026-03-22 16:38:01 - RQ1 - INFO -   Recall: 1.0000
2026-03-22 16:38:01 - RQ1 - INFO -   F1-score: 1.0000
2026-03-22 16:38:01 - RQ1 - INFO -   预测数: 2
2026-03-22 16:38:01 - RQ1 - INFO -   真实数: 2
2026-03-22 16:38:01 - RQ1 - INFO - 
MISSING_RANDOM_SEED:
2026-03-22 16:38:01 - RQ1 - INFO -   Precision: 1.0000
2026-03-22 16:38:01 - RQ1 - INFO -   Recall: 1.0000
2026-03-22 16:38:01 - RQ1 - INFO -   F1-score: 1.0000
2026-03-22 16:38:01 - RQ1 - INFO -   预测数: 2
2026-03-22 16:38:01 - RQ1 - INFO -   真实数: 2
2026-03-22 16:38:01 - RQ1 - INFO - 
MISSING_VALIDATION:
2026-03-22 16:38:01 - RQ1 - INFO -   Precision: 1.0000
2026-03-22 16:38:01 - RQ1 - INFO -   Recall: 1.0000
2026-03-22 16:38:01 - RQ1 - INFO -   F1-score: 1.0000
2026-03-22 16:38:01 - RQ1 - INFO -   预测数: 1
2026-03-22 16:38:01 - RQ1 - INFO -   真实数: 1
2026-03-22 16:38:01 - RQ1 - INFO - 
MODULE_ORDER_VIOLATION:
2026-03-22 16:38:01 - RQ1 - INFO -   Precision: 1.0000
2026-03-22 16:38:01 - RQ1 - INFO -   Recall: 1.0000
2026-03-22 16:38:01 - RQ1 - INFO -   F1-score: 1.0000
2026-03-22 16:38:01 - RQ1 - INFO -   预测数: 1
2026-03-22 16:38:01 - RQ1 - INFO -   真实数: 1
2026-03-22 16:38:01 - RQ1 - INFO - 
NON_DETERMINISTIC_ORDER:
2026-03-22 16:38:01 - RQ1 - INFO -   Precision: 1.0000
2026-03-22 16:38:01 - RQ1 - INFO -   Recall: 1.0000
2026-03-22 16:38:01 - RQ1 - INFO -   F1-score: 1.0000
2026-03-22 16:38:01 - RQ1 - INFO -   预测数: 1
2026-03-22 16:38:01 - RQ1 - INFO -   真实数: 1
2026-03-22 16:38:01 - RQ1 - INFO - 
PIPELINE_FRAGMENTATION:
2026-03-22 16:38:01 - RQ1 - INFO -   Precision: 1.0000
2026-03-22 16:38:01 - RQ1 - INFO -   Recall: 1.0000
2026-03-22 16:38:01 - RQ1 - INFO -   F1-score: 1.0000
2026-03-22 16:38:01 - RQ1 - INFO -   预测数: 1
2026-03-22 16:38:01 - RQ1 - INFO -   真实数: 1
2026-03-22 16:38:01 - RQ1 - INFO - 
REDUNDANT_OPERATION:
2026-03-22 16:38:01 - RQ1 - INFO -   Precision: 1.0000
2026-03-22 16:38:01 - RQ1 - INFO -   Recall: 1.0000
2026-03-22 16:38:01 - RQ1 - INFO -   F1-score: 1.0000
2026-03-22 16:38:01 - RQ1 - INFO -   预测数: 1
2026-03-22 16:38:01 - RQ1 - INFO -   真实数: 1
2026-03-22 16:38:01 - RQ1 - INFO - 
REPEATED_TRANSFORM:
2026-03-22 16:38:01 - RQ1 - INFO -   Precision: 1.0000
2026-03-22 16:38:01 - RQ1 - INFO -   Recall: 1.0000
2026-03-22 16:38:01 - RQ1 - INFO -   F1-score: 1.0000
2026-03-22 16:38:01 - RQ1 - INFO -   预测数: 1
2026-03-22 16:38:01 - RQ1 - INFO -   真实数: 1
2026-03-22 16:38:01 - RQ1 - INFO - 
UNNECESSARY_MATERIALIZATION:
2026-03-22 16:38:01 - RQ1 - INFO -   Precision: 1.0000
2026-03-22 16:38:01 - RQ1 - INFO -   Recall: 1.0000
2026-03-22 16:38:01 - RQ1 - INFO -   F1-score: 1.0000
2026-03-22 16:38:01 - RQ1 - INFO -   预测数: 1
2026-03-22 16:38:01 - RQ1 - INFO -   真实数: 1
2026-03-22 16:38:01 - RQ1 - INFO - 
结果已保存到: experiments\results\rq1
2026-03-22 16:38:01 - RQ1 - INFO - ================================================================================
2026-03-22 16:38:01 - RQ1 - INFO - RQ1实验完成
2026-03-22 16:38:01 - RQ1 - INFO - ================================================================================
2026-03-22 16:38:03 - RQ1 - INFO - ================================================================================
2026-03-22 16:38:03 - RQ1 - INFO - 开始RQ1实验：检测准确性评估
2026-03-22 16:38:03 - RQ1 - INFO - ================================================================================
2026-03-22 16:38:03 - RQ1 - INFO - 加载Ground Truth数据...
2026-03-22 16:38:03 - RQ1 - INFO - 加载了 8 个Ground Truth Smell
2026-03-22 16:38:03 - RQ1 - INFO - 需要检测 9 个文件
2026-03-22 16:38:03 - RQ1 - INFO - 运行Pipeline-aware检测...
2026-03-22 16:38:03 - RQ1 - INFO - 开始检测 9 个文件
2026-03-22 16:38:03 - RQ1 - INFO - 检测文件: D:\PipeSmell\dataset\external\ext_01_data_leakage_style.py
2026-03-22 16:38:03 - RQ1 - INFO - 检测到 1 个Smell
2026-03-22 16:38:03 - RQ1 - INFO - 检测文件: D:\PipeSmell\dataset\external\ext_02_missing_random_seed_style.py
2026-03-22 16:38:03 - RQ1 - INFO - 检测到 1 个Smell
2026-03-22 16:38:03 - RQ1 - INFO - 检测文件: D:\PipeSmell\dataset\external\ext_03_clean_style.py
2026-03-22 16:38:03 - RQ1 - INFO - 检测到 0 个Smell
2026-03-22 16:38:03 - RQ1 - INFO - 检测文件: D:\PipeSmell\dataset\external\ext_04_missing_validation_style.py
2026-03-22 16:38:03 - RQ1 - INFO - 检测到 1 个Smell
2026-03-22 16:38:03 - RQ1 - INFO - 检测文件: D:\PipeSmell\dataset\external\ext_05_inefficient_loop_style.py
2026-03-22 16:38:03 - RQ1 - INFO - 检测到 1 个Smell
2026-03-22 16:38:03 - RQ1 - INFO - 检测文件: D:\PipeSmell\dataset\external\ext_06_repeated_scaler_style.py
2026-03-22 16:38:03 - RQ1 - INFO - 检测到 1 个Smell
2026-03-22 16:38:03 - RQ1 - INFO - 检测文件: D:\PipeSmell\dataset\external\ext_07_nondeterministic_style.py
2026-03-22 16:38:03 - RQ1 - INFO - 检测到 1 个Smell
2026-03-22 16:38:03 - RQ1 - INFO - 检测文件: D:\PipeSmell\dataset\external\ext_08_module_order_style.py
2026-03-22 16:38:03 - RQ1 - INFO - 检测到 1 个Smell
2026-03-22 16:38:03 - RQ1 - INFO - 检测文件: D:\PipeSmell\dataset\external\ext_09_intermediate_csv_style.py
2026-03-22 16:38:03 - RQ1 - INFO - 检测到 1 个Smell
2026-03-22 16:38:03 - RQ1 - INFO - 总共检测到 8 个Smell
2026-03-22 16:38:03 - RQ1 - INFO - 执行评估...
2026-03-22 16:38:03 - RQ1 - INFO - ================================================================================
2026-03-22 16:38:03 - RQ1 - INFO - RQ1实验结果
2026-03-22 16:38:03 - RQ1 - INFO - ================================================================================
2026-03-22 16:38:03 - RQ1 - INFO - 方法: Pipeline-aware
2026-03-22 16:38:03 - RQ1 - INFO - Precision: 1.0000
2026-03-22 16:38:03 - RQ1 - INFO - Recall: 1.0000
2026-03-22 16:38:03 - RQ1 - INFO - F1-score: 1.0000
2026-03-22 16:38:03 - RQ1 - INFO - 总预测数: 8
2026-03-22 16:38:03 - RQ1 - INFO - Ground Truth数: 8
2026-03-22 16:38:03 - RQ1 - INFO - 运行时间: 1.34ms
2026-03-22 16:38:03 - RQ1 - INFO - 
按Smell类型的性能:
2026-03-22 16:38:03 - RQ1 - INFO - --------------------------------------------------------------------------------
2026-03-22 16:38:03 - RQ1 - INFO - 
DATA_LEAKAGE:
2026-03-22 16:38:03 - RQ1 - INFO -   Precision: 1.0000
2026-03-22 16:38:03 - RQ1 - INFO -   Recall: 1.0000
2026-03-22 16:38:03 - RQ1 - INFO -   F1-score: 1.0000
2026-03-22 16:38:03 - RQ1 - INFO -   预测数: 1
2026-03-22 16:38:03 - RQ1 - INFO -   真实数: 1
2026-03-22 16:38:03 - RQ1 - INFO - 
INEFFICIENT_AGGREGATION:
2026-03-22 16:38:03 - RQ1 - INFO -   Precision: 1.0000
2026-03-22 16:38:03 - RQ1 - INFO -   Recall: 1.0000
2026-03-22 16:38:03 - RQ1 - INFO -   F1-score: 1.0000
2026-03-22 16:38:03 - RQ1 - INFO -   预测数: 1
2026-03-22 16:38:03 - RQ1 - INFO -   真实数: 1
2026-03-22 16:38:03 - RQ1 - INFO - 
MISSING_RANDOM_SEED:
2026-03-22 16:38:03 - RQ1 - INFO -   Precision: 1.0000
2026-03-22 16:38:03 - RQ1 - INFO -   Recall: 1.0000
2026-03-22 16:38:03 - RQ1 - INFO -   F1-score: 1.0000
2026-03-22 16:38:03 - RQ1 - INFO -   预测数: 1
2026-03-22 16:38:03 - RQ1 - INFO -   真实数: 1
2026-03-22 16:38:03 - RQ1 - INFO - 
MISSING_VALIDATION:
2026-03-22 16:38:03 - RQ1 - INFO -   Precision: 1.0000
2026-03-22 16:38:03 - RQ1 - INFO -   Recall: 1.0000
2026-03-22 16:38:03 - RQ1 - INFO -   F1-score: 1.0000
2026-03-22 16:38:03 - RQ1 - INFO -   预测数: 1
2026-03-22 16:38:03 - RQ1 - INFO -   真实数: 1
2026-03-22 16:38:03 - RQ1 - INFO - 
MODULE_ORDER_VIOLATION:
2026-03-22 16:38:03 - RQ1 - INFO -   Precision: 1.0000
2026-03-22 16:38:03 - RQ1 - INFO -   Recall: 1.0000
2026-03-22 16:38:03 - RQ1 - INFO -   F1-score: 1.0000
2026-03-22 16:38:03 - RQ1 - INFO -   预测数: 1
2026-03-22 16:38:03 - RQ1 - INFO -   真实数: 1
2026-03-22 16:38:03 - RQ1 - INFO - 
NON_DETERMINISTIC_ORDER:
2026-03-22 16:38:03 - RQ1 - INFO -   Precision: 1.0000
2026-03-22 16:38:03 - RQ1 - INFO -   Recall: 1.0000
2026-03-22 16:38:03 - RQ1 - INFO -   F1-score: 1.0000
2026-03-22 16:38:03 - RQ1 - INFO -   预测数: 1
2026-03-22 16:38:03 - RQ1 - INFO -   真实数: 1
2026-03-22 16:38:03 - RQ1 - INFO - 
REPEATED_TRANSFORM:
2026-03-22 16:38:03 - RQ1 - INFO -   Precision: 1.0000
2026-03-22 16:38:03 - RQ1 - INFO -   Recall: 1.0000
2026-03-22 16:38:03 - RQ1 - INFO -   F1-score: 1.0000
2026-03-22 16:38:03 - RQ1 - INFO -   预测数: 1
2026-03-22 16:38:03 - RQ1 - INFO -   真实数: 1
2026-03-22 16:38:03 - RQ1 - INFO - 
UNNECESSARY_MATERIALIZATION:
2026-03-22 16:38:03 - RQ1 - INFO -   Precision: 1.0000
2026-03-22 16:38:03 - RQ1 - INFO -   Recall: 1.0000
2026-03-22 16:38:03 - RQ1 - INFO -   F1-score: 1.0000
2026-03-22 16:38:03 - RQ1 - INFO -   预测数: 1
2026-03-22 16:38:03 - RQ1 - INFO -   真实数: 1
2026-03-22 16:38:03 - RQ1 - INFO - 
结果已保存到: experiments\results\rq1_external
2026-03-22 16:38:03 - RQ1 - INFO - ================================================================================
2026-03-22 16:38:03 - RQ1 - INFO - RQ1实验完成
2026-03-22 16:38:03 - RQ1 - INFO - ================================================================================
2026-03-22 16:39:51 - RQ1 - INFO - ================================================================================
2026-03-22 16:39:51 - RQ1 - INFO - 开始RQ1实验：检测准确性评估
2026-03-22 16:39:51 - RQ1 - INFO - ================================================================================
2026-03-22 16:39:51 - RQ1 - INFO - 加载Ground Truth数据...
2026-03-22 16:39:51 - RQ1 - INFO - 加载了 22 个Ground Truth Smell
2026-03-22 16:39:51 - RQ1 - INFO - 需要检测 20 个文件
2026-03-22 16:39:51 - RQ1 - INFO - 运行Pipeline-aware检测...
2026-03-22 16:39:51 - RQ1 - INFO - 开始检测 20 个文件
2026-03-22 16:39:51 - RQ1 - INFO - 检测文件: D:\PipeSmell\dataset\example_01_data_leakage.py
2026-03-22 16:39:51 - RQ1 - INFO - 检测到 1 个Smell
2026-03-22 16:39:51 - RQ1 - INFO - 检测文件: D:\PipeSmell\dataset\example_02_missing_random_seed.py
2026-03-22 16:39:51 - RQ1 - INFO - 检测到 1 个Smell
2026-03-22 16:39:51 - RQ1 - INFO - 检测文件: D:\PipeSmell\dataset\example_03_missing_validation.py
2026-03-22 16:39:51 - RQ1 - INFO - 检测到 1 个Smell
2026-03-22 16:39:51 - RQ1 - INFO - 检测文件: D:\PipeSmell\dataset\example_04_repeated_transform.py
2026-03-22 16:39:51 - RQ1 - INFO - 检测到 1 个Smell
2026-03-22 16:39:51 - RQ1 - INFO - 检测文件: D:\PipeSmell\dataset\example_05_missing_evaluation.py
2026-03-22 16:39:51 - RQ1 - INFO - 检测到 1 个Smell
2026-03-22 16:39:51 - RQ1 - INFO - 检测文件: D:\PipeSmell\dataset\example_06_hardcoded_parameters.py
2026-03-22 16:39:51 - RQ1 - INFO - 检测到 1 个Smell
2026-03-22 16:39:51 - RQ1 - INFO - 检测文件: D:\PipeSmell\dataset\example_07_nondeterministic_order.py
2026-03-22 16:39:51 - RQ1 - INFO - 检测到 1 个Smell
2026-03-22 16:39:51 - RQ1 - INFO - 检测文件: D:\PipeSmell\dataset\example_08_inefficient_aggregation.py
2026-03-22 16:39:51 - RQ1 - INFO - 检测到 1 个Smell
2026-03-22 16:39:51 - RQ1 - INFO - 检测文件: D:\PipeSmell\dataset\example_09_missing_data_profiling.py
2026-03-22 16:39:51 - RQ1 - INFO - 检测到 1 个Smell
2026-03-22 16:39:51 - RQ1 - INFO - 检测文件: D:\PipeSmell\dataset\example_10_redundant_operation.py
2026-03-22 16:39:51 - RQ1 - INFO - 检测到 1 个Smell
2026-03-22 16:39:51 - RQ1 - INFO - 检测文件: D:\PipeSmell\dataset\example_11_excessive_copy.py
2026-03-22 16:39:51 - RQ1 - INFO - 检测到 1 个Smell
2026-03-22 16:39:51 - RQ1 - INFO - 检测文件: D:\PipeSmell\dataset\example_12_module_order_violation.py
2026-03-22 16:39:51 - RQ1 - INFO - 检测到 1 个Smell
2026-03-22 16:39:51 - RQ1 - INFO - 检测文件: D:\PipeSmell\dataset\example_13_circular_dependency.py
2026-03-22 16:39:51 - RQ1 - INFO - 检测到 1 个Smell
2026-03-22 16:39:51 - RQ1 - INFO - 检测文件: D:\PipeSmell\dataset\example_14_improper_module_cohesion.py
2026-03-22 16:39:51 - RQ1 - INFO - 检测到 1 个Smell
2026-03-22 16:39:51 - RQ1 - INFO - 检测文件: D:\PipeSmell\dataset\example_15_pipeline_fragmentation.py
2026-03-22 16:39:51 - RQ1 - INFO - 检测到 1 个Smell
2026-03-22 16:39:51 - RQ1 - INFO - 检测文件: D:\PipeSmell\dataset\example_16_unnecessary_materialization.py
2026-03-22 16:39:51 - RQ1 - INFO - 检测到 1 个Smell
2026-03-22 16:39:51 - RQ1 - INFO - 检测文件: D:\PipeSmell\dataset\example_17_large_dataframe_operation.py
2026-03-22 16:39:51 - RQ1 - INFO - 检测到 1 个Smell
2026-03-22 16:39:51 - RQ1 - INFO - 检测文件: D:\PipeSmell\dataset\example_18_lack_version_control.py
2026-03-22 16:39:51 - RQ1 - INFO - 检测到 1 个Smell
2026-03-22 16:39:51 - RQ1 - INFO - 检测文件: D:\PipeSmell\dataset\example_19_clean_pipeline.py
2026-03-22 16:39:51 - RQ1 - INFO - 检测到 0 个Smell
2026-03-22 16:39:51 - RQ1 - INFO - 检测文件: D:\PipeSmell\dataset\example_20_multiple_smells.py
2026-03-22 16:39:51 - RQ1 - INFO - 检测到 4 个Smell
2026-03-22 16:39:51 - RQ1 - INFO - 总共检测到 22 个Smell
2026-03-22 16:39:51 - RQ1 - INFO - 执行评估...
2026-03-22 16:39:51 - RQ1 - INFO - ================================================================================
2026-03-22 16:39:51 - RQ1 - INFO - RQ1实验结果
2026-03-22 16:39:51 - RQ1 - INFO - ================================================================================
2026-03-22 16:39:51 - RQ1 - INFO - 方法: Pipeline-aware
2026-03-22 16:39:51 - RQ1 - INFO - Precision: 1.0000
2026-03-22 16:39:51 - RQ1 - INFO - Recall: 1.0000
2026-03-22 16:39:51 - RQ1 - INFO - F1-score: 1.0000
2026-03-22 16:39:51 - RQ1 - INFO - 总预测数: 22
2026-03-22 16:39:51 - RQ1 - INFO - Ground Truth数: 22
2026-03-22 16:39:51 - RQ1 - INFO - 运行时间: 2.24ms
2026-03-22 16:39:51 - RQ1 - INFO - 
按Smell类型的性能:
2026-03-22 16:39:51 - RQ1 - INFO - --------------------------------------------------------------------------------
2026-03-22 16:39:51 - RQ1 - INFO - 
CIRCULAR_DEPENDENCY:
2026-03-22 16:39:51 - RQ1 - INFO -   Precision: 1.0000
2026-03-22 16:39:51 - RQ1 - INFO -   Recall: 1.0000
2026-03-22 16:39:51 - RQ1 - INFO -   F1-score: 1.0000
2026-03-22 16:39:51 - RQ1 - INFO -   预测数: 1
2026-03-22 16:39:51 - RQ1 - INFO -   真实数: 1
2026-03-22 16:39:51 - RQ1 - INFO - 
DATA_LEAKAGE:
2026-03-22 16:39:51 - RQ1 - INFO -   Precision: 1.0000
2026-03-22 16:39:51 - RQ1 - INFO -   Recall: 1.0000
2026-03-22 16:39:51 - RQ1 - INFO -   F1-score: 1.0000
2026-03-22 16:39:51 - RQ1 - INFO -   预测数: 2
2026-03-22 16:39:51 - RQ1 - INFO -   真实数: 2
2026-03-22 16:39:51 - RQ1 - INFO - 
EXCESSIVE_COPY:
2026-03-22 16:39:51 - RQ1 - INFO -   Precision: 1.0000
2026-03-22 16:39:51 - RQ1 - INFO -   Recall: 1.0000
2026-03-22 16:39:51 - RQ1 - INFO -   F1-score: 1.0000
2026-03-22 16:39:51 - RQ1 - INFO -   预测数: 1
2026-03-22 16:39:51 - RQ1 - INFO -   真实数: 1
2026-03-22 16:39:51 - RQ1 - INFO - 
HARDCODED_PARAMETERS:
2026-03-22 16:39:51 - RQ1 - INFO -   Precision: 1.0000
2026-03-22 16:39:51 - RQ1 - INFO -   Recall: 1.0000
2026-03-22 16:39:51 - RQ1 - INFO -   F1-score: 1.0000
2026-03-22 16:39:51 - RQ1 - INFO -   预测数: 2
2026-03-22 16:39:51 - RQ1 - INFO -   真实数: 2
2026-03-22 16:39:51 - RQ1 - INFO - 
IMPROPER_MODULE_COHESION:
2026-03-22 16:39:51 - RQ1 - INFO -   Precision: 1.0000
2026-03-22 16:39:51 - RQ1 - INFO -   Recall: 1.0000
2026-03-22 16:39:51 - RQ1 - INFO -   F1-score: 1.0000
2026-03-22 16:39:51 - RQ1 - INFO -   预测数: 1
2026-03-22 16:39:51 - RQ1 - INFO -   真实数: 1
2026-03-22 16:39:51 - RQ1 - INFO - 
INEFFICIENT_AGGREGATION:
2026-03-22 16:39:51 - RQ1 - INFO -   Precision: 1.0000
2026-03-22 16:39:51 - RQ1 - INFO -   Recall: 1.0000
2026-03-22 16:39:51 - RQ1 - INFO -   F1-score: 1.0000
2026-03-22 16:39:51 - RQ1 - INFO -   预测数: 1
2026-03-22 16:39:51 - RQ1 - INFO -   真实数: 1
2026-03-22 16:39:51 - RQ1 - INFO - 
LACK_OF_VERSION_CONTROL:
2026-03-22 16:39:51 - RQ1 - INFO -   Precision: 1.0000
2026-03-22 16:39:51 - RQ1 - INFO -   Recall: 1.0000
2026-03-22 16:39:51 - RQ1 - INFO -   F1-score: 1.0000
2026-03-22 16:39:51 - RQ1 - INFO -   预测数: 1
2026-03-22 16:39:51 - RQ1 - INFO -   真实数: 1
2026-03-22 16:39:51 - RQ1 - INFO - 
LARGE_DATA_FRAME_OPERATION:
2026-03-22 16:39:51 - RQ1 - INFO -   Precision: 1.0000
2026-03-22 16:39:51 - RQ1 - INFO -   Recall: 1.0000
2026-03-22 16:39:51 - RQ1 - INFO -   F1-score: 1.0000
2026-03-22 16:39:51 - RQ1 - INFO -   预测数: 1
2026-03-22 16:39:51 - RQ1 - INFO -   真实数: 1
2026-03-22 16:39:51 - RQ1 - INFO - 
MISSING_DATA_PROFILING:
2026-03-22 16:39:51 - RQ1 - INFO -   Precision: 1.0000
2026-03-22 16:39:51 - RQ1 - INFO -   Recall: 1.0000
2026-03-22 16:39:51 - RQ1 - INFO -   F1-score: 1.0000
2026-03-22 16:39:51 - RQ1 - INFO -   预测数: 1
2026-03-22 16:39:51 - RQ1 - INFO -   真实数: 1
2026-03-22 16:39:51 - RQ1 - INFO - 
MISSING_EVALUATION:
2026-03-22 16:39:51 - RQ1 - INFO -   Precision: 1.0000
2026-03-22 16:39:51 - RQ1 - INFO -   Recall: 1.0000
2026-03-22 16:39:51 - RQ1 - INFO -   F1-score: 1.0000
2026-03-22 16:39:51 - RQ1 - INFO -   预测数: 2
2026-03-22 16:39:51 - RQ1 - INFO -   真实数: 2
2026-03-22 16:39:51 - RQ1 - INFO - 
MISSING_RANDOM_SEED:
2026-03-22 16:39:51 - RQ1 - INFO -   Precision: 1.0000
2026-03-22 16:39:51 - RQ1 - INFO -   Recall: 1.0000
2026-03-22 16:39:51 - RQ1 - INFO -   F1-score: 1.0000
2026-03-22 16:39:51 - RQ1 - INFO -   预测数: 2
2026-03-22 16:39:51 - RQ1 - INFO -   真实数: 2
2026-03-22 16:39:51 - RQ1 - INFO - 
MISSING_VALIDATION:
2026-03-22 16:39:51 - RQ1 - INFO -   Precision: 1.0000
2026-03-22 16:39:51 - RQ1 - INFO -   Recall: 1.0000
2026-03-22 16:39:51 - RQ1 - INFO -   F1-score: 1.0000
2026-03-22 16:39:51 - RQ1 - INFO -   预测数: 1
2026-03-22 16:39:51 - RQ1 - INFO -   真实数: 1
2026-03-22 16:39:51 - RQ1 - INFO - 
MODULE_ORDER_VIOLATION:
2026-03-22 16:39:51 - RQ1 - INFO -   Precision: 1.0000
2026-03-22 16:39:51 - RQ1 - INFO -   Recall: 1.0000
2026-03-22 16:39:51 - RQ1 - INFO -   F1-score: 1.0000
2026-03-22 16:39:51 - RQ1 - INFO -   预测数: 1
2026-03-22 16:39:51 - RQ1 - INFO -   真实数: 1
2026-03-22 16:39:51 - RQ1 - INFO - 
NON_DETERMINISTIC_ORDER:
2026-03-22 16:39:51 - RQ1 - INFO -   Precision: 1.0000
2026-03-22 16:39:51 - RQ1 - INFO -   Recall: 1.0000
2026-03-22 16:39:51 - RQ1 - INFO -   F1-score: 1.0000
2026-03-22 16:39:51 - RQ1 - INFO -   预测数: 1
2026-03-22 16:39:51 - RQ1 - INFO -   真实数: 1
2026-03-22 16:39:51 - RQ1 - INFO - 
PIPELINE_FRAGMENTATION:
2026-03-22 16:39:51 - RQ1 - INFO -   Precision: 1.0000
2026-03-22 16:39:51 - RQ1 - INFO -   Recall: 1.0000
2026-03-22 16:39:51 - RQ1 - INFO -   F1-score: 1.0000
2026-03-22 16:39:51 - RQ1 - INFO -   预测数: 1
2026-03-22 16:39:51 - RQ1 - INFO -   真实数: 1
2026-03-22 16:39:51 - RQ1 - INFO - 
REDUNDANT_OPERATION:
2026-03-22 16:39:51 - RQ1 - INFO -   Precision: 1.0000
2026-03-22 16:39:51 - RQ1 - INFO -   Recall: 1.0000
2026-03-22 16:39:51 - RQ1 - INFO -   F1-score: 1.0000
2026-03-22 16:39:51 - RQ1 - INFO -   预测数: 1
2026-03-22 16:39:51 - RQ1 - INFO -   真实数: 1
2026-03-22 16:39:51 - RQ1 - INFO - 
REPEATED_TRANSFORM:
2026-03-22 16:39:51 - RQ1 - INFO -   Precision: 1.0000
2026-03-22 16:39:51 - RQ1 - INFO -   Recall: 1.0000
2026-03-22 16:39:51 - RQ1 - INFO -   F1-score: 1.0000
2026-03-22 16:39:51 - RQ1 - INFO -   预测数: 1
2026-03-22 16:39:51 - RQ1 - INFO -   真实数: 1
2026-03-22 16:39:51 - RQ1 - INFO - 
UNNECESSARY_MATERIALIZATION:
2026-03-22 16:39:51 - RQ1 - INFO -   Precision: 1.0000
2026-03-22 16:39:51 - RQ1 - INFO -   Recall: 1.0000
2026-03-22 16:39:51 - RQ1 - INFO -   F1-score: 1.0000
2026-03-22 16:39:51 - RQ1 - INFO -   预测数: 1
2026-03-22 16:39:51 - RQ1 - INFO -   真实数: 1
2026-03-22 16:39:51 - RQ1 - INFO - 
结果已保存到: experiments\results\rq1
2026-03-22 16:39:51 - RQ1 - INFO - ================================================================================
2026-03-22 16:39:51 - RQ1 - INFO - RQ1实验完成
2026-03-22 16:39:51 - RQ1 - INFO - ================================================================================
2026-03-22 16:39:53 - RQ1 - INFO - ================================================================================
2026-03-22 16:39:53 - RQ1 - INFO - 开始RQ1实验：检测准确性评估
2026-03-22 16:39:53 - RQ1 - INFO - ================================================================================
2026-03-22 16:39:53 - RQ1 - INFO - 加载Ground Truth数据...
2026-03-22 16:39:53 - RQ1 - INFO - 加载了 8 个Ground Truth Smell
2026-03-22 16:39:53 - RQ1 - INFO - 需要检测 9 个文件
2026-03-22 16:39:53 - RQ1 - INFO - 运行Pipeline-aware检测...
2026-03-22 16:39:53 - RQ1 - INFO - 开始检测 9 个文件
2026-03-22 16:39:53 - RQ1 - INFO - 检测文件: D:\PipeSmell\dataset\external\ext_01_data_leakage_style.py
2026-03-22 16:39:53 - RQ1 - INFO - 检测到 1 个Smell
2026-03-22 16:39:53 - RQ1 - INFO - 检测文件: D:\PipeSmell\dataset\external\ext_02_missing_random_seed_style.py
2026-03-22 16:39:53 - RQ1 - INFO - 检测到 1 个Smell
2026-03-22 16:39:53 - RQ1 - INFO - 检测文件: D:\PipeSmell\dataset\external\ext_03_clean_style.py
2026-03-22 16:39:53 - RQ1 - INFO - 检测到 0 个Smell
2026-03-22 16:39:53 - RQ1 - INFO - 检测文件: D:\PipeSmell\dataset\external\ext_04_missing_validation_style.py
2026-03-22 16:39:53 - RQ1 - INFO - 检测到 1 个Smell
2026-03-22 16:39:53 - RQ1 - INFO - 检测文件: D:\PipeSmell\dataset\external\ext_05_inefficient_loop_style.py
2026-03-22 16:39:53 - RQ1 - INFO - 检测到 1 个Smell
2026-03-22 16:39:53 - RQ1 - INFO - 检测文件: D:\PipeSmell\dataset\external\ext_06_repeated_scaler_style.py
2026-03-22 16:39:53 - RQ1 - INFO - 检测到 1 个Smell
2026-03-22 16:39:53 - RQ1 - INFO - 检测文件: D:\PipeSmell\dataset\external\ext_07_nondeterministic_style.py
2026-03-22 16:39:53 - RQ1 - INFO - 检测到 1 个Smell
2026-03-22 16:39:53 - RQ1 - INFO - 检测文件: D:\PipeSmell\dataset\external\ext_08_module_order_style.py
2026-03-22 16:39:53 - RQ1 - INFO - 检测到 1 个Smell
2026-03-22 16:39:53 - RQ1 - INFO - 检测文件: D:\PipeSmell\dataset\external\ext_09_intermediate_csv_style.py
2026-03-22 16:39:53 - RQ1 - INFO - 检测到 1 个Smell
2026-03-22 16:39:53 - RQ1 - INFO - 总共检测到 8 个Smell
2026-03-22 16:39:53 - RQ1 - INFO - 执行评估...
2026-03-22 16:39:53 - RQ1 - INFO - ================================================================================
2026-03-22 16:39:53 - RQ1 - INFO - RQ1实验结果
2026-03-22 16:39:53 - RQ1 - INFO - ================================================================================
2026-03-22 16:39:53 - RQ1 - INFO - 方法: Pipeline-aware
2026-03-22 16:39:53 - RQ1 - INFO - Precision: 1.0000
2026-03-22 16:39:53 - RQ1 - INFO - Recall: 1.0000
2026-03-22 16:39:53 - RQ1 - INFO - F1-score: 1.0000
2026-03-22 16:39:53 - RQ1 - INFO - 总预测数: 8
2026-03-22 16:39:53 - RQ1 - INFO - Ground Truth数: 8
2026-03-22 16:39:53 - RQ1 - INFO - 运行时间: 2.36ms
2026-03-22 16:39:53 - RQ1 - INFO - 
按Smell类型的性能:
2026-03-22 16:39:53 - RQ1 - INFO - --------------------------------------------------------------------------------
2026-03-22 16:39:53 - RQ1 - INFO - 
DATA_LEAKAGE:
2026-03-22 16:39:53 - RQ1 - INFO -   Precision: 1.0000
2026-03-22 16:39:53 - RQ1 - INFO -   Recall: 1.0000
2026-03-22 16:39:53 - RQ1 - INFO -   F1-score: 1.0000
2026-03-22 16:39:53 - RQ1 - INFO -   预测数: 1
2026-03-22 16:39:53 - RQ1 - INFO -   真实数: 1
2026-03-22 16:39:53 - RQ1 - INFO - 
INEFFICIENT_AGGREGATION:
2026-03-22 16:39:53 - RQ1 - INFO -   Precision: 1.0000
2026-03-22 16:39:53 - RQ1 - INFO -   Recall: 1.0000
2026-03-22 16:39:53 - RQ1 - INFO -   F1-score: 1.0000
2026-03-22 16:39:53 - RQ1 - INFO -   预测数: 1
2026-03-22 16:39:53 - RQ1 - INFO -   真实数: 1
2026-03-22 16:39:53 - RQ1 - INFO - 
MISSING_RANDOM_SEED:
2026-03-22 16:39:53 - RQ1 - INFO -   Precision: 1.0000
2026-03-22 16:39:53 - RQ1 - INFO -   Recall: 1.0000
2026-03-22 16:39:53 - RQ1 - INFO -   F1-score: 1.0000
2026-03-22 16:39:53 - RQ1 - INFO -   预测数: 1
2026-03-22 16:39:53 - RQ1 - INFO -   真实数: 1
2026-03-22 16:39:53 - RQ1 - INFO - 
MISSING_VALIDATION:
2026-03-22 16:39:53 - RQ1 - INFO -   Precision: 1.0000
2026-03-22 16:39:53 - RQ1 - INFO -   Recall: 1.0000
2026-03-22 16:39:53 - RQ1 - INFO -   F1-score: 1.0000
2026-03-22 16:39:53 - RQ1 - INFO -   预测数: 1
2026-03-22 16:39:53 - RQ1 - INFO -   真实数: 1
2026-03-22 16:39:53 - RQ1 - INFO - 
MODULE_ORDER_VIOLATION:
2026-03-22 16:39:53 - RQ1 - INFO -   Precision: 1.0000
2026-03-22 16:39:53 - RQ1 - INFO -   Recall: 1.0000
2026-03-22 16:39:53 - RQ1 - INFO -   F1-score: 1.0000
2026-03-22 16:39:53 - RQ1 - INFO -   预测数: 1
2026-03-22 16:39:53 - RQ1 - INFO -   真实数: 1
2026-03-22 16:39:53 - RQ1 - INFO - 
NON_DETERMINISTIC_ORDER:
2026-03-22 16:39:53 - RQ1 - INFO -   Precision: 1.0000
2026-03-22 16:39:53 - RQ1 - INFO -   Recall: 1.0000
2026-03-22 16:39:53 - RQ1 - INFO -   F1-score: 1.0000
2026-03-22 16:39:53 - RQ1 - INFO -   预测数: 1
2026-03-22 16:39:53 - RQ1 - INFO -   真实数: 1
2026-03-22 16:39:53 - RQ1 - INFO - 
REPEATED_TRANSFORM:
2026-03-22 16:39:53 - RQ1 - INFO -   Precision: 1.0000
2026-03-22 16:39:53 - RQ1 - INFO -   Recall: 1.0000
2026-03-22 16:39:53 - RQ1 - INFO -   F1-score: 1.0000
2026-03-22 16:39:54 - RQ1 - INFO -   预测数: 1
2026-03-22 16:39:54 - RQ1 - INFO -   真实数: 1
2026-03-22 16:39:54 - RQ1 - INFO - 
UNNECESSARY_MATERIALIZATION:
2026-03-22 16:39:54 - RQ1 - INFO -   Precision: 1.0000
2026-03-22 16:39:54 - RQ1 - INFO -   Recall: 1.0000
2026-03-22 16:39:54 - RQ1 - INFO -   F1-score: 1.0000
2026-03-22 16:39:54 - RQ1 - INFO -   预测数: 1
2026-03-22 16:39:54 - RQ1 - INFO -   真实数: 1
2026-03-22 16:39:54 - RQ1 - INFO - 
结果已保存到: experiments\results\rq1_external
2026-03-22 16:39:54 - RQ1 - INFO - ================================================================================
2026-03-22 16:39:54 - RQ1 - INFO - RQ1实验完成
2026-03-22 16:39:54 - RQ1 - INFO - ================================================================================
2026-03-22 22:55:40 - RQ1 - INFO - ================================================================================
2026-03-22 22:55:40 - RQ1 - INFO - 开始RQ1实验：检测准确性评估
2026-03-22 22:55:40 - RQ1 - INFO - ================================================================================
2026-03-22 22:55:40 - RQ1 - INFO - 加载Ground Truth数据...
2026-03-22 22:55:40 - RQ1 - INFO - 加载了 44 个Ground Truth Smell
2026-03-22 22:55:40 - RQ1 - INFO - 需要检测 40 个文件
2026-03-22 22:55:40 - RQ1 - INFO - 运行Pipeline-aware检测...
2026-03-22 22:55:40 - RQ1 - INFO - 开始检测 40 个文件
2026-03-22 22:55:40 - RQ1 - INFO - 检测文件: D:\PipeSmell\dataset\example_01_data_leakage.py
2026-03-22 22:55:40 - RQ1 - INFO - 检测到 1 个Smell
2026-03-22 22:55:40 - RQ1 - INFO - 检测文件: D:\PipeSmell\dataset\example_02_missing_random_seed.py
2026-03-22 22:55:40 - RQ1 - INFO - 检测到 1 个Smell
2026-03-22 22:55:40 - RQ1 - INFO - 检测文件: D:\PipeSmell\dataset\example_03_missing_validation.py
2026-03-22 22:55:40 - RQ1 - INFO - 检测到 1 个Smell
2026-03-22 22:55:40 - RQ1 - INFO - 检测文件: D:\PipeSmell\dataset\example_04_repeated_transform.py
2026-03-22 22:55:40 - RQ1 - INFO - 检测到 1 个Smell
2026-03-22 22:55:40 - RQ1 - INFO - 检测文件: D:\PipeSmell\dataset\example_05_missing_evaluation.py
2026-03-22 22:55:40 - RQ1 - INFO - 检测到 1 个Smell
2026-03-22 22:55:40 - RQ1 - INFO - 检测文件: D:\PipeSmell\dataset\example_06_hardcoded_parameters.py
2026-03-22 22:55:40 - RQ1 - INFO - 检测到 1 个Smell
2026-03-22 22:55:40 - RQ1 - INFO - 检测文件: D:\PipeSmell\dataset\example_07_nondeterministic_order.py
2026-03-22 22:55:40 - RQ1 - INFO - 检测到 1 个Smell
2026-03-22 22:55:40 - RQ1 - INFO - 检测文件: D:\PipeSmell\dataset\example_08_inefficient_aggregation.py
2026-03-22 22:55:40 - RQ1 - INFO - 检测到 1 个Smell
2026-03-22 22:55:40 - RQ1 - INFO - 检测文件: D:\PipeSmell\dataset\example_09_missing_data_profiling.py
2026-03-22 22:55:40 - RQ1 - INFO - 检测到 1 个Smell
2026-03-22 22:55:40 - RQ1 - INFO - 检测文件: D:\PipeSmell\dataset\example_10_redundant_operation.py
2026-03-22 22:55:40 - RQ1 - INFO - 检测到 1 个Smell
2026-03-22 22:55:40 - RQ1 - INFO - 检测文件: D:\PipeSmell\dataset\example_11_excessive_copy.py
2026-03-22 22:55:40 - RQ1 - INFO - 检测到 1 个Smell
2026-03-22 22:55:40 - RQ1 - INFO - 检测文件: D:\PipeSmell\dataset\example_12_module_order_violation.py
2026-03-22 22:55:40 - RQ1 - INFO - 检测到 1 个Smell
2026-03-22 22:55:40 - RQ1 - INFO - 检测文件: D:\PipeSmell\dataset\example_13_circular_dependency.py
2026-03-22 22:55:40 - RQ1 - INFO - 检测到 1 个Smell
2026-03-22 22:55:40 - RQ1 - INFO - 检测文件: D:\PipeSmell\dataset\example_14_improper_module_cohesion.py
2026-03-22 22:55:40 - RQ1 - INFO - 检测到 1 个Smell
2026-03-22 22:55:40 - RQ1 - INFO - 检测文件: D:\PipeSmell\dataset\example_15_pipeline_fragmentation.py
2026-03-22 22:55:40 - RQ1 - INFO - 检测到 1 个Smell
2026-03-22 22:55:40 - RQ1 - INFO - 检测文件: D:\PipeSmell\dataset\example_16_unnecessary_materialization.py
2026-03-22 22:55:40 - RQ1 - INFO - 检测到 1 个Smell
2026-03-22 22:55:40 - RQ1 - INFO - 检测文件: D:\PipeSmell\dataset\example_17_large_dataframe_operation.py
2026-03-22 22:55:40 - RQ1 - INFO - 检测到 1 个Smell
2026-03-22 22:55:40 - RQ1 - INFO - 检测文件: D:\PipeSmell\dataset\example_18_lack_version_control.py
2026-03-22 22:55:40 - RQ1 - INFO - 检测到 1 个Smell
2026-03-22 22:55:40 - RQ1 - INFO - 检测文件: D:\PipeSmell\dataset\example_19_clean_pipeline.py
2026-03-22 22:55:40 - RQ1 - INFO - 检测到 0 个Smell
2026-03-22 22:55:40 - RQ1 - INFO - 检测文件: D:\PipeSmell\dataset\example_20_multiple_smells.py
2026-03-22 22:55:40 - RQ1 - INFO - 检测到 4 个Smell
2026-03-22 22:55:40 - RQ1 - INFO - 检测文件: D:\PipeSmell\dataset\example_21_data_leakage_b.py
2026-03-22 22:55:40 - RQ1 - INFO - 检测到 1 个Smell
2026-03-22 22:55:40 - RQ1 - INFO - 检测文件: D:\PipeSmell\dataset\example_22_missing_random_seed_b.py
2026-03-22 22:55:40 - RQ1 - INFO - 检测到 1 个Smell
2026-03-22 22:55:40 - RQ1 - INFO - 检测文件: D:\PipeSmell\dataset\example_23_missing_validation_b.py
2026-03-22 22:55:40 - RQ1 - INFO - 检测到 1 个Smell
2026-03-22 22:55:40 - RQ1 - INFO - 检测文件: D:\PipeSmell\dataset\example_24_repeated_transform_b.py
2026-03-22 22:55:40 - RQ1 - INFO - 检测到 1 个Smell
2026-03-22 22:55:40 - RQ1 - INFO - 检测文件: D:\PipeSmell\dataset\example_25_missing_evaluation_b.py
2026-03-22 22:55:40 - RQ1 - INFO - 检测到 1 个Smell
2026-03-22 22:55:40 - RQ1 - INFO - 检测文件: D:\PipeSmell\dataset\example_26_hardcoded_parameters_b.py
2026-03-22 22:55:40 - RQ1 - INFO - 检测到 1 个Smell
2026-03-22 22:55:40 - RQ1 - INFO - 检测文件: D:\PipeSmell\dataset\example_27_nondeterministic_order_b.py
2026-03-22 22:55:40 - RQ1 - INFO - 检测到 1 个Smell
2026-03-22 22:55:40 - RQ1 - INFO - 检测文件: D:\PipeSmell\dataset\example_28_inefficient_aggregation_b.py
2026-03-22 22:55:40 - RQ1 - INFO - 检测到 1 个Smell
2026-03-22 22:55:40 - RQ1 - INFO - 检测文件: D:\PipeSmell\dataset\example_29_missing_data_profiling_b.py
2026-03-22 22:55:40 - RQ1 - INFO - 检测到 1 个Smell
2026-03-22 22:55:40 - RQ1 - INFO - 检测文件: D:\PipeSmell\dataset\example_30_redundant_operation_b.py
2026-03-22 22:55:40 - RQ1 - INFO - 检测到 1 个Smell
2026-03-22 22:55:40 - RQ1 - INFO - 检测文件: D:\PipeSmell\dataset\example_31_excessive_copy_b.py
2026-03-22 22:55:40 - RQ1 - INFO - 检测到 1 个Smell
2026-03-22 22:55:40 - RQ1 - INFO - 检测文件: D:\PipeSmell\dataset\example_32_module_order_violation_b.py
2026-03-22 22:55:40 - RQ1 - INFO - 检测到 1 个Smell
2026-03-22 22:55:40 - RQ1 - INFO - 检测文件: D:\PipeSmell\dataset\example_33_circular_dependency_b.py
2026-03-22 22:55:40 - RQ1 - INFO - 检测到 1 个Smell
2026-03-22 22:55:40 - RQ1 - INFO - 检测文件: D:\PipeSmell\dataset\example_34_improper_module_cohesion_b.py
2026-03-22 22:55:40 - RQ1 - INFO - 检测到 1 个Smell
2026-03-22 22:55:40 - RQ1 - INFO - 检测文件: D:\PipeSmell\dataset\example_35_pipeline_fragmentation_b.py
2026-03-22 22:55:40 - RQ1 - INFO - 检测到 1 个Smell
2026-03-22 22:55:40 - RQ1 - INFO - 检测文件: D:\PipeSmell\dataset\example_36_unnecessary_materialization_b.py
2026-03-22 22:55:40 - RQ1 - INFO - 检测到 1 个Smell
2026-03-22 22:55:40 - RQ1 - INFO - 检测文件: D:\PipeSmell\dataset\example_37_large_dataframe_operation_b.py
2026-03-22 22:55:40 - RQ1 - INFO - 检测到 1 个Smell
2026-03-22 22:55:40 - RQ1 - INFO - 检测文件: D:\PipeSmell\dataset\example_38_lack_version_control_b.py
2026-03-22 22:55:40 - RQ1 - INFO - 检测到 1 个Smell
2026-03-22 22:55:40 - RQ1 - INFO - 检测文件: D:\PipeSmell\dataset\example_39_clean_pipeline_b.py
2026-03-22 22:55:40 - RQ1 - INFO - 检测到 0 个Smell
2026-03-22 22:55:40 - RQ1 - INFO - 检测文件: D:\PipeSmell\dataset\example_40_multiple_smells_b.py
2026-03-22 22:55:40 - RQ1 - INFO - 检测到 4 个Smell
2026-03-22 22:55:40 - RQ1 - INFO - 总共检测到 44 个Smell
2026-03-22 22:55:40 - RQ1 - INFO - 执行评估...
2026-03-22 22:55:40 - RQ1 - INFO - ================================================================================
2026-03-22 22:55:40 - RQ1 - INFO - RQ1实验结果
2026-03-22 22:55:40 - RQ1 - INFO - ================================================================================
2026-03-22 22:55:40 - RQ1 - INFO - 方法: Pipeline-aware
2026-03-22 22:55:40 - RQ1 - INFO - Precision: 1.0000
2026-03-22 22:55:40 - RQ1 - INFO - Recall: 1.0000
2026-03-22 22:55:40 - RQ1 - INFO - F1-score: 1.0000
2026-03-22 22:55:40 - RQ1 - INFO - 总预测数: 44
2026-03-22 22:55:40 - RQ1 - INFO - Ground Truth数: 44
2026-03-22 22:55:40 - RQ1 - INFO - 运行时间: 19.95ms
2026-03-22 22:55:40 - RQ1 - INFO - 
按Smell类型的性能:
2026-03-22 22:55:40 - RQ1 - INFO - --------------------------------------------------------------------------------
2026-03-22 22:55:40 - RQ1 - INFO - 
CIRCULAR_DEPENDENCY:
2026-03-22 22:55:40 - RQ1 - INFO -   Precision: 1.0000
2026-03-22 22:55:40 - RQ1 - INFO -   Recall: 1.0000
2026-03-22 22:55:40 - RQ1 - INFO -   F1-score: 1.0000
2026-03-22 22:55:40 - RQ1 - INFO -   预测数: 2
2026-03-22 22:55:40 - RQ1 - INFO -   真实数: 2
2026-03-22 22:55:40 - RQ1 - INFO - 
DATA_LEAKAGE:
2026-03-22 22:55:40 - RQ1 - INFO -   Precision: 1.0000
2026-03-22 22:55:40 - RQ1 - INFO -   Recall: 1.0000
2026-03-22 22:55:40 - RQ1 - INFO -   F1-score: 1.0000
2026-03-22 22:55:40 - RQ1 - INFO -   预测数: 4
2026-03-22 22:55:40 - RQ1 - INFO -   真实数: 4
2026-03-22 22:55:40 - RQ1 - INFO - 
EXCESSIVE_COPY:
2026-03-22 22:55:40 - RQ1 - INFO -   Precision: 1.0000
2026-03-22 22:55:40 - RQ1 - INFO -   Recall: 1.0000
2026-03-22 22:55:40 - RQ1 - INFO -   F1-score: 1.0000
2026-03-22 22:55:40 - RQ1 - INFO -   预测数: 2
2026-03-22 22:55:40 - RQ1 - INFO -   真实数: 2
2026-03-22 22:55:40 - RQ1 - INFO - 
HARDCODED_PARAMETERS:
2026-03-22 22:55:40 - RQ1 - INFO -   Precision: 1.0000
2026-03-22 22:55:40 - RQ1 - INFO -   Recall: 1.0000
2026-03-22 22:55:40 - RQ1 - INFO -   F1-score: 1.0000
2026-03-22 22:55:40 - RQ1 - INFO -   预测数: 4
2026-03-22 22:55:40 - RQ1 - INFO -   真实数: 4
2026-03-22 22:55:40 - RQ1 - INFO - 
IMPROPER_MODULE_COHESION:
2026-03-22 22:55:40 - RQ1 - INFO -   Precision: 1.0000
2026-03-22 22:55:40 - RQ1 - INFO -   Recall: 1.0000
2026-03-22 22:55:40 - RQ1 - INFO -   F1-score: 1.0000
2026-03-22 22:55:40 - RQ1 - INFO -   预测数: 2
2026-03-22 22:55:40 - RQ1 - INFO -   真实数: 2
2026-03-22 22:55:40 - RQ1 - INFO - 
INEFFICIENT_AGGREGATION:
2026-03-22 22:55:40 - RQ1 - INFO -   Precision: 1.0000
2026-03-22 22:55:40 - RQ1 - INFO -   Recall: 1.0000
2026-03-22 22:55:40 - RQ1 - INFO -   F1-score: 1.0000
2026-03-22 22:55:40 - RQ1 - INFO -   预测数: 2
2026-03-22 22:55:40 - RQ1 - INFO -   真实数: 2
2026-03-22 22:55:40 - RQ1 - INFO - 
LACK_OF_VERSION_CONTROL:
2026-03-22 22:55:40 - RQ1 - INFO -   Precision: 1.0000
2026-03-22 22:55:40 - RQ1 - INFO -   Recall: 1.0000
2026-03-22 22:55:40 - RQ1 - INFO -   F1-score: 1.0000
2026-03-22 22:55:40 - RQ1 - INFO -   预测数: 2
2026-03-22 22:55:40 - RQ1 - INFO -   真实数: 2
2026-03-22 22:55:40 - RQ1 - INFO - 
LARGE_DATA_FRAME_OPERATION:
2026-03-22 22:55:40 - RQ1 - INFO -   Precision: 1.0000
2026-03-22 22:55:40 - RQ1 - INFO -   Recall: 1.0000
2026-03-22 22:55:40 - RQ1 - INFO -   F1-score: 1.0000
2026-03-22 22:55:40 - RQ1 - INFO -   预测数: 2
2026-03-22 22:55:40 - RQ1 - INFO -   真实数: 2
2026-03-22 22:55:40 - RQ1 - INFO - 
MISSING_DATA_PROFILING:
2026-03-22 22:55:40 - RQ1 - INFO -   Precision: 1.0000
2026-03-22 22:55:40 - RQ1 - INFO -   Recall: 1.0000
2026-03-22 22:55:40 - RQ1 - INFO -   F1-score: 1.0000
2026-03-22 22:55:40 - RQ1 - INFO -   预测数: 2
2026-03-22 22:55:40 - RQ1 - INFO -   真实数: 2
2026-03-22 22:55:40 - RQ1 - INFO - 
MISSING_EVALUATION:
2026-03-22 22:55:40 - RQ1 - INFO -   Precision: 1.0000
2026-03-22 22:55:40 - RQ1 - INFO -   Recall: 1.0000
2026-03-22 22:55:40 - RQ1 - INFO -   F1-score: 1.0000
2026-03-22 22:55:40 - RQ1 - INFO -   预测数: 4
2026-03-22 22:55:40 - RQ1 - INFO -   真实数: 4
2026-03-22 22:55:40 - RQ1 - INFO - 
MISSING_RANDOM_SEED:
2026-03-22 22:55:40 - RQ1 - INFO -   Precision: 1.0000
2026-03-22 22:55:40 - RQ1 - INFO -   Recall: 1.0000
2026-03-22 22:55:40 - RQ1 - INFO -   F1-score: 1.0000
2026-03-22 22:55:40 - RQ1 - INFO -   预测数: 4
2026-03-22 22:55:40 - RQ1 - INFO -   真实数: 4
2026-03-22 22:55:40 - RQ1 - INFO - 
MISSING_VALIDATION:
2026-03-22 22:55:40 - RQ1 - INFO -   Precision: 1.0000
2026-03-22 22:55:40 - RQ1 - INFO -   Recall: 1.0000
2026-03-22 22:55:40 - RQ1 - INFO -   F1-score: 1.0000
2026-03-22 22:55:40 - RQ1 - INFO -   预测数: 2
2026-03-22 22:55:40 - RQ1 - INFO -   真实数: 2
2026-03-22 22:55:40 - RQ1 - INFO - 
MODULE_ORDER_VIOLATION:
2026-03-22 22:55:40 - RQ1 - INFO -   Precision: 1.0000
2026-03-22 22:55:40 - RQ1 - INFO -   Recall: 1.0000
2026-03-22 22:55:40 - RQ1 - INFO -   F1-score: 1.0000
2026-03-22 22:55:40 - RQ1 - INFO -   预测数: 2
2026-03-22 22:55:40 - RQ1 - INFO -   真实数: 2
2026-03-22 22:55:40 - RQ1 - INFO - 
NON_DETERMINISTIC_ORDER:
2026-03-22 22:55:40 - RQ1 - INFO -   Precision: 1.0000
2026-03-22 22:55:40 - RQ1 - INFO -   Recall: 1.0000
2026-03-22 22:55:40 - RQ1 - INFO -   F1-score: 1.0000
2026-03-22 22:55:40 - RQ1 - INFO -   预测数: 2
2026-03-22 22:55:40 - RQ1 - INFO -   真实数: 2
2026-03-22 22:55:40 - RQ1 - INFO - 
PIPELINE_FRAGMENTATION:
2026-03-22 22:55:40 - RQ1 - INFO -   Precision: 1.0000
2026-03-22 22:55:40 - RQ1 - INFO -   Recall: 1.0000
2026-03-22 22:55:40 - RQ1 - INFO -   F1-score: 1.0000
2026-03-22 22:55:40 - RQ1 - INFO -   预测数: 2
2026-03-22 22:55:40 - RQ1 - INFO -   真实数: 2
2026-03-22 22:55:40 - RQ1 - INFO - 
REDUNDANT_OPERATION:
2026-03-22 22:55:40 - RQ1 - INFO -   Precision: 1.0000
2026-03-22 22:55:40 - RQ1 - INFO -   Recall: 1.0000
2026-03-22 22:55:40 - RQ1 - INFO -   F1-score: 1.0000
2026-03-22 22:55:40 - RQ1 - INFO -   预测数: 2
2026-03-22 22:55:40 - RQ1 - INFO -   真实数: 2
2026-03-22 22:55:40 - RQ1 - INFO - 
REPEATED_TRANSFORM:
2026-03-22 22:55:40 - RQ1 - INFO -   Precision: 1.0000
2026-03-22 22:55:40 - RQ1 - INFO -   Recall: 1.0000
2026-03-22 22:55:40 - RQ1 - INFO -   F1-score: 1.0000
2026-03-22 22:55:40 - RQ1 - INFO -   预测数: 2
2026-03-22 22:55:40 - RQ1 - INFO -   真实数: 2
2026-03-22 22:55:40 - RQ1 - INFO - 
UNNECESSARY_MATERIALIZATION:
2026-03-22 22:55:40 - RQ1 - INFO -   Precision: 1.0000
2026-03-22 22:55:40 - RQ1 - INFO -   Recall: 1.0000
2026-03-22 22:55:40 - RQ1 - INFO -   F1-score: 1.0000
2026-03-22 22:55:40 - RQ1 - INFO -   预测数: 2
2026-03-22 22:55:40 - RQ1 - INFO -   真实数: 2
2026-03-22 22:55:40 - RQ1 - INFO - 
结果已保存到: experiments\results\rq1_doubled_test
2026-03-22 22:55:40 - RQ1 - INFO - ================================================================================
2026-03-22 22:55:40 - RQ1 - INFO - RQ1实验完成
2026-03-22 22:55:40 - RQ1 - INFO - ================================================================================
2026-03-22 23:05:13 - RQ1 - INFO - ================================================================================
2026-03-22 23:05:13 - RQ1 - INFO - 开始RQ1实验：检测准确性评估
2026-03-22 23:05:13 - RQ1 - INFO - ================================================================================
2026-03-22 23:05:13 - RQ1 - INFO - 加载Ground Truth数据...
2026-03-22 23:05:13 - RQ1 - INFO - 加载了 44 个Ground Truth Smell
2026-03-22 23:05:13 - RQ1 - INFO - 需要检测 40 个文件
2026-03-22 23:05:13 - RQ1 - INFO - 运行Pipeline-aware检测...
2026-03-22 23:05:13 - RQ1 - INFO - 开始检测 40 个文件
2026-03-22 23:05:13 - RQ1 - INFO - 检测文件: D:\PipeSmell\dataset\example_01_data_leakage.py
2026-03-22 23:05:13 - RQ1 - INFO - 检测到 1 个Smell
2026-03-22 23:05:13 - RQ1 - INFO - 检测文件: D:\PipeSmell\dataset\example_02_missing_random_seed.py
2026-03-22 23:05:13 - RQ1 - INFO - 检测到 1 个Smell
2026-03-22 23:05:13 - RQ1 - INFO - 检测文件: D:\PipeSmell\dataset\example_03_missing_validation.py
2026-03-22 23:05:13 - RQ1 - INFO - 检测到 1 个Smell
2026-03-22 23:05:13 - RQ1 - INFO - 检测文件: D:\PipeSmell\dataset\example_04_repeated_transform.py
2026-03-22 23:05:13 - RQ1 - INFO - 检测到 1 个Smell
2026-03-22 23:05:13 - RQ1 - INFO - 检测文件: D:\PipeSmell\dataset\example_05_missing_evaluation.py
2026-03-22 23:05:13 - RQ1 - INFO - 检测到 1 个Smell
2026-03-22 23:05:13 - RQ1 - INFO - 检测文件: D:\PipeSmell\dataset\example_06_hardcoded_parameters.py
2026-03-22 23:05:13 - RQ1 - INFO - 检测到 1 个Smell
2026-03-22 23:05:13 - RQ1 - INFO - 检测文件: D:\PipeSmell\dataset\example_07_nondeterministic_order.py
2026-03-22 23:05:13 - RQ1 - INFO - 检测到 1 个Smell
2026-03-22 23:05:13 - RQ1 - INFO - 检测文件: D:\PipeSmell\dataset\example_08_inefficient_aggregation.py
2026-03-22 23:05:13 - RQ1 - INFO - 检测到 1 个Smell
2026-03-22 23:05:13 - RQ1 - INFO - 检测文件: D:\PipeSmell\dataset\example_09_missing_data_profiling.py
2026-03-22 23:05:13 - RQ1 - INFO - 检测到 1 个Smell
2026-03-22 23:05:13 - RQ1 - INFO - 检测文件: D:\PipeSmell\dataset\example_10_redundant_operation.py
2026-03-22 23:05:13 - RQ1 - INFO - 检测到 1 个Smell
2026-03-22 23:05:13 - RQ1 - INFO - 检测文件: D:\PipeSmell\dataset\example_11_excessive_copy.py
2026-03-22 23:05:13 - RQ1 - INFO - 检测到 1 个Smell
2026-03-22 23:05:13 - RQ1 - INFO - 检测文件: D:\PipeSmell\dataset\example_12_module_order_violation.py
2026-03-22 23:05:14 - RQ1 - INFO - 检测到 1 个Smell
2026-03-22 23:05:14 - RQ1 - INFO - 检测文件: D:\PipeSmell\dataset\example_13_circular_dependency.py
2026-03-22 23:05:14 - RQ1 - INFO - 检测到 1 个Smell
2026-03-22 23:05:14 - RQ1 - INFO - 检测文件: D:\PipeSmell\dataset\example_14_improper_module_cohesion.py
2026-03-22 23:05:14 - RQ1 - INFO - 检测到 1 个Smell
2026-03-22 23:05:14 - RQ1 - INFO - 检测文件: D:\PipeSmell\dataset\example_15_pipeline_fragmentation.py
2026-03-22 23:05:14 - RQ1 - INFO - 检测到 1 个Smell
2026-03-22 23:05:14 - RQ1 - INFO - 检测文件: D:\PipeSmell\dataset\example_16_unnecessary_materialization.py
2026-03-22 23:05:14 - RQ1 - INFO - 检测到 1 个Smell
2026-03-22 23:05:14 - RQ1 - INFO - 检测文件: D:\PipeSmell\dataset\example_17_large_dataframe_operation.py
2026-03-22 23:05:14 - RQ1 - INFO - 检测到 1 个Smell
2026-03-22 23:05:14 - RQ1 - INFO - 检测文件: D:\PipeSmell\dataset\example_18_lack_version_control.py
2026-03-22 23:05:14 - RQ1 - INFO - 检测到 1 个Smell
2026-03-22 23:05:14 - RQ1 - INFO - 检测文件: D:\PipeSmell\dataset\example_19_clean_pipeline.py
2026-03-22 23:05:14 - RQ1 - INFO - 检测到 0 个Smell
2026-03-22 23:05:14 - RQ1 - INFO - 检测文件: D:\PipeSmell\dataset\example_20_multiple_smells.py
2026-03-22 23:05:14 - RQ1 - INFO - 检测到 4 个Smell
2026-03-22 23:05:14 - RQ1 - INFO - 检测文件: D:\PipeSmell\dataset\example_21_data_leakage_b.py
2026-03-22 23:05:14 - RQ1 - INFO - 检测到 1 个Smell
2026-03-22 23:05:14 - RQ1 - INFO - 检测文件: D:\PipeSmell\dataset\example_22_missing_random_seed_b.py
2026-03-22 23:05:14 - RQ1 - INFO - 检测到 1 个Smell
2026-03-22 23:05:14 - RQ1 - INFO - 检测文件: D:\PipeSmell\dataset\example_23_missing_validation_b.py
2026-03-22 23:05:14 - RQ1 - INFO - 检测到 1 个Smell
2026-03-22 23:05:14 - RQ1 - INFO - 检测文件: D:\PipeSmell\dataset\example_24_repeated_transform_b.py
2026-03-22 23:05:14 - RQ1 - INFO - 检测到 1 个Smell
2026-03-22 23:05:14 - RQ1 - INFO - 检测文件: D:\PipeSmell\dataset\example_25_missing_evaluation_b.py
2026-03-22 23:05:14 - RQ1 - INFO - 检测到 1 个Smell
2026-03-22 23:05:14 - RQ1 - INFO - 检测文件: D:\PipeSmell\dataset\example_26_hardcoded_parameters_b.py
2026-03-22 23:05:14 - RQ1 - INFO - 检测到 1 个Smell
2026-03-22 23:05:14 - RQ1 - INFO - 检测文件: D:\PipeSmell\dataset\example_27_nondeterministic_order_b.py
2026-03-22 23:05:14 - RQ1 - INFO - 检测到 1 个Smell
2026-03-22 23:05:14 - RQ1 - INFO - 检测文件: D:\PipeSmell\dataset\example_28_inefficient_aggregation_b.py
2026-03-22 23:05:14 - RQ1 - INFO - 检测到 1 个Smell
2026-03-22 23:05:14 - RQ1 - INFO - 检测文件: D:\PipeSmell\dataset\example_29_missing_data_profiling_b.py
2026-03-22 23:05:14 - RQ1 - INFO - 检测到 1 个Smell
2026-03-22 23:05:14 - RQ1 - INFO - 检测文件: D:\PipeSmell\dataset\example_30_redundant_operation_b.py
2026-03-22 23:05:14 - RQ1 - INFO - 检测到 1 个Smell
2026-03-22 23:05:14 - RQ1 - INFO - 检测文件: D:\PipeSmell\dataset\example_31_excessive_copy_b.py
2026-03-22 23:05:14 - RQ1 - INFO - 检测到 1 个Smell
2026-03-22 23:05:14 - RQ1 - INFO - 检测文件: D:\PipeSmell\dataset\example_32_module_order_violation_b.py
2026-03-22 23:05:14 - RQ1 - INFO - 检测到 1 个Smell
2026-03-22 23:05:14 - RQ1 - INFO - 检测文件: D:\PipeSmell\dataset\example_33_circular_dependency_b.py
2026-03-22 23:05:14 - RQ1 - INFO - 检测到 1 个Smell
2026-03-22 23:05:14 - RQ1 - INFO - 检测文件: D:\PipeSmell\dataset\example_34_improper_module_cohesion_b.py
2026-03-22 23:05:14 - RQ1 - INFO - 检测到 1 个Smell
2026-03-22 23:05:14 - RQ1 - INFO - 检测文件: D:\PipeSmell\dataset\example_35_pipeline_fragmentation_b.py
2026-03-22 23:05:14 - RQ1 - INFO - 检测到 1 个Smell
2026-03-22 23:05:14 - RQ1 - INFO - 检测文件: D:\PipeSmell\dataset\example_36_unnecessary_materialization_b.py
2026-03-22 23:05:14 - RQ1 - INFO - 检测到 1 个Smell
2026-03-22 23:05:14 - RQ1 - INFO - 检测文件: D:\PipeSmell\dataset\example_37_large_dataframe_operation_b.py
2026-03-22 23:05:14 - RQ1 - INFO - 检测到 1 个Smell
2026-03-22 23:05:14 - RQ1 - INFO - 检测文件: D:\PipeSmell\dataset\example_38_lack_version_control_b.py
2026-03-22 23:05:14 - RQ1 - INFO - 检测到 1 个Smell
2026-03-22 23:05:14 - RQ1 - INFO - 检测文件: D:\PipeSmell\dataset\example_39_clean_pipeline_b.py
2026-03-22 23:05:14 - RQ1 - INFO - 检测到 0 个Smell
2026-03-22 23:05:14 - RQ1 - INFO - 检测文件: D:\PipeSmell\dataset\example_40_multiple_smells_b.py
2026-03-22 23:05:14 - RQ1 - INFO - 检测到 4 个Smell
2026-03-22 23:05:14 - RQ1 - INFO - 总共检测到 44 个Smell
2026-03-22 23:05:14 - RQ1 - INFO - 执行评估...
2026-03-22 23:05:14 - RQ1 - INFO - ================================================================================
2026-03-22 23:05:14 - RQ1 - INFO - RQ1实验结果
2026-03-22 23:05:14 - RQ1 - INFO - ================================================================================
2026-03-22 23:05:14 - RQ1 - INFO - 方法: Pipeline-aware
2026-03-22 23:05:14 - RQ1 - INFO - Precision: 1.0000
2026-03-22 23:05:14 - RQ1 - INFO - Recall: 1.0000
2026-03-22 23:05:14 - RQ1 - INFO - F1-score: 1.0000
2026-03-22 23:05:14 - RQ1 - INFO - 总预测数: 44
2026-03-22 23:05:14 - RQ1 - INFO - Ground Truth数: 44
2026-03-22 23:05:14 - RQ1 - INFO - 运行时间: 1.00ms
2026-03-22 23:05:14 - RQ1 - INFO - 
按Smell类型的性能:
2026-03-22 23:05:14 - RQ1 - INFO - --------------------------------------------------------------------------------
2026-03-22 23:05:14 - RQ1 - INFO - 
CIRCULAR_DEPENDENCY:
2026-03-22 23:05:14 - RQ1 - INFO -   Precision: 1.0000
2026-03-22 23:05:14 - RQ1 - INFO -   Recall: 1.0000
2026-03-22 23:05:14 - RQ1 - INFO -   F1-score: 1.0000
2026-03-22 23:05:14 - RQ1 - INFO -   预测数: 2
2026-03-22 23:05:14 - RQ1 - INFO -   真实数: 2
2026-03-22 23:05:14 - RQ1 - INFO - 
DATA_LEAKAGE:
2026-03-22 23:05:14 - RQ1 - INFO -   Precision: 1.0000
2026-03-22 23:05:14 - RQ1 - INFO -   Recall: 1.0000
2026-03-22 23:05:14 - RQ1 - INFO -   F1-score: 1.0000
2026-03-22 23:05:14 - RQ1 - INFO -   预测数: 4
2026-03-22 23:05:14 - RQ1 - INFO -   真实数: 4
2026-03-22 23:05:14 - RQ1 - INFO - 
EXCESSIVE_COPY:
2026-03-22 23:05:14 - RQ1 - INFO -   Precision: 1.0000
2026-03-22 23:05:14 - RQ1 - INFO -   Recall: 1.0000
2026-03-22 23:05:14 - RQ1 - INFO -   F1-score: 1.0000
2026-03-22 23:05:14 - RQ1 - INFO -   预测数: 2
2026-03-22 23:05:14 - RQ1 - INFO -   真实数: 2
2026-03-22 23:05:14 - RQ1 - INFO - 
HARDCODED_PARAMETERS:
2026-03-22 23:05:14 - RQ1 - INFO -   Precision: 1.0000
2026-03-22 23:05:14 - RQ1 - INFO -   Recall: 1.0000
2026-03-22 23:05:14 - RQ1 - INFO -   F1-score: 1.0000
2026-03-22 23:05:14 - RQ1 - INFO -   预测数: 4
2026-03-22 23:05:14 - RQ1 - INFO -   真实数: 4
2026-03-22 23:05:14 - RQ1 - INFO - 
IMPROPER_MODULE_COHESION:
2026-03-22 23:05:14 - RQ1 - INFO -   Precision: 1.0000
2026-03-22 23:05:14 - RQ1 - INFO -   Recall: 1.0000
2026-03-22 23:05:14 - RQ1 - INFO -   F1-score: 1.0000
2026-03-22 23:05:14 - RQ1 - INFO -   预测数: 2
2026-03-22 23:05:14 - RQ1 - INFO -   真实数: 2
2026-03-22 23:05:14 - RQ1 - INFO - 
INEFFICIENT_AGGREGATION:
2026-03-22 23:05:14 - RQ1 - INFO -   Precision: 1.0000
2026-03-22 23:05:14 - RQ1 - INFO -   Recall: 1.0000
2026-03-22 23:05:14 - RQ1 - INFO -   F1-score: 1.0000
2026-03-22 23:05:14 - RQ1 - INFO -   预测数: 2
2026-03-22 23:05:14 - RQ1 - INFO -   真实数: 2
2026-03-22 23:05:14 - RQ1 - INFO - 
LACK_OF_VERSION_CONTROL:
2026-03-22 23:05:14 - RQ1 - INFO -   Precision: 1.0000
2026-03-22 23:05:14 - RQ1 - INFO -   Recall: 1.0000
2026-03-22 23:05:14 - RQ1 - INFO -   F1-score: 1.0000
2026-03-22 23:05:14 - RQ1 - INFO -   预测数: 2
2026-03-22 23:05:14 - RQ1 - INFO -   真实数: 2
2026-03-22 23:05:14 - RQ1 - INFO - 
LARGE_DATA_FRAME_OPERATION:
2026-03-22 23:05:14 - RQ1 - INFO -   Precision: 1.0000
2026-03-22 23:05:14 - RQ1 - INFO -   Recall: 1.0000
2026-03-22 23:05:14 - RQ1 - INFO -   F1-score: 1.0000
2026-03-22 23:05:14 - RQ1 - INFO -   预测数: 2
2026-03-22 23:05:14 - RQ1 - INFO -   真实数: 2
2026-03-22 23:05:14 - RQ1 - INFO - 
MISSING_DATA_PROFILING:
2026-03-22 23:05:14 - RQ1 - INFO -   Precision: 1.0000
2026-03-22 23:05:14 - RQ1 - INFO -   Recall: 1.0000
2026-03-22 23:05:14 - RQ1 - INFO -   F1-score: 1.0000
2026-03-22 23:05:14 - RQ1 - INFO -   预测数: 2
2026-03-22 23:05:14 - RQ1 - INFO -   真实数: 2
2026-03-22 23:05:14 - RQ1 - INFO - 
MISSING_EVALUATION:
2026-03-22 23:05:14 - RQ1 - INFO -   Precision: 1.0000
2026-03-22 23:05:14 - RQ1 - INFO -   Recall: 1.0000
2026-03-22 23:05:14 - RQ1 - INFO -   F1-score: 1.0000
2026-03-22 23:05:14 - RQ1 - INFO -   预测数: 4
2026-03-22 23:05:14 - RQ1 - INFO -   真实数: 4
2026-03-22 23:05:14 - RQ1 - INFO - 
MISSING_RANDOM_SEED:
2026-03-22 23:05:14 - RQ1 - INFO -   Precision: 1.0000
2026-03-22 23:05:14 - RQ1 - INFO -   Recall: 1.0000
2026-03-22 23:05:14 - RQ1 - INFO -   F1-score: 1.0000
2026-03-22 23:05:14 - RQ1 - INFO -   预测数: 4
2026-03-22 23:05:14 - RQ1 - INFO -   真实数: 4
2026-03-22 23:05:14 - RQ1 - INFO - 
MISSING_VALIDATION:
2026-03-22 23:05:14 - RQ1 - INFO -   Precision: 1.0000
2026-03-22 23:05:14 - RQ1 - INFO -   Recall: 1.0000
2026-03-22 23:05:14 - RQ1 - INFO -   F1-score: 1.0000
2026-03-22 23:05:14 - RQ1 - INFO -   预测数: 2
2026-03-22 23:05:14 - RQ1 - INFO -   真实数: 2
2026-03-22 23:05:14 - RQ1 - INFO - 
MODULE_ORDER_VIOLATION:
2026-03-22 23:05:14 - RQ1 - INFO -   Precision: 1.0000
2026-03-22 23:05:14 - RQ1 - INFO -   Recall: 1.0000
2026-03-22 23:05:14 - RQ1 - INFO -   F1-score: 1.0000
2026-03-22 23:05:14 - RQ1 - INFO -   预测数: 2
2026-03-22 23:05:14 - RQ1 - INFO -   真实数: 2
2026-03-22 23:05:14 - RQ1 - INFO - 
NON_DETERMINISTIC_ORDER:
2026-03-22 23:05:14 - RQ1 - INFO -   Precision: 1.0000
2026-03-22 23:05:14 - RQ1 - INFO -   Recall: 1.0000
2026-03-22 23:05:14 - RQ1 - INFO -   F1-score: 1.0000
2026-03-22 23:05:14 - RQ1 - INFO -   预测数: 2
2026-03-22 23:05:14 - RQ1 - INFO -   真实数: 2
2026-03-22 23:05:14 - RQ1 - INFO - 
PIPELINE_FRAGMENTATION:
2026-03-22 23:05:14 - RQ1 - INFO -   Precision: 1.0000
2026-03-22 23:05:14 - RQ1 - INFO -   Recall: 1.0000
2026-03-22 23:05:14 - RQ1 - INFO -   F1-score: 1.0000
2026-03-22 23:05:14 - RQ1 - INFO -   预测数: 2
2026-03-22 23:05:14 - RQ1 - INFO -   真实数: 2
2026-03-22 23:05:14 - RQ1 - INFO - 
REDUNDANT_OPERATION:
2026-03-22 23:05:14 - RQ1 - INFO -   Precision: 1.0000
2026-03-22 23:05:14 - RQ1 - INFO -   Recall: 1.0000
2026-03-22 23:05:14 - RQ1 - INFO -   F1-score: 1.0000
2026-03-22 23:05:14 - RQ1 - INFO -   预测数: 2
2026-03-22 23:05:14 - RQ1 - INFO -   真实数: 2
2026-03-22 23:05:14 - RQ1 - INFO - 
REPEATED_TRANSFORM:
2026-03-22 23:05:14 - RQ1 - INFO -   Precision: 1.0000
2026-03-22 23:05:14 - RQ1 - INFO -   Recall: 1.0000
2026-03-22 23:05:14 - RQ1 - INFO -   F1-score: 1.0000
2026-03-22 23:05:14 - RQ1 - INFO -   预测数: 2
2026-03-22 23:05:14 - RQ1 - INFO -   真实数: 2
2026-03-22 23:05:14 - RQ1 - INFO - 
UNNECESSARY_MATERIALIZATION:
2026-03-22 23:05:14 - RQ1 - INFO -   Precision: 1.0000
2026-03-22 23:05:14 - RQ1 - INFO -   Recall: 1.0000
2026-03-22 23:05:14 - RQ1 - INFO -   F1-score: 1.0000
2026-03-22 23:05:14 - RQ1 - INFO -   预测数: 2
2026-03-22 23:05:14 - RQ1 - INFO -   真实数: 2
2026-03-22 23:05:14 - RQ1 - INFO - 
结果已保存到: experiments\results\rq1
2026-03-22 23:05:14 - RQ1 - INFO - ================================================================================
2026-03-22 23:05:14 - RQ1 - INFO - RQ1实验完成
2026-03-22 23:05:14 - RQ1 - INFO - ================================================================================
